target_lang	family	template	benchmark	data	instr	matched_instr	matched_diagonal	acc_5k_mean	n_seeds_5k	acc_20k_mean	n_seeds_20k	delta_20k_minus_5k
en	condition-1-en	1	belebele	en	en	y	y	0.7781	3	0.7767	1	-0.0015
en	condition-1-en	1	belebele	en	es	n	n	0.7604	3	0.7611	1	+0.0007
en	condition-1-en	1	belebele	en	ur	n	n	0.7548	3	0.7611	1	+0.0063
en	condition-1-en	1	belebele	en	zh	n	n	0.7885	3	0.7900	1	+0.0015
en	condition-1-en	1	belebele	es	en	y	n	0.7000	3	0.7000	1	+0.0000
en	condition-1-en	1	belebele	es	es	n	y	0.6719	3	0.6667	1	-0.0052
en	condition-1-en	1	belebele	es	ur	n	n	0.6422	3	0.6344	1	-0.0078
en	condition-1-en	1	belebele	es	zh	n	n	0.6937	3	0.6989	1	+0.0052
en	condition-1-en	1	belebele	ur	en	y	n	0.6130	3	0.6144	1	+0.0015
en	condition-1-en	1	belebele	ur	es	n	n	0.5356	3	0.5389	1	+0.0033
en	condition-1-en	1	belebele	ur	ur	n	y	0.5367	3	0.5233	1	-0.0133
en	condition-1-en	1	belebele	ur	zh	n	n	0.5996	3	0.5944	1	-0.0052
en	condition-1-en	1	belebele	zh	en	y	n	0.7596	3	0.7600	1	+0.0004
en	condition-1-en	1	belebele	zh	es	n	n	0.7044	3	0.7011	1	-0.0033
en	condition-1-en	1	belebele	zh	ur	n	n	0.7144	3	0.7044	1	-0.0100
en	condition-1-en	1	belebele	zh	zh	n	y	0.7752	3	0.7656	1	-0.0096
en	condition-1-en	1	csqa	en	en	y	y	0.6120	3	0.6150	1	+0.0030
en	condition-1-en	1	csqa	en	es	n	n	0.6117	3	0.6140	1	+0.0023
en	condition-1-en	1	csqa	en	ur	n	n	0.5920	3	0.5930	1	+0.0010
en	condition-1-en	1	csqa	en	zh	n	n	0.6447	3	0.6520	1	+0.0073
en	condition-1-en	1	csqa	es	en	y	n	0.5303	3	0.5370	1	+0.0067
en	condition-1-en	1	csqa	es	es	n	y	0.5333	3	0.5230	1	-0.0103
en	condition-1-en	1	csqa	es	ur	n	n	0.4823	3	0.4830	1	+0.0007
en	condition-1-en	1	csqa	es	zh	n	n	0.5480	3	0.5530	1	+0.0050
en	condition-1-en	1	csqa	ur	en	y	n	0.4237	3	0.4320	1	+0.0083
en	condition-1-en	1	csqa	ur	es	n	n	0.3970	3	0.3940	1	-0.0030
en	condition-1-en	1	csqa	ur	ur	n	y	0.4090	3	0.4020	1	-0.0070
en	condition-1-en	1	csqa	ur	zh	n	n	0.3867	3	0.3960	1	+0.0093
en	condition-1-en	1	csqa	zh	en	y	n	0.5527	3	0.5490	1	-0.0037
en	condition-1-en	1	csqa	zh	es	n	n	0.5067	3	0.5110	1	+0.0043
en	condition-1-en	1	csqa	zh	ur	n	n	0.4820	3	0.4830	1	+0.0010
en	condition-1-en	1	csqa	zh	zh	n	y	0.5267	3	0.5360	1	+0.0093
en	condition-1-en	1	sib200	en	en	y	y	0.7533	3	0.7549	1	+0.0016
en	condition-1-en	1	sib200	en	es	n	n	0.6487	3	0.6176	1	-0.0310
en	condition-1-en	1	sib200	en	ur	n	n	0.4804	3	0.4951	1	+0.0147
en	condition-1-en	1	sib200	en	zh	n	n	0.7059	3	0.6961	1	-0.0098
en	condition-1-en	1	sib200	es	en	y	n	0.7582	3	0.7745	1	+0.0163
en	condition-1-en	1	sib200	es	es	n	y	0.6389	3	0.6029	1	-0.0359
en	condition-1-en	1	sib200	es	ur	n	n	0.4935	3	0.5147	1	+0.0212
en	condition-1-en	1	sib200	es	zh	n	n	0.6324	3	0.6225	1	-0.0098
en	condition-1-en	1	sib200	ur	en	y	n	0.6895	3	0.6863	1	-0.0033
en	condition-1-en	1	sib200	ur	es	n	n	0.5180	3	0.5000	1	-0.0180
en	condition-1-en	1	sib200	ur	ur	n	y	0.5588	3	0.5686	1	+0.0098
en	condition-1-en	1	sib200	ur	zh	n	n	0.5539	3	0.5245	1	-0.0294
en	condition-1-en	1	sib200	zh	en	y	n	0.7500	3	0.7647	1	+0.0147
en	condition-1-en	1	sib200	zh	es	n	n	0.5735	3	0.5490	1	-0.0245
en	condition-1-en	1	sib200	zh	ur	n	n	0.5245	3	0.5294	1	+0.0049
en	condition-1-en	1	sib200	zh	zh	n	y	0.6650	3	0.6471	1	-0.0180
en	condition-1-en	1	xnli	en	en	y	y	0.5226	3	0.5166	1	-0.0061
en	condition-1-en	1	xnli	en	es	n	n	0.4161	3	0.4457	1	+0.0296
en	condition-1-en	1	xnli	en	ur	n	n	0.4253	3	0.4677	1	+0.0424
en	condition-1-en	1	xnli	en	zh	n	n	0.3340	3	0.3329	1	-0.0011
en	condition-1-en	1	xnli	es	en	y	n	0.4687	3	0.4677	1	-0.0011
en	condition-1-en	1	xnli	es	es	n	y	0.4623	3	0.4758	1	+0.0135
en	condition-1-en	1	xnli	es	ur	n	n	0.3516	3	0.3752	1	+0.0237
en	condition-1-en	1	xnli	es	zh	n	n	0.3343	3	0.3337	1	-0.0005
en	condition-1-en	1	xnli	ur	en	y	n	0.4375	3	0.4379	1	+0.0004
en	condition-1-en	1	xnli	ur	es	n	n	0.3844	3	0.4060	1	+0.0216
en	condition-1-en	1	xnli	ur	ur	n	y	0.3336	3	0.3403	1	+0.0067
en	condition-1-en	1	xnli	ur	zh	n	n	0.3331	3	0.3333	1	+0.0002
en	condition-1-en	1	xnli	zh	en	y	n	0.4034	3	0.4120	1	+0.0086
en	condition-1-en	1	xnli	zh	es	n	n	0.3333	3	0.3337	1	+0.0004
en	condition-1-en	1	xnli	zh	ur	n	n	0.3373	3	0.3423	1	+0.0051
en	condition-1-en	1	xnli	zh	zh	n	y	0.3349	3	0.3331	1	-0.0018
en	condition-1-en	2	belebele	en	en	y	y	0.7870	3	0.7922	1	+0.0052
en	condition-1-en	2	belebele	en	es	n	n	0.7830	3	0.7789	1	-0.0041
en	condition-1-en	2	belebele	en	ur	n	n	0.7611	3	0.7600	1	-0.0011
en	condition-1-en	2	belebele	en	zh	n	n	0.8015	3	0.7967	1	-0.0048
en	condition-1-en	2	belebele	es	en	y	n	0.7096	3	0.7189	1	+0.0093
en	condition-1-en	2	belebele	es	es	n	y	0.6952	3	0.6833	1	-0.0119
en	condition-1-en	2	belebele	es	ur	n	n	0.6456	3	0.6422	1	-0.0033
en	condition-1-en	2	belebele	es	zh	n	n	0.7193	3	0.7156	1	-0.0037
en	condition-1-en	2	belebele	ur	en	y	n	0.6200	3	0.6222	1	+0.0022
en	condition-1-en	2	belebele	ur	es	n	n	0.5622	3	0.5656	1	+0.0033
en	condition-1-en	2	belebele	ur	ur	n	y	0.5256	3	0.5156	1	-0.0100
en	condition-1-en	2	belebele	ur	zh	n	n	0.6030	3	0.6056	1	+0.0026
en	condition-1-en	2	belebele	zh	en	y	n	0.7637	3	0.7622	1	-0.0015
en	condition-1-en	2	belebele	zh	es	n	n	0.7352	3	0.7344	1	-0.0007
en	condition-1-en	2	belebele	zh	ur	n	n	0.7093	3	0.7033	1	-0.0059
en	condition-1-en	2	belebele	zh	zh	n	y	0.7578	3	0.7633	1	+0.0056
en	condition-1-en	2	csqa	en	en	y	y	0.6113	3	0.6160	1	+0.0047
en	condition-1-en	2	csqa	en	es	n	n	0.6187	3	0.6210	1	+0.0023
en	condition-1-en	2	csqa	en	ur	n	n	0.5860	3	0.5820	1	-0.0040
en	condition-1-en	2	csqa	en	zh	n	n	0.6363	3	0.6340	1	-0.0023
en	condition-1-en	2	csqa	es	en	y	n	0.5260	3	0.5270	1	+0.0010
en	condition-1-en	2	csqa	es	es	n	y	0.5340	3	0.5350	1	+0.0010
en	condition-1-en	2	csqa	es	ur	n	n	0.4830	3	0.4830	1	+0.0000
en	condition-1-en	2	csqa	es	zh	n	n	0.5293	3	0.5350	1	+0.0057
en	condition-1-en	2	csqa	ur	en	y	n	0.4197	3	0.4210	1	+0.0013
en	condition-1-en	2	csqa	ur	es	n	n	0.3940	3	0.3920	1	-0.0020
en	condition-1-en	2	csqa	ur	ur	n	y	0.3920	3	0.4000	1	+0.0080
en	condition-1-en	2	csqa	ur	zh	n	n	0.4030	3	0.4080	1	+0.0050
en	condition-1-en	2	csqa	zh	en	y	n	0.5323	3	0.5410	1	+0.0087
en	condition-1-en	2	csqa	zh	es	n	n	0.5043	3	0.5040	1	-0.0003
en	condition-1-en	2	csqa	zh	ur	n	n	0.4663	3	0.4750	1	+0.0087
en	condition-1-en	2	csqa	zh	zh	n	y	0.5343	3	0.5370	1	+0.0027
en	condition-1-en	2	sib200	en	en	y	y	0.7092	3	0.6863	1	-0.0229
en	condition-1-en	2	sib200	en	es	n	n	0.5131	3	0.4657	1	-0.0474
en	condition-1-en	2	sib200	en	ur	n	n	0.4232	3	0.4559	1	+0.0327
en	condition-1-en	2	sib200	en	zh	n	n	0.6503	3	0.6373	1	-0.0131
en	condition-1-en	2	sib200	es	en	y	n	0.6585	3	0.6422	1	-0.0163
en	condition-1-en	2	sib200	es	es	n	y	0.5000	3	0.4608	1	-0.0392
en	condition-1-en	2	sib200	es	ur	n	n	0.3693	3	0.4118	1	+0.0425
en	condition-1-en	2	sib200	es	zh	n	n	0.5752	3	0.5833	1	+0.0082
en	condition-1-en	2	sib200	ur	en	y	n	0.6667	3	0.6471	1	-0.0196
en	condition-1-en	2	sib200	ur	es	n	n	0.5637	3	0.5196	1	-0.0441
en	condition-1-en	2	sib200	ur	ur	n	y	0.5441	3	0.5637	1	+0.0196
en	condition-1-en	2	sib200	ur	zh	n	n	0.5294	3	0.5049	1	-0.0245
en	condition-1-en	2	sib200	zh	en	y	n	0.6716	3	0.6324	1	-0.0392
en	condition-1-en	2	sib200	zh	es	n	n	0.5376	3	0.5196	1	-0.0180
en	condition-1-en	2	sib200	zh	ur	n	n	0.4853	3	0.4951	1	+0.0098
en	condition-1-en	2	sib200	zh	zh	n	y	0.6242	3	0.6176	1	-0.0065
en	condition-1-en	2	xnli	en	en	y	y	0.3565	3	0.3447	1	-0.0118
en	condition-1-en	2	xnli	en	es	n	n	0.3904	3	0.3752	1	-0.0151
en	condition-1-en	2	xnli	en	ur	n	n	0.2512	3	0.2493	1	-0.0019
en	condition-1-en	2	xnli	en	zh	n	n	0.3840	3	0.3271	1	-0.0568
en	condition-1-en	2	xnli	es	en	y	n	0.3547	3	0.3441	1	-0.0106
en	condition-1-en	2	xnli	es	es	n	y	0.3766	3	0.3607	1	-0.0160
en	condition-1-en	2	xnli	es	ur	n	n	0.3191	3	0.3140	1	-0.0051
en	condition-1-en	2	xnli	es	zh	n	n	0.3463	3	0.2715	1	-0.0749
en	condition-1-en	2	xnli	ur	en	y	n	0.3330	3	0.3325	1	-0.0005
en	condition-1-en	2	xnli	ur	es	n	n	0.3744	3	0.3697	1	-0.0047
en	condition-1-en	2	xnli	ur	ur	n	y	0.3246	3	0.3248	1	+0.0001
en	condition-1-en	2	xnli	ur	zh	n	n	0.2758	3	0.2629	1	-0.0130
en	condition-1-en	2	xnli	zh	en	y	n	0.4415	3	0.4042	1	-0.0373
en	condition-1-en	2	xnli	zh	es	n	n	0.3677	3	0.3870	1	+0.0193
en	condition-1-en	2	xnli	zh	ur	n	n	0.3365	3	0.3363	1	-0.0001
en	condition-1-en	2	xnli	zh	zh	n	y	0.2910	3	0.2868	1	-0.0041
es	condition-2-es	1	belebele	en	en	n	y	0.7826	3	0.7878	1	+0.0052
es	condition-2-es	1	belebele	en	es	y	n	0.7704	3	0.7744	1	+0.0041
es	condition-2-es	1	belebele	es	en	n	n	0.7074	3	0.7022	1	-0.0052
es	condition-2-es	1	belebele	es	es	y	y	0.6744	3	0.6678	1	-0.0067
es	condition-2-es	1	belebele	ur	en	n	n	0.6111	3	0.6089	1	-0.0022
es	condition-2-es	1	belebele	ur	es	y	n	0.5596	3	0.5444	1	-0.0152
es	condition-2-es	1	belebele	zh	en	n	n	0.7593	3	0.7556	1	-0.0037
es	condition-2-es	1	belebele	zh	es	y	n	0.7222	3	0.7156	1	-0.0067
es	condition-2-es	1	csqa	en	en	n	y	0.6063	3	0.6010	1	-0.0053
es	condition-2-es	1	csqa	en	es	y	n	0.6040	3	0.6100	1	+0.0060
es	condition-2-es	1	csqa	es	en	n	n	0.5330	3	0.5360	1	+0.0030
es	condition-2-es	1	csqa	es	es	y	y	0.5387	3	0.5400	1	+0.0013
es	condition-2-es	1	csqa	ur	en	n	n	0.4133	3	0.4180	1	+0.0047
es	condition-2-es	1	csqa	ur	es	y	n	0.4067	3	0.3950	1	-0.0117
es	condition-2-es	1	csqa	zh	en	n	n	0.5507	3	0.5490	1	-0.0017
es	condition-2-es	1	csqa	zh	es	y	n	0.5077	3	0.5230	1	+0.0153
es	condition-2-es	1	sib200	en	en	n	y	0.7647	3	0.7549	1	-0.0098
es	condition-2-es	1	sib200	en	es	y	n	0.6732	3	0.6814	1	+0.0082
es	condition-2-es	1	sib200	es	en	n	n	0.7631	3	0.7598	1	-0.0033
es	condition-2-es	1	sib200	es	es	y	y	0.6438	3	0.6765	1	+0.0327
es	condition-2-es	1	sib200	ur	en	n	n	0.6993	3	0.7108	1	+0.0114
es	condition-2-es	1	sib200	ur	es	y	n	0.5359	3	0.5686	1	+0.0327
es	condition-2-es	1	sib200	zh	en	n	n	0.7680	3	0.7647	1	-0.0033
es	condition-2-es	1	sib200	zh	es	y	n	0.6389	3	0.6520	1	+0.0131
es	condition-2-es	1	xnli	en	en	n	y	0.5261	3	0.4986	1	-0.0275
es	condition-2-es	1	xnli	en	es	y	n	0.4833	3	0.4194	1	-0.0639
es	condition-2-es	1	xnli	es	en	n	n	0.4817	3	0.4631	1	-0.0186
es	condition-2-es	1	xnli	es	es	y	y	0.4607	3	0.4042	1	-0.0566
es	condition-2-es	1	xnli	ur	en	n	n	0.4454	3	0.4381	1	-0.0073
es	condition-2-es	1	xnli	ur	es	y	n	0.4398	3	0.4277	1	-0.0120
es	condition-2-es	1	xnli	zh	en	n	n	0.4263	3	0.3852	1	-0.0411
es	condition-2-es	1	xnli	zh	es	y	n	0.3538	3	0.3371	1	-0.0166
es	condition-2-es	2	belebele	en	en	n	y	0.7870	3	0.7867	1	-0.0004
es	condition-2-es	2	belebele	en	es	y	n	0.7919	3	0.7944	1	+0.0026
es	condition-2-es	2	belebele	es	en	n	n	0.7174	3	0.7222	1	+0.0048
es	condition-2-es	2	belebele	es	es	y	y	0.7093	3	0.6978	1	-0.0115
es	condition-2-es	2	belebele	ur	en	n	n	0.6259	3	0.6178	1	-0.0081
es	condition-2-es	2	belebele	ur	es	y	n	0.5922	3	0.5878	1	-0.0044
es	condition-2-es	2	belebele	zh	en	n	n	0.7648	3	0.7667	1	+0.0019
es	condition-2-es	2	belebele	zh	es	y	n	0.7467	3	0.7433	1	-0.0033
es	condition-2-es	2	csqa	en	en	n	y	0.6063	3	0.6020	1	-0.0043
es	condition-2-es	2	csqa	en	es	y	n	0.6220	3	0.6300	1	+0.0080
es	condition-2-es	2	csqa	es	en	n	n	0.5287	3	0.5240	1	-0.0047
es	condition-2-es	2	csqa	es	es	y	y	0.5430	3	0.5520	1	+0.0090
es	condition-2-es	2	csqa	ur	en	n	n	0.4200	3	0.4250	1	+0.0050
es	condition-2-es	2	csqa	ur	es	y	n	0.4027	3	0.4100	1	+0.0073
es	condition-2-es	2	csqa	zh	en	n	n	0.5413	3	0.5350	1	-0.0063
es	condition-2-es	2	csqa	zh	es	y	n	0.5093	3	0.5200	1	+0.0107
es	condition-2-es	2	sib200	en	en	n	y	0.6961	3	0.6912	1	-0.0049
es	condition-2-es	2	sib200	en	es	y	n	0.4886	3	0.5049	1	+0.0163
es	condition-2-es	2	sib200	es	en	n	n	0.6503	3	0.6520	1	+0.0016
es	condition-2-es	2	sib200	es	es	y	y	0.4788	3	0.5000	1	+0.0212
es	condition-2-es	2	sib200	ur	en	n	n	0.6601	3	0.6471	1	-0.0131
es	condition-2-es	2	sib200	ur	es	y	n	0.4477	3	0.4314	1	-0.0163
es	condition-2-es	2	sib200	zh	en	n	n	0.6536	3	0.6373	1	-0.0163
es	condition-2-es	2	sib200	zh	es	y	n	0.5033	3	0.5245	1	+0.0212
es	condition-2-es	2	xnli	en	en	n	y	0.3601	3	0.4084	1	+0.0483
es	condition-2-es	2	xnli	en	es	y	n	0.3947	3	0.4509	1	+0.0562
es	condition-2-es	2	xnli	es	en	n	n	0.3546	3	0.3794	1	+0.0249
es	condition-2-es	2	xnli	es	es	y	y	0.3858	3	0.3988	1	+0.0130
es	condition-2-es	2	xnli	ur	en	n	n	0.3340	3	0.3325	1	-0.0015
es	condition-2-es	2	xnli	ur	es	y	n	0.4003	3	0.3950	1	-0.0053
es	condition-2-es	2	xnli	zh	en	n	n	0.4148	3	0.4838	1	+0.0690
es	condition-2-es	2	xnli	zh	es	y	n	0.3610	3	0.3737	1	+0.0126
ur	condition-2-ur	1	belebele	en	en	n	y	0.7907	3	0.7922	1	+0.0015
ur	condition-2-ur	1	belebele	en	ur	y	n	0.8019	3	0.7856	1	-0.0163
ur	condition-2-ur	1	belebele	es	en	n	n	0.7241	3	0.7144	1	-0.0096
ur	condition-2-ur	1	belebele	es	ur	y	n	0.7170	3	0.6889	1	-0.0281
ur	condition-2-ur	1	belebele	ur	en	n	n	0.6289	3	0.6000	1	-0.0289
ur	condition-2-ur	1	belebele	ur	ur	y	y	0.5633	3	0.5000	1	-0.0633
ur	condition-2-ur	1	belebele	zh	en	n	n	0.7741	3	0.7678	1	-0.0063
ur	condition-2-ur	1	belebele	zh	ur	y	n	0.7600	3	0.7500	1	-0.0100
ur	condition-2-ur	1	csqa	en	en	n	y	0.6103	3	0.6170	1	+0.0067
ur	condition-2-ur	1	csqa	en	ur	y	n	0.5977	3	0.6100	1	+0.0123
ur	condition-2-ur	1	csqa	es	en	n	n	0.5393	3	0.5430	1	+0.0037
ur	condition-2-ur	1	csqa	es	ur	y	n	0.4890	3	0.4990	1	+0.0100
ur	condition-2-ur	1	csqa	ur	en	n	n	0.4030	3	0.3740	1	-0.0290
ur	condition-2-ur	1	csqa	ur	ur	y	y	0.3663	3	0.3410	1	-0.0253
ur	condition-2-ur	1	csqa	zh	en	n	n	0.5607	3	0.5490	1	-0.0117
ur	condition-2-ur	1	csqa	zh	ur	y	n	0.4883	3	0.4970	1	+0.0087
ur	condition-2-ur	1	sib200	en	en	n	y	0.7729	3	0.7647	1	-0.0082
ur	condition-2-ur	1	sib200	en	ur	y	n	0.5719	3	0.3725	1	-0.1993
ur	condition-2-ur	1	sib200	es	en	n	n	0.7190	3	0.7304	1	+0.0114
ur	condition-2-ur	1	sib200	es	ur	y	n	0.5392	3	0.3137	1	-0.2255
ur	condition-2-ur	1	sib200	ur	en	n	n	0.6765	3	0.6569	1	-0.0196
ur	condition-2-ur	1	sib200	ur	ur	y	y	0.4232	3	0.2598	1	-0.1634
ur	condition-2-ur	1	sib200	zh	en	n	n	0.7353	3	0.7304	1	-0.0049
ur	condition-2-ur	1	sib200	zh	ur	y	n	0.6781	3	0.3971	1	-0.2810
ur	condition-2-ur	1	xnli	en	en	n	y	0.5279	3	0.5379	1	+0.0100
ur	condition-2-ur	1	xnli	en	ur	y	n	0.3551	3	0.4595	1	+0.1044
ur	condition-2-ur	1	xnli	es	en	n	n	0.4737	3	0.5002	1	+0.0265
ur	condition-2-ur	1	xnli	es	ur	y	n	0.3452	3	0.3673	1	+0.0221
ur	condition-2-ur	1	xnli	ur	en	n	n	0.4220	3	0.4439	1	+0.0220
ur	condition-2-ur	1	xnli	ur	ur	y	y	0.3365	3	0.3337	1	-0.0028
ur	condition-2-ur	1	xnli	zh	en	n	n	0.4318	3	0.4413	1	+0.0095
ur	condition-2-ur	1	xnli	zh	ur	y	n	0.3343	3	0.3403	1	+0.0060
ur	condition-2-ur	2	belebele	en	en	n	y	0.7952	3	0.7944	1	-0.0007
ur	condition-2-ur	2	belebele	en	ur	y	n	0.8096	3	0.7844	1	-0.0252
ur	condition-2-ur	2	belebele	es	en	n	n	0.7393	3	0.7300	1	-0.0093
ur	condition-2-ur	2	belebele	es	ur	y	n	0.7078	3	0.6889	1	-0.0189
ur	condition-2-ur	2	belebele	ur	en	n	n	0.6381	3	0.6056	1	-0.0326
ur	condition-2-ur	2	belebele	ur	ur	y	y	0.5704	3	0.4844	1	-0.0859
ur	condition-2-ur	2	belebele	zh	en	n	n	0.7770	3	0.7744	1	-0.0026
ur	condition-2-ur	2	belebele	zh	ur	y	n	0.7641	3	0.7467	1	-0.0174
ur	condition-2-ur	2	csqa	en	en	n	y	0.6130	3	0.6080	1	-0.0050
ur	condition-2-ur	2	csqa	en	ur	y	n	0.6080	3	0.6120	1	+0.0040
ur	condition-2-ur	2	csqa	es	en	n	n	0.5313	3	0.5420	1	+0.0107
ur	condition-2-ur	2	csqa	es	ur	y	n	0.4970	3	0.5020	1	+0.0050
ur	condition-2-ur	2	csqa	ur	en	n	n	0.3870	3	0.3430	1	-0.0440
ur	condition-2-ur	2	csqa	ur	ur	y	y	0.3843	3	0.3520	1	-0.0323
ur	condition-2-ur	2	csqa	zh	en	n	n	0.5430	3	0.5270	1	-0.0160
ur	condition-2-ur	2	csqa	zh	ur	y	n	0.4997	3	0.5070	1	+0.0073
ur	condition-2-ur	2	sib200	en	en	n	y	0.6912	3	0.6912	1	+0.0000
ur	condition-2-ur	2	sib200	en	ur	y	n	0.6895	3	0.7157	1	+0.0261
ur	condition-2-ur	2	sib200	es	en	n	n	0.6601	3	0.6520	1	-0.0082
ur	condition-2-ur	2	sib200	es	ur	y	n	0.6503	3	0.6127	1	-0.0376
ur	condition-2-ur	2	sib200	ur	en	n	n	0.6650	3	0.5980	1	-0.0670
ur	condition-2-ur	2	sib200	ur	ur	y	y	0.5000	3	0.3382	1	-0.1618
ur	condition-2-ur	2	sib200	zh	en	n	n	0.6814	3	0.6520	1	-0.0294
ur	condition-2-ur	2	sib200	zh	ur	y	n	0.6765	3	0.6176	1	-0.0588
ur	condition-2-ur	2	xnli	en	en	n	y	0.4053	3	0.3615	1	-0.0438
ur	condition-2-ur	2	xnli	en	ur	y	n	0.3615	3	0.3415	1	-0.0200
ur	condition-2-ur	2	xnli	es	en	n	n	0.4070	3	0.3687	1	-0.0383
ur	condition-2-ur	2	xnli	es	ur	y	n	0.3810	3	0.3812	1	+0.0002
ur	condition-2-ur	2	xnli	ur	en	n	n	0.3450	3	0.3363	1	-0.0087
ur	condition-2-ur	2	xnli	ur	ur	y	y	0.3658	3	0.3910	1	+0.0252
ur	condition-2-ur	2	xnli	zh	en	n	n	0.4703	3	0.4577	1	-0.0126
ur	condition-2-ur	2	xnli	zh	ur	y	n	0.4409	3	0.4501	1	+0.0092
zh	condition-2-zh	1	belebele	en	en	n	y	0.7796	3	0.7889	1	+0.0093
zh	condition-2-zh	1	belebele	en	zh	y	n	0.8007	3	0.7978	1	-0.0030
zh	condition-2-zh	1	belebele	es	en	n	n	0.7048	3	0.6978	1	-0.0070
zh	condition-2-zh	1	belebele	es	zh	y	n	0.7333	3	0.7144	1	-0.0189
zh	condition-2-zh	1	belebele	ur	en	n	n	0.6167	3	0.6156	1	-0.0011
zh	condition-2-zh	1	belebele	ur	zh	y	n	0.6215	3	0.6278	1	+0.0063
zh	condition-2-zh	1	belebele	zh	en	n	n	0.7659	3	0.7700	1	+0.0041
zh	condition-2-zh	1	belebele	zh	zh	y	y	0.7807	3	0.7722	1	-0.0085
zh	condition-2-zh	1	csqa	en	en	n	y	0.6027	3	0.6160	1	+0.0133
zh	condition-2-zh	1	csqa	en	zh	y	n	0.6440	3	0.6460	1	+0.0020
zh	condition-2-zh	1	csqa	es	en	n	n	0.5223	3	0.5290	1	+0.0067
zh	condition-2-zh	1	csqa	es	zh	y	n	0.5670	3	0.5710	1	+0.0040
zh	condition-2-zh	1	csqa	ur	en	n	n	0.4197	3	0.4250	1	+0.0053
zh	condition-2-zh	1	csqa	ur	zh	y	n	0.4287	3	0.4360	1	+0.0073
zh	condition-2-zh	1	csqa	zh	en	n	n	0.5433	3	0.5520	1	+0.0087
zh	condition-2-zh	1	csqa	zh	zh	y	y	0.5503	3	0.5410	1	-0.0093
zh	condition-2-zh	1	sib200	en	en	n	y	0.7647	3	0.7451	1	-0.0196
zh	condition-2-zh	1	sib200	en	zh	y	n	0.7092	3	0.6667	1	-0.0425
zh	condition-2-zh	1	sib200	es	en	n	n	0.7712	3	0.7549	1	-0.0163
zh	condition-2-zh	1	sib200	es	zh	y	n	0.6814	3	0.6520	1	-0.0294
zh	condition-2-zh	1	sib200	ur	en	n	n	0.7124	3	0.6863	1	-0.0261
zh	condition-2-zh	1	sib200	ur	zh	y	n	0.6389	3	0.5931	1	-0.0458
zh	condition-2-zh	1	sib200	zh	en	n	n	0.7582	3	0.7598	1	+0.0016
zh	condition-2-zh	1	sib200	zh	zh	y	y	0.6895	3	0.6471	1	-0.0425
zh	condition-2-zh	1	xnli	en	en	n	y	0.5124	3	0.5301	1	+0.0177
zh	condition-2-zh	1	xnli	en	zh	y	n	0.3329	3	0.3333	1	+0.0005
zh	condition-2-zh	1	xnli	es	en	n	n	0.4524	3	0.4754	1	+0.0231
zh	condition-2-zh	1	xnli	es	zh	y	n	0.3332	3	0.3333	1	+0.0001
zh	condition-2-zh	1	xnli	ur	en	n	n	0.4465	3	0.4565	1	+0.0100
zh	condition-2-zh	1	xnli	ur	zh	y	n	0.3346	3	0.3335	1	-0.0011
zh	condition-2-zh	1	xnli	zh	en	n	n	0.4078	3	0.4126	1	+0.0048
zh	condition-2-zh	1	xnli	zh	zh	y	y	0.3350	3	0.3331	1	-0.0019
zh	condition-2-zh	2	belebele	en	en	n	y	0.7870	3	0.7933	1	+0.0063
zh	condition-2-zh	2	belebele	en	zh	y	n	0.8119	3	0.8022	1	-0.0096
zh	condition-2-zh	2	belebele	es	en	n	n	0.7204	3	0.7233	1	+0.0030
zh	condition-2-zh	2	belebele	es	zh	y	n	0.7396	3	0.7200	1	-0.0196
zh	condition-2-zh	2	belebele	ur	en	n	n	0.6259	3	0.6256	1	-0.0004
zh	condition-2-zh	2	belebele	ur	zh	y	n	0.6370	3	0.6267	1	-0.0104
zh	condition-2-zh	2	belebele	zh	en	n	n	0.7781	3	0.7767	1	-0.0015
zh	condition-2-zh	2	belebele	zh	zh	y	y	0.7856	3	0.7767	1	-0.0089
zh	condition-2-zh	2	csqa	en	en	n	y	0.6110	3	0.6070	1	-0.0040
zh	condition-2-zh	2	csqa	en	zh	y	n	0.6310	3	0.6330	1	+0.0020
zh	condition-2-zh	2	csqa	es	en	n	n	0.5270	3	0.5280	1	+0.0010
zh	condition-2-zh	2	csqa	es	zh	y	n	0.5403	3	0.5500	1	+0.0097
zh	condition-2-zh	2	csqa	ur	en	n	n	0.4167	3	0.4230	1	+0.0063
zh	condition-2-zh	2	csqa	ur	zh	y	n	0.4000	3	0.4130	1	+0.0130
zh	condition-2-zh	2	csqa	zh	en	n	n	0.5267	3	0.5380	1	+0.0113
zh	condition-2-zh	2	csqa	zh	zh	y	y	0.5447	3	0.5400	1	-0.0047
zh	condition-2-zh	2	sib200	en	en	n	y	0.6781	3	0.7108	1	+0.0327
zh	condition-2-zh	2	sib200	en	zh	y	n	0.6716	3	0.6520	1	-0.0196
zh	condition-2-zh	2	sib200	es	en	n	n	0.6454	3	0.6569	1	+0.0114
zh	condition-2-zh	2	sib200	es	zh	y	n	0.6291	3	0.6176	1	-0.0114
zh	condition-2-zh	2	sib200	ur	en	n	n	0.6683	3	0.6618	1	-0.0065
zh	condition-2-zh	2	sib200	ur	zh	y	n	0.6078	3	0.5931	1	-0.0147
zh	condition-2-zh	2	sib200	zh	en	n	n	0.6585	3	0.6520	1	-0.0065
zh	condition-2-zh	2	sib200	zh	zh	y	y	0.6438	3	0.6471	1	+0.0033
zh	condition-2-zh	2	xnli	en	en	n	y	0.3747	3	0.3573	1	-0.0174
zh	condition-2-zh	2	xnli	en	zh	y	n	0.3336	3	0.3417	1	+0.0081
zh	condition-2-zh	2	xnli	es	en	n	n	0.3803	3	0.3591	1	-0.0212
zh	condition-2-zh	2	xnli	es	zh	y	n	0.3323	3	0.3363	1	+0.0041
zh	condition-2-zh	2	xnli	ur	en	n	n	0.3345	3	0.3337	1	-0.0007
zh	condition-2-zh	2	xnli	ur	zh	y	n	0.2881	3	0.3277	1	+0.0397
zh	condition-2-zh	2	xnli	zh	en	n	n	0.4476	3	0.4407	1	-0.0069
zh	condition-2-zh	2	xnli	zh	zh	y	y	0.3576	3	0.3737	1	+0.0160
