condition	target_lang	template	benchmark	data	instr	matched_diagonal	matched_instr	n_seeds	mean_acc	std_acc	min_acc	max_acc	total_count	total_correct
baseline		1	belebele	en	en	y	n	1	0.7678	nan	0.7678	0.7678	900	691
baseline		1	belebele	en	es	n	n	1	0.7611	nan	0.7611	0.7611	900	685
baseline		1	belebele	en	ur	n	n	1	0.7411	nan	0.7411	0.7411	900	667
baseline		1	belebele	en	zh	n	n	1	0.7889	nan	0.7889	0.7889	900	710
baseline		1	belebele	es	en	n	n	1	0.6911	nan	0.6911	0.6911	900	622
baseline		1	belebele	es	es	y	n	1	0.6722	nan	0.6722	0.6722	900	605
baseline		1	belebele	es	ur	n	n	1	0.6389	nan	0.6389	0.6389	900	575
baseline		1	belebele	es	zh	n	n	1	0.6956	nan	0.6956	0.6956	900	626
baseline		1	belebele	ur	en	n	n	1	0.6044	nan	0.6044	0.6044	900	544
baseline		1	belebele	ur	es	n	n	1	0.5389	nan	0.5389	0.5389	900	485
baseline		1	belebele	ur	ur	y	n	1	0.5289	nan	0.5289	0.5289	900	476
baseline		1	belebele	ur	zh	n	n	1	0.5922	nan	0.5922	0.5922	900	533
baseline		1	belebele	zh	en	n	n	1	0.7500	nan	0.7500	0.7500	900	675
baseline		1	belebele	zh	es	n	n	1	0.7033	nan	0.7033	0.7033	900	633
baseline		1	belebele	zh	ur	n	n	1	0.7011	nan	0.7011	0.7011	900	631
baseline		1	belebele	zh	zh	y	n	1	0.7756	nan	0.7756	0.7756	900	698
baseline		1	csqa	en	en	y	n	1	0.6070	nan	0.6070	0.6070	1000	607
baseline		1	csqa	en	es	n	n	1	0.6040	nan	0.6040	0.6040	1000	604
baseline		1	csqa	en	ur	n	n	1	0.5850	nan	0.5850	0.5850	1000	585
baseline		1	csqa	en	zh	n	n	1	0.6410	nan	0.6410	0.6410	1000	641
baseline		1	csqa	es	en	n	n	1	0.5240	nan	0.5240	0.5240	1000	524
baseline		1	csqa	es	es	y	n	1	0.5290	nan	0.5290	0.5290	1000	529
baseline		1	csqa	es	ur	n	n	1	0.4730	nan	0.4730	0.4730	1000	473
baseline		1	csqa	es	zh	n	n	1	0.5470	nan	0.5470	0.5470	1000	547
baseline		1	csqa	ur	en	n	n	1	0.4240	nan	0.4240	0.4240	1000	424
baseline		1	csqa	ur	es	n	n	1	0.3960	nan	0.3960	0.3960	1000	396
baseline		1	csqa	ur	ur	y	n	1	0.4040	nan	0.4040	0.4040	1000	404
baseline		1	csqa	ur	zh	n	n	1	0.3760	nan	0.3760	0.3760	1000	376
baseline		1	csqa	zh	en	n	n	1	0.5450	nan	0.5450	0.5450	1000	545
baseline		1	csqa	zh	es	n	n	1	0.5000	nan	0.5000	0.5000	1000	500
baseline		1	csqa	zh	ur	n	n	1	0.4810	nan	0.4810	0.4810	1000	481
baseline		1	csqa	zh	zh	y	n	1	0.5340	nan	0.5340	0.5340	1000	534
baseline		1	sib200	en	en	y	n	1	0.7549	nan	0.7549	0.7549	204	154
baseline		1	sib200	en	es	n	n	1	0.6618	nan	0.6618	0.6618	204	135
baseline		1	sib200	en	ur	n	n	1	0.4951	nan	0.4951	0.4951	204	101
baseline		1	sib200	en	zh	n	n	1	0.7157	nan	0.7157	0.7157	204	146
baseline		1	sib200	es	en	n	n	1	0.7745	nan	0.7745	0.7745	204	158
baseline		1	sib200	es	es	y	n	1	0.6520	nan	0.6520	0.6520	204	133
baseline		1	sib200	es	ur	n	n	1	0.5343	nan	0.5343	0.5343	204	109
baseline		1	sib200	es	zh	n	n	1	0.6373	nan	0.6373	0.6373	204	130
baseline		1	sib200	ur	en	n	n	1	0.7255	nan	0.7255	0.7255	204	148
baseline		1	sib200	ur	es	n	n	1	0.5343	nan	0.5343	0.5343	204	109
baseline		1	sib200	ur	ur	y	n	1	0.5735	nan	0.5735	0.5735	204	117
baseline		1	sib200	ur	zh	n	n	1	0.5735	nan	0.5735	0.5735	204	117
baseline		1	sib200	zh	en	n	n	1	0.7892	nan	0.7892	0.7892	204	161
baseline		1	sib200	zh	es	n	n	1	0.5882	nan	0.5882	0.5882	204	120
baseline		1	sib200	zh	ur	n	n	1	0.5294	nan	0.5294	0.5294	204	108
baseline		1	sib200	zh	zh	y	n	1	0.6667	nan	0.6667	0.6667	204	136
baseline		1	xnli	en	en	y	n	1	0.4998	nan	0.4998	0.4998	5010	2504
baseline		1	xnli	en	es	n	n	1	0.3980	nan	0.3980	0.3980	5010	1994
baseline		1	xnli	en	ur	n	n	1	0.3816	nan	0.3816	0.3816	5010	1912
baseline		1	xnli	en	zh	n	n	1	0.3333	nan	0.3333	0.3333	5010	1670
baseline		1	xnli	es	en	n	n	1	0.4525	nan	0.4525	0.4525	5010	2267
baseline		1	xnli	es	es	y	n	1	0.4547	nan	0.4547	0.4547	5010	2278
baseline		1	xnli	es	ur	n	n	1	0.3433	nan	0.3433	0.3433	5010	1720
baseline		1	xnli	es	zh	n	n	1	0.3337	nan	0.3337	0.3337	5010	1672
baseline		1	xnli	ur	en	n	n	1	0.4343	nan	0.4343	0.4343	5010	2176
baseline		1	xnli	ur	es	n	n	1	0.3727	nan	0.3727	0.3727	5010	1867
baseline		1	xnli	ur	ur	y	n	1	0.3327	nan	0.3327	0.3327	5010	1667
baseline		1	xnli	ur	zh	n	n	1	0.3311	nan	0.3311	0.3311	5010	1659
baseline		1	xnli	zh	en	n	n	1	0.3906	nan	0.3906	0.3906	5010	1957
baseline		1	xnli	zh	es	n	n	1	0.3333	nan	0.3333	0.3333	5010	1670
baseline		1	xnli	zh	ur	n	n	1	0.3345	nan	0.3345	0.3345	5010	1676
baseline		1	xnli	zh	zh	y	n	1	0.3329	nan	0.3329	0.3329	5010	1668
baseline		2	belebele	en	en	y	n	1	0.7822	nan	0.7822	0.7822	900	704
baseline		2	belebele	en	es	n	n	1	0.7756	nan	0.7756	0.7756	900	698
baseline		2	belebele	en	ur	n	n	1	0.7489	nan	0.7489	0.7489	900	674
baseline		2	belebele	en	zh	n	n	1	0.8000	nan	0.8000	0.8000	900	720
baseline		2	belebele	es	en	n	n	1	0.7011	nan	0.7011	0.7011	900	631
baseline		2	belebele	es	es	y	n	1	0.6989	nan	0.6989	0.6989	900	629
baseline		2	belebele	es	ur	n	n	1	0.6389	nan	0.6389	0.6389	900	575
baseline		2	belebele	es	zh	n	n	1	0.7167	nan	0.7167	0.7167	900	645
baseline		2	belebele	ur	en	n	n	1	0.6144	nan	0.6144	0.6144	900	553
baseline		2	belebele	ur	es	n	n	1	0.5544	nan	0.5544	0.5544	900	499
baseline		2	belebele	ur	ur	y	n	1	0.5233	nan	0.5233	0.5233	900	471
baseline		2	belebele	ur	zh	n	n	1	0.6067	nan	0.6067	0.6067	900	546
baseline		2	belebele	zh	en	n	n	1	0.7589	nan	0.7589	0.7589	900	683
baseline		2	belebele	zh	es	n	n	1	0.7367	nan	0.7367	0.7367	900	663
baseline		2	belebele	zh	ur	n	n	1	0.7000	nan	0.7000	0.7000	900	630
baseline		2	belebele	zh	zh	y	n	1	0.7611	nan	0.7611	0.7611	900	685
baseline		2	csqa	en	en	y	n	1	0.6070	nan	0.6070	0.6070	1000	607
baseline		2	csqa	en	es	n	n	1	0.6230	nan	0.6230	0.6230	1000	623
baseline		2	csqa	en	ur	n	n	1	0.5790	nan	0.5790	0.5790	1000	579
baseline		2	csqa	en	zh	n	n	1	0.6310	nan	0.6310	0.6310	1000	631
baseline		2	csqa	es	en	n	n	1	0.5170	nan	0.5170	0.5170	1000	517
baseline		2	csqa	es	es	y	n	1	0.5320	nan	0.5320	0.5320	1000	532
baseline		2	csqa	es	ur	n	n	1	0.4800	nan	0.4800	0.4800	1000	480
baseline		2	csqa	es	zh	n	n	1	0.5300	nan	0.5300	0.5300	1000	530
baseline		2	csqa	ur	en	n	n	1	0.4170	nan	0.4170	0.4170	1000	417
baseline		2	csqa	ur	es	n	n	1	0.3930	nan	0.3930	0.3930	1000	393
baseline		2	csqa	ur	ur	y	n	1	0.3920	nan	0.3920	0.3920	1000	392
baseline		2	csqa	ur	zh	n	n	1	0.4020	nan	0.4020	0.4020	1000	402
baseline		2	csqa	zh	en	n	n	1	0.5320	nan	0.5320	0.5320	1000	532
baseline		2	csqa	zh	es	n	n	1	0.5100	nan	0.5100	0.5100	1000	510
baseline		2	csqa	zh	ur	n	n	1	0.4660	nan	0.4660	0.4660	1000	466
baseline		2	csqa	zh	zh	y	n	1	0.5320	nan	0.5320	0.5320	1000	532
baseline		2	sib200	en	en	y	n	1	0.7206	nan	0.7206	0.7206	204	147
baseline		2	sib200	en	es	n	n	1	0.5539	nan	0.5539	0.5539	204	113
baseline		2	sib200	en	ur	n	n	1	0.3971	nan	0.3971	0.3971	204	81
baseline		2	sib200	en	zh	n	n	1	0.6520	nan	0.6520	0.6520	204	133
baseline		2	sib200	es	en	n	n	1	0.6765	nan	0.6765	0.6765	204	138
baseline		2	sib200	es	es	y	n	1	0.5147	nan	0.5147	0.5147	204	105
baseline		2	sib200	es	ur	n	n	1	0.3088	nan	0.3088	0.3088	204	63
baseline		2	sib200	es	zh	n	n	1	0.5931	nan	0.5931	0.5931	204	121
baseline		2	sib200	ur	en	n	n	1	0.6814	nan	0.6814	0.6814	204	139
baseline		2	sib200	ur	es	n	n	1	0.6127	nan	0.6127	0.6127	204	125
baseline		2	sib200	ur	ur	y	n	1	0.5294	nan	0.5294	0.5294	204	108
baseline		2	sib200	ur	zh	n	n	1	0.5343	nan	0.5343	0.5343	204	109
baseline		2	sib200	zh	en	n	n	1	0.6961	nan	0.6961	0.6961	204	142
baseline		2	sib200	zh	es	n	n	1	0.5588	nan	0.5588	0.5588	204	114
baseline		2	sib200	zh	ur	n	n	1	0.3971	nan	0.3971	0.3971	204	81
baseline		2	sib200	zh	zh	y	n	1	0.6225	nan	0.6225	0.6225	204	127
baseline		2	xnli	en	en	y	n	1	0.3786	nan	0.3786	0.3786	5010	1897
baseline		2	xnli	en	es	n	n	1	0.3806	nan	0.3806	0.3806	5010	1907
baseline		2	xnli	en	ur	n	n	1	0.2589	nan	0.2589	0.2589	5010	1297
baseline		2	xnli	en	zh	n	n	1	0.3337	nan	0.3337	0.3337	5010	1672
baseline		2	xnli	es	en	n	n	1	0.3661	nan	0.3661	0.3661	5010	1834
baseline		2	xnli	es	es	y	n	1	0.3770	nan	0.3770	0.3770	5010	1889
baseline		2	xnli	es	ur	n	n	1	0.3319	nan	0.3319	0.3319	5010	1663
baseline		2	xnli	es	zh	n	n	1	0.2369	nan	0.2369	0.2369	5010	1187
baseline		2	xnli	ur	en	n	n	1	0.3357	nan	0.3357	0.3357	5010	1682
baseline		2	xnli	ur	es	n	n	1	0.2499	nan	0.2499	0.2499	5010	1252
baseline		2	xnli	ur	ur	y	n	1	0.3228	nan	0.3228	0.3228	5010	1617
baseline		2	xnli	ur	zh	n	n	1	0.2078	nan	0.2078	0.2078	5010	1041
baseline		2	xnli	zh	en	n	n	1	0.4649	nan	0.4649	0.4649	5010	2329
baseline		2	xnli	zh	es	n	n	1	0.3637	nan	0.3637	0.3637	5010	1822
baseline		2	xnli	zh	ur	n	n	1	0.3341	nan	0.3341	0.3341	5010	1674
baseline		2	xnli	zh	zh	y	n	1	0.2491	nan	0.2491	0.2491	5010	1248
condition-1-en-20k	en	1	belebele	en	en	y	y	1	0.7767	nan	0.7767	0.7767	900	699
condition-1-en-20k	en	1	belebele	en	es	n	n	1	0.7611	nan	0.7611	0.7611	900	685
condition-1-en-20k	en	1	belebele	en	ur	n	n	1	0.7611	nan	0.7611	0.7611	900	685
condition-1-en-20k	en	1	belebele	en	zh	n	n	1	0.7900	nan	0.7900	0.7900	900	711
condition-1-en-20k	en	1	belebele	es	en	n	y	1	0.7000	nan	0.7000	0.7000	900	630
condition-1-en-20k	en	1	belebele	es	es	y	n	1	0.6667	nan	0.6667	0.6667	900	600
condition-1-en-20k	en	1	belebele	es	ur	n	n	1	0.6344	nan	0.6344	0.6344	900	571
condition-1-en-20k	en	1	belebele	es	zh	n	n	1	0.6989	nan	0.6989	0.6989	900	629
condition-1-en-20k	en	1	belebele	ur	en	n	y	1	0.6144	nan	0.6144	0.6144	900	553
condition-1-en-20k	en	1	belebele	ur	es	n	n	1	0.5389	nan	0.5389	0.5389	900	485
condition-1-en-20k	en	1	belebele	ur	ur	y	n	1	0.5233	nan	0.5233	0.5233	900	471
condition-1-en-20k	en	1	belebele	ur	zh	n	n	1	0.5944	nan	0.5944	0.5944	900	535
condition-1-en-20k	en	1	belebele	zh	en	n	y	1	0.7600	nan	0.7600	0.7600	900	684
condition-1-en-20k	en	1	belebele	zh	es	n	n	1	0.7011	nan	0.7011	0.7011	900	631
condition-1-en-20k	en	1	belebele	zh	ur	n	n	1	0.7044	nan	0.7044	0.7044	900	634
condition-1-en-20k	en	1	belebele	zh	zh	y	n	1	0.7656	nan	0.7656	0.7656	900	689
condition-1-en-20k	en	1	csqa	en	en	y	y	1	0.6150	nan	0.6150	0.6150	1000	615
condition-1-en-20k	en	1	csqa	en	es	n	n	1	0.6140	nan	0.6140	0.6140	1000	614
condition-1-en-20k	en	1	csqa	en	ur	n	n	1	0.5930	nan	0.5930	0.5930	1000	593
condition-1-en-20k	en	1	csqa	en	zh	n	n	1	0.6520	nan	0.6520	0.6520	1000	652
condition-1-en-20k	en	1	csqa	es	en	n	y	1	0.5370	nan	0.5370	0.5370	1000	537
condition-1-en-20k	en	1	csqa	es	es	y	n	1	0.5230	nan	0.5230	0.5230	1000	523
condition-1-en-20k	en	1	csqa	es	ur	n	n	1	0.4830	nan	0.4830	0.4830	1000	483
condition-1-en-20k	en	1	csqa	es	zh	n	n	1	0.5530	nan	0.5530	0.5530	1000	553
condition-1-en-20k	en	1	csqa	ur	en	n	y	1	0.4320	nan	0.4320	0.4320	1000	432
condition-1-en-20k	en	1	csqa	ur	es	n	n	1	0.3940	nan	0.3940	0.3940	1000	394
condition-1-en-20k	en	1	csqa	ur	ur	y	n	1	0.4020	nan	0.4020	0.4020	1000	402
condition-1-en-20k	en	1	csqa	ur	zh	n	n	1	0.3960	nan	0.3960	0.3960	1000	396
condition-1-en-20k	en	1	csqa	zh	en	n	y	1	0.5490	nan	0.5490	0.5490	1000	549
condition-1-en-20k	en	1	csqa	zh	es	n	n	1	0.5110	nan	0.5110	0.5110	1000	511
condition-1-en-20k	en	1	csqa	zh	ur	n	n	1	0.4830	nan	0.4830	0.4830	1000	483
condition-1-en-20k	en	1	csqa	zh	zh	y	n	1	0.5360	nan	0.5360	0.5360	1000	536
condition-1-en-20k	en	1	sib200	en	en	y	y	1	0.7549	nan	0.7549	0.7549	204	154
condition-1-en-20k	en	1	sib200	en	es	n	n	1	0.6176	nan	0.6176	0.6176	204	126
condition-1-en-20k	en	1	sib200	en	ur	n	n	1	0.4951	nan	0.4951	0.4951	204	101
condition-1-en-20k	en	1	sib200	en	zh	n	n	1	0.6961	nan	0.6961	0.6961	204	142
condition-1-en-20k	en	1	sib200	es	en	n	y	1	0.7745	nan	0.7745	0.7745	204	158
condition-1-en-20k	en	1	sib200	es	es	y	n	1	0.6029	nan	0.6029	0.6029	204	123
condition-1-en-20k	en	1	sib200	es	ur	n	n	1	0.5147	nan	0.5147	0.5147	204	105
condition-1-en-20k	en	1	sib200	es	zh	n	n	1	0.6225	nan	0.6225	0.6225	204	127
condition-1-en-20k	en	1	sib200	ur	en	n	y	1	0.6863	nan	0.6863	0.6863	204	140
condition-1-en-20k	en	1	sib200	ur	es	n	n	1	0.5000	nan	0.5000	0.5000	204	102
condition-1-en-20k	en	1	sib200	ur	ur	y	n	1	0.5686	nan	0.5686	0.5686	204	116
condition-1-en-20k	en	1	sib200	ur	zh	n	n	1	0.5245	nan	0.5245	0.5245	204	107
condition-1-en-20k	en	1	sib200	zh	en	n	y	1	0.7647	nan	0.7647	0.7647	204	156
condition-1-en-20k	en	1	sib200	zh	es	n	n	1	0.5490	nan	0.5490	0.5490	204	112
condition-1-en-20k	en	1	sib200	zh	ur	n	n	1	0.5294	nan	0.5294	0.5294	204	108
condition-1-en-20k	en	1	sib200	zh	zh	y	n	1	0.6471	nan	0.6471	0.6471	204	132
condition-1-en-20k	en	1	xnli	en	en	y	y	1	0.5166	nan	0.5166	0.5166	5010	2588
condition-1-en-20k	en	1	xnli	en	es	n	n	1	0.4457	nan	0.4457	0.4457	5010	2233
condition-1-en-20k	en	1	xnli	en	ur	n	n	1	0.4677	nan	0.4677	0.4677	5010	2343
condition-1-en-20k	en	1	xnli	en	zh	n	n	1	0.3329	nan	0.3329	0.3329	5010	1668
condition-1-en-20k	en	1	xnli	es	en	n	y	1	0.4677	nan	0.4677	0.4677	5010	2343
condition-1-en-20k	en	1	xnli	es	es	y	n	1	0.4758	nan	0.4758	0.4758	5010	2384
condition-1-en-20k	en	1	xnli	es	ur	n	n	1	0.3752	nan	0.3752	0.3752	5010	1880
condition-1-en-20k	en	1	xnli	es	zh	n	n	1	0.3337	nan	0.3337	0.3337	5010	1672
condition-1-en-20k	en	1	xnli	ur	en	n	y	1	0.4379	nan	0.4379	0.4379	5010	2194
condition-1-en-20k	en	1	xnli	ur	es	n	n	1	0.4060	nan	0.4060	0.4060	5010	2034
condition-1-en-20k	en	1	xnli	ur	ur	y	n	1	0.3403	nan	0.3403	0.3403	5010	1705
condition-1-en-20k	en	1	xnli	ur	zh	n	n	1	0.3333	nan	0.3333	0.3333	5010	1670
condition-1-en-20k	en	1	xnli	zh	en	n	y	1	0.4120	nan	0.4120	0.4120	5010	2064
condition-1-en-20k	en	1	xnli	zh	es	n	n	1	0.3337	nan	0.3337	0.3337	5010	1672
condition-1-en-20k	en	1	xnli	zh	ur	n	n	1	0.3423	nan	0.3423	0.3423	5010	1715
condition-1-en-20k	en	1	xnli	zh	zh	y	n	1	0.3331	nan	0.3331	0.3331	5010	1669
condition-1-en-20k	en	2	belebele	en	en	y	y	1	0.7922	nan	0.7922	0.7922	900	713
condition-1-en-20k	en	2	belebele	en	es	n	n	1	0.7789	nan	0.7789	0.7789	900	701
condition-1-en-20k	en	2	belebele	en	ur	n	n	1	0.7600	nan	0.7600	0.7600	900	684
condition-1-en-20k	en	2	belebele	en	zh	n	n	1	0.7967	nan	0.7967	0.7967	900	717
condition-1-en-20k	en	2	belebele	es	en	n	y	1	0.7189	nan	0.7189	0.7189	900	647
condition-1-en-20k	en	2	belebele	es	es	y	n	1	0.6833	nan	0.6833	0.6833	900	615
condition-1-en-20k	en	2	belebele	es	ur	n	n	1	0.6422	nan	0.6422	0.6422	900	578
condition-1-en-20k	en	2	belebele	es	zh	n	n	1	0.7156	nan	0.7156	0.7156	900	644
condition-1-en-20k	en	2	belebele	ur	en	n	y	1	0.6222	nan	0.6222	0.6222	900	560
condition-1-en-20k	en	2	belebele	ur	es	n	n	1	0.5656	nan	0.5656	0.5656	900	509
condition-1-en-20k	en	2	belebele	ur	ur	y	n	1	0.5156	nan	0.5156	0.5156	900	464
condition-1-en-20k	en	2	belebele	ur	zh	n	n	1	0.6056	nan	0.6056	0.6056	900	545
condition-1-en-20k	en	2	belebele	zh	en	n	y	1	0.7622	nan	0.7622	0.7622	900	686
condition-1-en-20k	en	2	belebele	zh	es	n	n	1	0.7344	nan	0.7344	0.7344	900	661
condition-1-en-20k	en	2	belebele	zh	ur	n	n	1	0.7033	nan	0.7033	0.7033	900	633
condition-1-en-20k	en	2	belebele	zh	zh	y	n	1	0.7633	nan	0.7633	0.7633	900	687
condition-1-en-20k	en	2	csqa	en	en	y	y	1	0.6160	nan	0.6160	0.6160	1000	616
condition-1-en-20k	en	2	csqa	en	es	n	n	1	0.6210	nan	0.6210	0.6210	1000	621
condition-1-en-20k	en	2	csqa	en	ur	n	n	1	0.5820	nan	0.5820	0.5820	1000	582
condition-1-en-20k	en	2	csqa	en	zh	n	n	1	0.6340	nan	0.6340	0.6340	1000	634
condition-1-en-20k	en	2	csqa	es	en	n	y	1	0.5270	nan	0.5270	0.5270	1000	527
condition-1-en-20k	en	2	csqa	es	es	y	n	1	0.5350	nan	0.5350	0.5350	1000	535
condition-1-en-20k	en	2	csqa	es	ur	n	n	1	0.4830	nan	0.4830	0.4830	1000	483
condition-1-en-20k	en	2	csqa	es	zh	n	n	1	0.5350	nan	0.5350	0.5350	1000	535
condition-1-en-20k	en	2	csqa	ur	en	n	y	1	0.4210	nan	0.4210	0.4210	1000	421
condition-1-en-20k	en	2	csqa	ur	es	n	n	1	0.3920	nan	0.3920	0.3920	1000	392
condition-1-en-20k	en	2	csqa	ur	ur	y	n	1	0.4000	nan	0.4000	0.4000	1000	400
condition-1-en-20k	en	2	csqa	ur	zh	n	n	1	0.4080	nan	0.4080	0.4080	1000	408
condition-1-en-20k	en	2	csqa	zh	en	n	y	1	0.5410	nan	0.5410	0.5410	1000	541
condition-1-en-20k	en	2	csqa	zh	es	n	n	1	0.5040	nan	0.5040	0.5040	1000	504
condition-1-en-20k	en	2	csqa	zh	ur	n	n	1	0.4750	nan	0.4750	0.4750	1000	475
condition-1-en-20k	en	2	csqa	zh	zh	y	n	1	0.5370	nan	0.5370	0.5370	1000	537
condition-1-en-20k	en	2	sib200	en	en	y	y	1	0.6863	nan	0.6863	0.6863	204	140
condition-1-en-20k	en	2	sib200	en	es	n	n	1	0.4657	nan	0.4657	0.4657	204	95
condition-1-en-20k	en	2	sib200	en	ur	n	n	1	0.4559	nan	0.4559	0.4559	204	93
condition-1-en-20k	en	2	sib200	en	zh	n	n	1	0.6373	nan	0.6373	0.6373	204	130
condition-1-en-20k	en	2	sib200	es	en	n	y	1	0.6422	nan	0.6422	0.6422	204	131
condition-1-en-20k	en	2	sib200	es	es	y	n	1	0.4608	nan	0.4608	0.4608	204	94
condition-1-en-20k	en	2	sib200	es	ur	n	n	1	0.4118	nan	0.4118	0.4118	204	84
condition-1-en-20k	en	2	sib200	es	zh	n	n	1	0.5833	nan	0.5833	0.5833	204	119
condition-1-en-20k	en	2	sib200	ur	en	n	y	1	0.6471	nan	0.6471	0.6471	204	132
condition-1-en-20k	en	2	sib200	ur	es	n	n	1	0.5196	nan	0.5196	0.5196	204	106
condition-1-en-20k	en	2	sib200	ur	ur	y	n	1	0.5637	nan	0.5637	0.5637	204	115
condition-1-en-20k	en	2	sib200	ur	zh	n	n	1	0.5049	nan	0.5049	0.5049	204	103
condition-1-en-20k	en	2	sib200	zh	en	n	y	1	0.6324	nan	0.6324	0.6324	204	129
condition-1-en-20k	en	2	sib200	zh	es	n	n	1	0.5196	nan	0.5196	0.5196	204	106
condition-1-en-20k	en	2	sib200	zh	ur	n	n	1	0.4951	nan	0.4951	0.4951	204	101
condition-1-en-20k	en	2	sib200	zh	zh	y	n	1	0.6176	nan	0.6176	0.6176	204	126
condition-1-en-20k	en	2	xnli	en	en	y	y	1	0.3447	nan	0.3447	0.3447	5010	1727
condition-1-en-20k	en	2	xnli	en	es	n	n	1	0.3752	nan	0.3752	0.3752	5010	1880
condition-1-en-20k	en	2	xnli	en	ur	n	n	1	0.2493	nan	0.2493	0.2493	5010	1249
condition-1-en-20k	en	2	xnli	en	zh	n	n	1	0.3271	nan	0.3271	0.3271	5010	1639
condition-1-en-20k	en	2	xnli	es	en	n	y	1	0.3441	nan	0.3441	0.3441	5010	1724
condition-1-en-20k	en	2	xnli	es	es	y	n	1	0.3607	nan	0.3607	0.3607	5010	1807
condition-1-en-20k	en	2	xnli	es	ur	n	n	1	0.3140	nan	0.3140	0.3140	5010	1573
condition-1-en-20k	en	2	xnli	es	zh	n	n	1	0.2715	nan	0.2715	0.2715	5010	1360
condition-1-en-20k	en	2	xnli	ur	en	n	y	1	0.3325	nan	0.3325	0.3325	5010	1666
condition-1-en-20k	en	2	xnli	ur	es	n	n	1	0.3697	nan	0.3697	0.3697	5010	1852
condition-1-en-20k	en	2	xnli	ur	ur	y	n	1	0.3248	nan	0.3248	0.3248	5010	1627
condition-1-en-20k	en	2	xnli	ur	zh	n	n	1	0.2629	nan	0.2629	0.2629	5010	1317
condition-1-en-20k	en	2	xnli	zh	en	n	y	1	0.4042	nan	0.4042	0.4042	5010	2025
condition-1-en-20k	en	2	xnli	zh	es	n	n	1	0.3870	nan	0.3870	0.3870	5010	1939
condition-1-en-20k	en	2	xnli	zh	ur	n	n	1	0.3363	nan	0.3363	0.3363	5010	1685
condition-1-en-20k	en	2	xnli	zh	zh	y	n	1	0.2868	nan	0.2868	0.2868	5010	1437
condition-1-en-5k	en	1	belebele	en	en	y	y	3	0.7781	0.0017	0.7767	0.7800	2700	2101
condition-1-en-5k	en	1	belebele	en	es	n	n	3	0.7604	0.0017	0.7589	0.7622	2700	2053
condition-1-en-5k	en	1	belebele	en	ur	n	n	3	0.7548	0.0053	0.7489	0.7589	2700	2038
condition-1-en-5k	en	1	belebele	en	zh	n	n	3	0.7885	0.0006	0.7878	0.7889	2700	2129
condition-1-en-5k	en	1	belebele	es	en	n	y	3	0.7000	0.0033	0.6967	0.7033	2700	1890
condition-1-en-5k	en	1	belebele	es	es	y	n	3	0.6719	0.0026	0.6689	0.6733	2700	1814
condition-1-en-5k	en	1	belebele	es	ur	n	n	3	0.6422	0.0059	0.6356	0.6467	2700	1734
condition-1-en-5k	en	1	belebele	es	zh	n	n	3	0.6937	0.0017	0.6922	0.6956	2700	1873
condition-1-en-5k	en	1	belebele	ur	en	n	y	3	0.6130	0.0039	0.6089	0.6167	2700	1655
condition-1-en-5k	en	1	belebele	ur	es	n	n	3	0.5356	0.0091	0.5278	0.5456	2700	1446
condition-1-en-5k	en	1	belebele	ur	ur	y	n	3	0.5367	0.0069	0.5289	0.5422	2700	1449
condition-1-en-5k	en	1	belebele	ur	zh	n	n	3	0.5996	0.0017	0.5978	0.6011	2700	1619
condition-1-en-5k	en	1	belebele	zh	en	n	y	3	0.7596	0.0061	0.7533	0.7656	2700	2051
condition-1-en-5k	en	1	belebele	zh	es	n	n	3	0.7044	0.0029	0.7011	0.7067	2700	1902
condition-1-en-5k	en	1	belebele	zh	ur	n	n	3	0.7144	0.0011	0.7133	0.7156	2700	1929
condition-1-en-5k	en	1	belebele	zh	zh	y	n	3	0.7752	0.0017	0.7733	0.7767	2700	2093
condition-1-en-5k	en	1	csqa	en	en	y	y	3	0.6120	0.0010	0.6110	0.6130	3000	1836
condition-1-en-5k	en	1	csqa	en	es	n	n	3	0.6117	0.0064	0.6070	0.6190	3000	1835
condition-1-en-5k	en	1	csqa	en	ur	n	n	3	0.5920	0.0000	0.5920	0.5920	3000	1776
condition-1-en-5k	en	1	csqa	en	zh	n	n	3	0.6447	0.0042	0.6400	0.6480	3000	1934
condition-1-en-5k	en	1	csqa	es	en	n	y	3	0.5303	0.0081	0.5230	0.5390	3000	1591
condition-1-en-5k	en	1	csqa	es	es	y	n	3	0.5333	0.0095	0.5260	0.5440	3000	1600
condition-1-en-5k	en	1	csqa	es	ur	n	n	3	0.4823	0.0029	0.4790	0.4840	3000	1447
condition-1-en-5k	en	1	csqa	es	zh	n	n	3	0.5480	0.0040	0.5440	0.5520	3000	1644
condition-1-en-5k	en	1	csqa	ur	en	n	y	3	0.4237	0.0035	0.4200	0.4270	3000	1271
condition-1-en-5k	en	1	csqa	ur	es	n	n	3	0.3970	0.0036	0.3930	0.4000	3000	1191
condition-1-en-5k	en	1	csqa	ur	ur	y	n	3	0.4090	0.0087	0.3990	0.4150	3000	1227
condition-1-en-5k	en	1	csqa	ur	zh	n	n	3	0.3867	0.0040	0.3820	0.3890	3000	1160
condition-1-en-5k	en	1	csqa	zh	en	n	y	3	0.5527	0.0023	0.5500	0.5540	3000	1658
condition-1-en-5k	en	1	csqa	zh	es	n	n	3	0.5067	0.0032	0.5030	0.5090	3000	1520
condition-1-en-5k	en	1	csqa	zh	ur	n	n	3	0.4820	0.0044	0.4790	0.4870	3000	1446
condition-1-en-5k	en	1	csqa	zh	zh	y	n	3	0.5267	0.0006	0.5260	0.5270	3000	1580
condition-1-en-5k	en	1	sib200	en	en	y	y	3	0.7533	0.0057	0.7500	0.7598	612	461
condition-1-en-5k	en	1	sib200	en	es	n	n	3	0.6487	0.0123	0.6373	0.6618	612	397
condition-1-en-5k	en	1	sib200	en	ur	n	n	3	0.4804	0.0085	0.4755	0.4902	612	294
condition-1-en-5k	en	1	sib200	en	zh	n	n	3	0.7059	0.0085	0.6961	0.7108	612	432
condition-1-en-5k	en	1	sib200	es	en	n	y	3	0.7582	0.0057	0.7549	0.7647	612	464
condition-1-en-5k	en	1	sib200	es	es	y	n	3	0.6389	0.0075	0.6324	0.6471	612	391
condition-1-en-5k	en	1	sib200	es	ur	n	n	3	0.4935	0.0123	0.4804	0.5049	612	302
condition-1-en-5k	en	1	sib200	es	zh	n	n	3	0.6324	0.0049	0.6275	0.6373	612	387
condition-1-en-5k	en	1	sib200	ur	en	n	y	3	0.6895	0.0123	0.6765	0.7010	612	422
condition-1-en-5k	en	1	sib200	ur	es	n	n	3	0.5180	0.0057	0.5147	0.5245	612	317
condition-1-en-5k	en	1	sib200	ur	ur	y	n	3	0.5588	0.0049	0.5539	0.5637	612	342
condition-1-en-5k	en	1	sib200	ur	zh	n	n	3	0.5539	0.0098	0.5441	0.5637	612	339
condition-1-en-5k	en	1	sib200	zh	en	n	y	3	0.7500	0.0049	0.7451	0.7549	612	459
condition-1-en-5k	en	1	sib200	zh	es	n	n	3	0.5735	0.0147	0.5588	0.5882	612	351
condition-1-en-5k	en	1	sib200	zh	ur	n	n	3	0.5245	0.0049	0.5196	0.5294	612	321
condition-1-en-5k	en	1	sib200	zh	zh	y	n	3	0.6650	0.0057	0.6618	0.6716	612	407
condition-1-en-5k	en	1	xnli	en	en	y	y	3	0.5226	0.0026	0.5206	0.5255	15030	7855
condition-1-en-5k	en	1	xnli	en	es	n	n	3	0.4161	0.0039	0.4122	0.4200	15030	6254
condition-1-en-5k	en	1	xnli	en	ur	n	n	3	0.4253	0.0087	0.4200	0.4353	15030	6392
condition-1-en-5k	en	1	xnli	en	zh	n	n	3	0.3340	0.0004	0.3335	0.3343	15030	5020
condition-1-en-5k	en	1	xnli	es	en	n	y	3	0.4687	0.0030	0.4657	0.4717	15030	7045
condition-1-en-5k	en	1	xnli	es	es	y	n	3	0.4623	0.0038	0.4581	0.4653	15030	6949
condition-1-en-5k	en	1	xnli	es	ur	n	n	3	0.3516	0.0033	0.3489	0.3553	15030	5284
condition-1-en-5k	en	1	xnli	es	zh	n	n	3	0.3343	0.0006	0.3337	0.3349	15030	5024
condition-1-en-5k	en	1	xnli	ur	en	n	y	3	0.4375	0.0028	0.4347	0.4403	15030	6576
condition-1-en-5k	en	1	xnli	ur	es	n	n	3	0.3844	0.0014	0.3828	0.3856	15030	5777
condition-1-en-5k	en	1	xnli	ur	ur	y	n	3	0.3336	0.0009	0.3325	0.3343	15030	5014
condition-1-en-5k	en	1	xnli	ur	zh	n	n	3	0.3331	0.0002	0.3329	0.3333	15030	5007
condition-1-en-5k	en	1	xnli	zh	en	n	y	3	0.4034	0.0047	0.3984	0.4078	15030	6063
condition-1-en-5k	en	1	xnli	zh	es	n	n	3	0.3333	0.0000	0.3333	0.3333	15030	5010
condition-1-en-5k	en	1	xnli	zh	ur	n	n	3	0.3373	0.0004	0.3369	0.3377	15030	5069
condition-1-en-5k	en	1	xnli	zh	zh	y	n	3	0.3349	0.0040	0.3321	0.3395	15030	5034
condition-1-en-5k	en	2	belebele	en	en	y	y	3	0.7870	0.0017	0.7856	0.7889	2700	2125
condition-1-en-5k	en	2	belebele	en	es	n	n	3	0.7830	0.0023	0.7811	0.7856	2700	2114
condition-1-en-5k	en	2	belebele	en	ur	n	n	3	0.7611	0.0011	0.7600	0.7622	2700	2055
condition-1-en-5k	en	2	belebele	en	zh	n	n	3	0.8015	0.0042	0.7967	0.8044	2700	2164
condition-1-en-5k	en	2	belebele	es	en	n	y	3	0.7096	0.0028	0.7067	0.7122	2700	1916
condition-1-en-5k	en	2	belebele	es	es	y	n	3	0.6952	0.0028	0.6922	0.6978	2700	1877
condition-1-en-5k	en	2	belebele	es	ur	n	n	3	0.6456	0.0059	0.6389	0.6500	2700	1743
condition-1-en-5k	en	2	belebele	es	zh	n	n	3	0.7193	0.0026	0.7178	0.7222	2700	1942
condition-1-en-5k	en	2	belebele	ur	en	n	y	3	0.6200	0.0040	0.6156	0.6233	2700	1674
condition-1-en-5k	en	2	belebele	ur	es	n	n	3	0.5622	0.0058	0.5556	0.5656	2700	1518
condition-1-en-5k	en	2	belebele	ur	ur	y	n	3	0.5256	0.0029	0.5233	0.5289	2700	1419
condition-1-en-5k	en	2	belebele	ur	zh	n	n	3	0.6030	0.0034	0.6000	0.6067	2700	1628
condition-1-en-5k	en	2	belebele	zh	en	n	y	3	0.7637	0.0023	0.7611	0.7656	2700	2062
condition-1-en-5k	en	2	belebele	zh	es	n	n	3	0.7352	0.0013	0.7344	0.7367	2700	1985
condition-1-en-5k	en	2	belebele	zh	ur	n	n	3	0.7093	0.0006	0.7089	0.7100	2700	1915
condition-1-en-5k	en	2	belebele	zh	zh	y	n	3	0.7578	0.0038	0.7556	0.7622	2700	2046
condition-1-en-5k	en	2	csqa	en	en	y	y	3	0.6113	0.0040	0.6090	0.6160	3000	1834
condition-1-en-5k	en	2	csqa	en	es	n	n	3	0.6187	0.0012	0.6180	0.6200	3000	1856
condition-1-en-5k	en	2	csqa	en	ur	n	n	3	0.5860	0.0010	0.5850	0.5870	3000	1758
condition-1-en-5k	en	2	csqa	en	zh	n	n	3	0.6363	0.0085	0.6280	0.6450	3000	1909
condition-1-en-5k	en	2	csqa	es	en	n	y	3	0.5260	0.0062	0.5190	0.5310	3000	1578
condition-1-en-5k	en	2	csqa	es	es	y	n	3	0.5340	0.0026	0.5310	0.5360	3000	1602
condition-1-en-5k	en	2	csqa	es	ur	n	n	3	0.4830	0.0030	0.4800	0.4860	3000	1449
condition-1-en-5k	en	2	csqa	es	zh	n	n	3	0.5293	0.0051	0.5250	0.5350	3000	1588
condition-1-en-5k	en	2	csqa	ur	en	n	y	3	0.4197	0.0023	0.4170	0.4210	3000	1259
condition-1-en-5k	en	2	csqa	ur	es	n	n	3	0.3940	0.0026	0.3910	0.3960	3000	1182
condition-1-en-5k	en	2	csqa	ur	ur	y	n	3	0.3920	0.0030	0.3890	0.3950	3000	1176
condition-1-en-5k	en	2	csqa	ur	zh	n	n	3	0.4030	0.0040	0.3990	0.4070	3000	1209
condition-1-en-5k	en	2	csqa	zh	en	n	y	3	0.5323	0.0032	0.5300	0.5360	3000	1597
condition-1-en-5k	en	2	csqa	zh	es	n	n	3	0.5043	0.0006	0.5040	0.5050	3000	1513
condition-1-en-5k	en	2	csqa	zh	ur	n	n	3	0.4663	0.0038	0.4620	0.4690	3000	1399
condition-1-en-5k	en	2	csqa	zh	zh	y	n	3	0.5343	0.0025	0.5320	0.5370	3000	1603
condition-1-en-5k	en	2	sib200	en	en	y	y	3	0.7092	0.0075	0.7010	0.7157	612	434
condition-1-en-5k	en	2	sib200	en	es	n	n	3	0.5131	0.0158	0.4951	0.5245	612	314
condition-1-en-5k	en	2	sib200	en	ur	n	n	3	0.4232	0.0113	0.4167	0.4363	612	259
condition-1-en-5k	en	2	sib200	en	zh	n	n	3	0.6503	0.0028	0.6471	0.6520	612	398
condition-1-en-5k	en	2	sib200	es	en	n	y	3	0.6585	0.0075	0.6520	0.6667	612	403
condition-1-en-5k	en	2	sib200	es	es	y	n	3	0.5000	0.0049	0.4951	0.5049	612	306
condition-1-en-5k	en	2	sib200	es	ur	n	n	3	0.3693	0.0172	0.3529	0.3873	612	226
condition-1-en-5k	en	2	sib200	es	zh	n	n	3	0.5752	0.0028	0.5735	0.5784	612	352
condition-1-en-5k	en	2	sib200	ur	en	n	y	3	0.6667	0.0085	0.6569	0.6716	612	408
condition-1-en-5k	en	2	sib200	ur	es	n	n	3	0.5637	0.0245	0.5392	0.5882	612	345
condition-1-en-5k	en	2	sib200	ur	ur	y	n	3	0.5441	0.0049	0.5392	0.5490	612	333
condition-1-en-5k	en	2	sib200	ur	zh	n	n	3	0.5294	0.0085	0.5196	0.5343	612	324
condition-1-en-5k	en	2	sib200	zh	en	n	y	3	0.6716	0.0085	0.6667	0.6814	612	411
condition-1-en-5k	en	2	sib200	zh	es	n	n	3	0.5376	0.0075	0.5294	0.5441	612	329
condition-1-en-5k	en	2	sib200	zh	ur	n	n	3	0.4853	0.0098	0.4755	0.4951	612	297
condition-1-en-5k	en	2	sib200	zh	zh	y	n	3	0.6242	0.0028	0.6225	0.6275	612	382
condition-1-en-5k	en	2	xnli	en	en	y	y	3	0.3565	0.0067	0.3489	0.3617	15030	5358
condition-1-en-5k	en	2	xnli	en	es	n	n	3	0.3904	0.0020	0.3880	0.3916	15030	5867
condition-1-en-5k	en	2	xnli	en	ur	n	n	3	0.2512	0.0164	0.2413	0.2701	15030	3775
condition-1-en-5k	en	2	xnli	en	zh	n	n	3	0.3840	0.0114	0.3715	0.3936	15030	5771
condition-1-en-5k	en	2	xnli	es	en	n	y	3	0.3547	0.0065	0.3477	0.3607	15030	5331
condition-1-en-5k	en	2	xnli	es	es	y	n	3	0.3766	0.0031	0.3735	0.3796	15030	5661
condition-1-en-5k	en	2	xnli	es	ur	n	n	3	0.3191	0.0089	0.3124	0.3291	15030	4796
condition-1-en-5k	en	2	xnli	es	zh	n	n	3	0.3463	0.0154	0.3285	0.3557	15030	5205
condition-1-en-5k	en	2	xnli	ur	en	n	y	3	0.3330	0.0008	0.3325	0.3339	15030	5005
condition-1-en-5k	en	2	xnli	ur	es	n	n	3	0.3744	0.0081	0.3651	0.3798	15030	5627
condition-1-en-5k	en	2	xnli	ur	ur	y	n	3	0.3246	0.0024	0.3230	0.3273	15030	4879
condition-1-en-5k	en	2	xnli	ur	zh	n	n	3	0.2758	0.0101	0.2663	0.2864	15030	4146
condition-1-en-5k	en	2	xnli	zh	en	n	y	3	0.4415	0.0167	0.4261	0.4593	15030	6635
condition-1-en-5k	en	2	xnli	zh	es	n	n	3	0.3677	0.0085	0.3587	0.3756	15030	5527
condition-1-en-5k	en	2	xnli	zh	ur	n	n	3	0.3365	0.0004	0.3361	0.3369	15030	5057
condition-1-en-5k	en	2	xnli	zh	zh	y	n	3	0.2910	0.0151	0.2745	0.3042	15030	4373
condition-2-es-20k	es	1	belebele	en	en	y	n	1	0.7878	nan	0.7878	0.7878	900	709
condition-2-es-20k	es	1	belebele	en	es	n	y	1	0.7744	nan	0.7744	0.7744	900	697
condition-2-es-20k	es	1	belebele	es	en	n	n	1	0.7022	nan	0.7022	0.7022	900	632
condition-2-es-20k	es	1	belebele	es	es	y	y	1	0.6678	nan	0.6678	0.6678	900	601
condition-2-es-20k	es	1	belebele	ur	en	n	n	1	0.6089	nan	0.6089	0.6089	900	548
condition-2-es-20k	es	1	belebele	ur	es	n	y	1	0.5444	nan	0.5444	0.5444	900	490
condition-2-es-20k	es	1	belebele	zh	en	n	n	1	0.7556	nan	0.7556	0.7556	900	680
condition-2-es-20k	es	1	belebele	zh	es	n	y	1	0.7156	nan	0.7156	0.7156	900	644
condition-2-es-20k	es	1	csqa	en	en	y	n	1	0.6010	nan	0.6010	0.6010	1000	601
condition-2-es-20k	es	1	csqa	en	es	n	y	1	0.6100	nan	0.6100	0.6100	1000	610
condition-2-es-20k	es	1	csqa	es	en	n	n	1	0.5360	nan	0.5360	0.5360	1000	536
condition-2-es-20k	es	1	csqa	es	es	y	y	1	0.5400	nan	0.5400	0.5400	1000	540
condition-2-es-20k	es	1	csqa	ur	en	n	n	1	0.4180	nan	0.4180	0.4180	1000	418
condition-2-es-20k	es	1	csqa	ur	es	n	y	1	0.3950	nan	0.3950	0.3950	1000	395
condition-2-es-20k	es	1	csqa	zh	en	n	n	1	0.5490	nan	0.5490	0.5490	1000	549
condition-2-es-20k	es	1	csqa	zh	es	n	y	1	0.5230	nan	0.5230	0.5230	1000	523
condition-2-es-20k	es	1	sib200	en	en	y	n	1	0.7549	nan	0.7549	0.7549	204	154
condition-2-es-20k	es	1	sib200	en	es	n	y	1	0.6814	nan	0.6814	0.6814	204	139
condition-2-es-20k	es	1	sib200	es	en	n	n	1	0.7598	nan	0.7598	0.7598	204	155
condition-2-es-20k	es	1	sib200	es	es	y	y	1	0.6765	nan	0.6765	0.6765	204	138
condition-2-es-20k	es	1	sib200	ur	en	n	n	1	0.7108	nan	0.7108	0.7108	204	145
condition-2-es-20k	es	1	sib200	ur	es	n	y	1	0.5686	nan	0.5686	0.5686	204	116
condition-2-es-20k	es	1	sib200	zh	en	n	n	1	0.7647	nan	0.7647	0.7647	204	156
condition-2-es-20k	es	1	sib200	zh	es	n	y	1	0.6520	nan	0.6520	0.6520	204	133
condition-2-es-20k	es	1	xnli	en	en	y	n	1	0.4986	nan	0.4986	0.4986	5010	2498
condition-2-es-20k	es	1	xnli	en	es	n	y	1	0.4194	nan	0.4194	0.4194	5010	2101
condition-2-es-20k	es	1	xnli	es	en	n	n	1	0.4631	nan	0.4631	0.4631	5010	2320
condition-2-es-20k	es	1	xnli	es	es	y	y	1	0.4042	nan	0.4042	0.4042	5010	2025
condition-2-es-20k	es	1	xnli	ur	en	n	n	1	0.4381	nan	0.4381	0.4381	5010	2195
condition-2-es-20k	es	1	xnli	ur	es	n	y	1	0.4277	nan	0.4277	0.4277	5010	2143
condition-2-es-20k	es	1	xnli	zh	en	n	n	1	0.3852	nan	0.3852	0.3852	5010	1930
condition-2-es-20k	es	1	xnli	zh	es	n	y	1	0.3371	nan	0.3371	0.3371	5010	1689
condition-2-es-20k	es	2	belebele	en	en	y	n	1	0.7867	nan	0.7867	0.7867	900	708
condition-2-es-20k	es	2	belebele	en	es	n	y	1	0.7944	nan	0.7944	0.7944	900	715
condition-2-es-20k	es	2	belebele	es	en	n	n	1	0.7222	nan	0.7222	0.7222	900	650
condition-2-es-20k	es	2	belebele	es	es	y	y	1	0.6978	nan	0.6978	0.6978	900	628
condition-2-es-20k	es	2	belebele	ur	en	n	n	1	0.6178	nan	0.6178	0.6178	900	556
condition-2-es-20k	es	2	belebele	ur	es	n	y	1	0.5878	nan	0.5878	0.5878	900	529
condition-2-es-20k	es	2	belebele	zh	en	n	n	1	0.7667	nan	0.7667	0.7667	900	690
condition-2-es-20k	es	2	belebele	zh	es	n	y	1	0.7433	nan	0.7433	0.7433	900	669
condition-2-es-20k	es	2	csqa	en	en	y	n	1	0.6020	nan	0.6020	0.6020	1000	602
condition-2-es-20k	es	2	csqa	en	es	n	y	1	0.6300	nan	0.6300	0.6300	1000	630
condition-2-es-20k	es	2	csqa	es	en	n	n	1	0.5240	nan	0.5240	0.5240	1000	524
condition-2-es-20k	es	2	csqa	es	es	y	y	1	0.5520	nan	0.5520	0.5520	1000	552
condition-2-es-20k	es	2	csqa	ur	en	n	n	1	0.4250	nan	0.4250	0.4250	1000	425
condition-2-es-20k	es	2	csqa	ur	es	n	y	1	0.4100	nan	0.4100	0.4100	1000	410
condition-2-es-20k	es	2	csqa	zh	en	n	n	1	0.5350	nan	0.5350	0.5350	1000	535
condition-2-es-20k	es	2	csqa	zh	es	n	y	1	0.5200	nan	0.5200	0.5200	1000	520
condition-2-es-20k	es	2	sib200	en	en	y	n	1	0.6912	nan	0.6912	0.6912	204	141
condition-2-es-20k	es	2	sib200	en	es	n	y	1	0.5049	nan	0.5049	0.5049	204	103
condition-2-es-20k	es	2	sib200	es	en	n	n	1	0.6520	nan	0.6520	0.6520	204	133
condition-2-es-20k	es	2	sib200	es	es	y	y	1	0.5000	nan	0.5000	0.5000	204	102
condition-2-es-20k	es	2	sib200	ur	en	n	n	1	0.6471	nan	0.6471	0.6471	204	132
condition-2-es-20k	es	2	sib200	ur	es	n	y	1	0.4314	nan	0.4314	0.4314	204	88
condition-2-es-20k	es	2	sib200	zh	en	n	n	1	0.6373	nan	0.6373	0.6373	204	130
condition-2-es-20k	es	2	sib200	zh	es	n	y	1	0.5245	nan	0.5245	0.5245	204	107
condition-2-es-20k	es	2	xnli	en	en	y	n	1	0.4084	nan	0.4084	0.4084	5010	2046
condition-2-es-20k	es	2	xnli	en	es	n	y	1	0.4509	nan	0.4509	0.4509	5010	2259
condition-2-es-20k	es	2	xnli	es	en	n	n	1	0.3794	nan	0.3794	0.3794	5010	1901
condition-2-es-20k	es	2	xnli	es	es	y	y	1	0.3988	nan	0.3988	0.3988	5010	1998
condition-2-es-20k	es	2	xnli	ur	en	n	n	1	0.3325	nan	0.3325	0.3325	5010	1666
condition-2-es-20k	es	2	xnli	ur	es	n	y	1	0.3950	nan	0.3950	0.3950	5010	1979
condition-2-es-20k	es	2	xnli	zh	en	n	n	1	0.4838	nan	0.4838	0.4838	5010	2424
condition-2-es-20k	es	2	xnli	zh	es	n	y	1	0.3737	nan	0.3737	0.3737	5010	1872
condition-2-es-5k	es	1	belebele	en	en	y	n	3	0.7826	0.0023	0.7800	0.7844	2700	2113
condition-2-es-5k	es	1	belebele	en	es	n	y	3	0.7704	0.0057	0.7656	0.7767	2700	2080
condition-2-es-5k	es	1	belebele	es	en	n	n	3	0.7074	0.0017	0.7056	0.7089	2700	1910
condition-2-es-5k	es	1	belebele	es	es	y	y	3	0.6744	0.0011	0.6733	0.6756	2700	1821
condition-2-es-5k	es	1	belebele	ur	en	n	n	3	0.6111	0.0022	0.6089	0.6133	2700	1650
condition-2-es-5k	es	1	belebele	ur	es	n	y	3	0.5596	0.0084	0.5500	0.5656	2700	1511
condition-2-es-5k	es	1	belebele	zh	en	n	n	3	0.7593	0.0061	0.7522	0.7633	2700	2050
condition-2-es-5k	es	1	belebele	zh	es	n	y	3	0.7222	0.0069	0.7167	0.7300	2700	1950
condition-2-es-5k	es	1	csqa	en	en	y	n	3	0.6063	0.0067	0.6020	0.6140	3000	1819
condition-2-es-5k	es	1	csqa	en	es	n	y	3	0.6040	0.0036	0.6000	0.6070	3000	1812
condition-2-es-5k	es	1	csqa	es	en	n	n	3	0.5330	0.0061	0.5260	0.5370	3000	1599
condition-2-es-5k	es	1	csqa	es	es	y	y	3	0.5387	0.0042	0.5340	0.5420	3000	1616
condition-2-es-5k	es	1	csqa	ur	en	n	n	3	0.4133	0.0060	0.4070	0.4190	3000	1240
condition-2-es-5k	es	1	csqa	ur	es	n	y	3	0.4067	0.0023	0.4040	0.4080	3000	1220
condition-2-es-5k	es	1	csqa	zh	en	n	n	3	0.5507	0.0058	0.5440	0.5540	3000	1652
condition-2-es-5k	es	1	csqa	zh	es	n	y	3	0.5077	0.0029	0.5060	0.5110	3000	1523
condition-2-es-5k	es	1	sib200	en	en	y	n	3	0.7647	0.0049	0.7598	0.7696	612	468
condition-2-es-5k	es	1	sib200	en	es	n	y	3	0.6732	0.0028	0.6716	0.6765	612	412
condition-2-es-5k	es	1	sib200	es	en	n	n	3	0.7631	0.0075	0.7549	0.7696	612	467
condition-2-es-5k	es	1	sib200	es	es	y	y	3	0.6438	0.0028	0.6422	0.6471	612	394
condition-2-es-5k	es	1	sib200	ur	en	n	n	3	0.6993	0.0028	0.6961	0.7010	612	428
condition-2-es-5k	es	1	sib200	ur	es	n	y	3	0.5359	0.0102	0.5245	0.5441	612	328
condition-2-es-5k	es	1	sib200	zh	en	n	n	3	0.7680	0.0028	0.7647	0.7696	612	470
condition-2-es-5k	es	1	sib200	zh	es	n	y	3	0.6389	0.0102	0.6275	0.6471	612	391
condition-2-es-5k	es	1	xnli	en	en	y	n	3	0.5261	0.0027	0.5244	0.5291	15030	7907
condition-2-es-5k	es	1	xnli	en	es	n	y	3	0.4833	0.0261	0.4569	0.5090	15030	7264
condition-2-es-5k	es	1	xnli	es	en	n	n	3	0.4817	0.0100	0.4756	0.4932	15030	7240
condition-2-es-5k	es	1	xnli	es	es	y	y	3	0.4607	0.0233	0.4339	0.4762	15030	6925
condition-2-es-5k	es	1	xnli	ur	en	n	n	3	0.4454	0.0016	0.4437	0.4469	15030	6694
condition-2-es-5k	es	1	xnli	ur	es	n	y	3	0.4398	0.0037	0.4357	0.4431	15030	6610
condition-2-es-5k	es	1	xnli	zh	en	n	n	3	0.4263	0.0083	0.4210	0.4359	15030	6408
condition-2-es-5k	es	1	xnli	zh	es	n	y	3	0.3538	0.0117	0.3435	0.3665	15030	5317
condition-2-es-5k	es	2	belebele	en	en	y	n	3	0.7870	0.0042	0.7822	0.7900	2700	2125
condition-2-es-5k	es	2	belebele	en	es	n	y	3	0.7919	0.0032	0.7900	0.7956	2700	2138
condition-2-es-5k	es	2	belebele	es	en	n	n	3	0.7174	0.0065	0.7100	0.7222	2700	1937
condition-2-es-5k	es	2	belebele	es	es	y	y	3	0.7093	0.0053	0.7033	0.7133	2700	1915
condition-2-es-5k	es	2	belebele	ur	en	n	n	3	0.6259	0.0042	0.6211	0.6289	2700	1690
condition-2-es-5k	es	2	belebele	ur	es	n	y	3	0.5922	0.0033	0.5889	0.5956	2700	1599
condition-2-es-5k	es	2	belebele	zh	en	n	n	3	0.7648	0.0028	0.7622	0.7678	2700	2065
condition-2-es-5k	es	2	belebele	zh	es	n	y	3	0.7467	0.0019	0.7456	0.7489	2700	2016
condition-2-es-5k	es	2	csqa	en	en	y	n	3	0.6063	0.0032	0.6040	0.6100	3000	1819
condition-2-es-5k	es	2	csqa	en	es	n	y	3	0.6220	0.0017	0.6210	0.6240	3000	1866
condition-2-es-5k	es	2	csqa	es	en	n	n	3	0.5287	0.0029	0.5270	0.5320	3000	1586
condition-2-es-5k	es	2	csqa	es	es	y	y	3	0.5430	0.0026	0.5400	0.5450	3000	1629
condition-2-es-5k	es	2	csqa	ur	en	n	n	3	0.4200	0.0020	0.4180	0.4220	3000	1260
condition-2-es-5k	es	2	csqa	ur	es	n	y	3	0.4027	0.0025	0.4000	0.4050	3000	1208
condition-2-es-5k	es	2	csqa	zh	en	n	n	3	0.5413	0.0040	0.5370	0.5450	3000	1624
condition-2-es-5k	es	2	csqa	zh	es	n	y	3	0.5093	0.0040	0.5070	0.5140	3000	1528
condition-2-es-5k	es	2	sib200	en	en	y	n	3	0.6961	0.0085	0.6912	0.7059	612	426
condition-2-es-5k	es	2	sib200	en	es	n	y	3	0.4886	0.0028	0.4853	0.4902	612	299
condition-2-es-5k	es	2	sib200	es	en	n	n	3	0.6503	0.0028	0.6471	0.6520	612	398
condition-2-es-5k	es	2	sib200	es	es	y	y	3	0.4788	0.0102	0.4706	0.4902	612	293
condition-2-es-5k	es	2	sib200	ur	en	n	n	3	0.6601	0.0075	0.6520	0.6667	612	404
condition-2-es-5k	es	2	sib200	ur	es	n	y	3	0.4477	0.0242	0.4314	0.4755	612	274
condition-2-es-5k	es	2	sib200	zh	en	n	n	3	0.6536	0.0057	0.6471	0.6569	612	400
condition-2-es-5k	es	2	sib200	zh	es	n	y	3	0.5033	0.0057	0.5000	0.5098	612	308
condition-2-es-5k	es	2	xnli	en	en	y	n	3	0.3601	0.0069	0.3525	0.3659	15030	5412
condition-2-es-5k	es	2	xnli	en	es	n	y	3	0.3947	0.0158	0.3824	0.4126	15030	5932
condition-2-es-5k	es	2	xnli	es	en	n	n	3	0.3546	0.0058	0.3483	0.3599	15030	5329
condition-2-es-5k	es	2	xnli	es	es	y	y	3	0.3858	0.0137	0.3764	0.4016	15030	5799
condition-2-es-5k	es	2	xnli	ur	en	n	n	3	0.3340	0.0005	0.3335	0.3345	15030	5020
condition-2-es-5k	es	2	xnli	ur	es	n	y	3	0.4003	0.0046	0.3954	0.4044	15030	6017
condition-2-es-5k	es	2	xnli	zh	en	n	n	3	0.4148	0.0087	0.4072	0.4244	15030	6235
condition-2-es-5k	es	2	xnli	zh	es	n	y	3	0.3610	0.0094	0.3553	0.3719	15030	5426
condition-2-ur-20k	ur	1	belebele	en	en	y	n	1	0.7922	nan	0.7922	0.7922	900	713
condition-2-ur-20k	ur	1	belebele	en	ur	n	y	1	0.7856	nan	0.7856	0.7856	900	707
condition-2-ur-20k	ur	1	belebele	es	en	n	n	1	0.7144	nan	0.7144	0.7144	900	643
condition-2-ur-20k	ur	1	belebele	es	ur	n	y	1	0.6889	nan	0.6889	0.6889	900	620
condition-2-ur-20k	ur	1	belebele	ur	en	n	n	1	0.6000	nan	0.6000	0.6000	900	540
condition-2-ur-20k	ur	1	belebele	ur	ur	y	y	1	0.5000	nan	0.5000	0.5000	900	450
condition-2-ur-20k	ur	1	belebele	zh	en	n	n	1	0.7678	nan	0.7678	0.7678	900	691
condition-2-ur-20k	ur	1	belebele	zh	ur	n	y	1	0.7500	nan	0.7500	0.7500	900	675
condition-2-ur-20k	ur	1	csqa	en	en	y	n	1	0.6170	nan	0.6170	0.6170	1000	617
condition-2-ur-20k	ur	1	csqa	en	ur	n	y	1	0.6100	nan	0.6100	0.6100	1000	610
condition-2-ur-20k	ur	1	csqa	es	en	n	n	1	0.5430	nan	0.5430	0.5430	1000	543
condition-2-ur-20k	ur	1	csqa	es	ur	n	y	1	0.4990	nan	0.4990	0.4990	1000	499
condition-2-ur-20k	ur	1	csqa	ur	en	n	n	1	0.3740	nan	0.3740	0.3740	1000	374
condition-2-ur-20k	ur	1	csqa	ur	ur	y	y	1	0.3410	nan	0.3410	0.3410	1000	341
condition-2-ur-20k	ur	1	csqa	zh	en	n	n	1	0.5490	nan	0.5490	0.5490	1000	549
condition-2-ur-20k	ur	1	csqa	zh	ur	n	y	1	0.4970	nan	0.4970	0.4970	1000	497
condition-2-ur-20k	ur	1	sib200	en	en	y	n	1	0.7647	nan	0.7647	0.7647	204	156
condition-2-ur-20k	ur	1	sib200	en	ur	n	y	1	0.3725	nan	0.3725	0.3725	204	76
condition-2-ur-20k	ur	1	sib200	es	en	n	n	1	0.7304	nan	0.7304	0.7304	204	149
condition-2-ur-20k	ur	1	sib200	es	ur	n	y	1	0.3137	nan	0.3137	0.3137	204	64
condition-2-ur-20k	ur	1	sib200	ur	en	n	n	1	0.6569	nan	0.6569	0.6569	204	134
condition-2-ur-20k	ur	1	sib200	ur	ur	y	y	1	0.2598	nan	0.2598	0.2598	204	53
condition-2-ur-20k	ur	1	sib200	zh	en	n	n	1	0.7304	nan	0.7304	0.7304	204	149
condition-2-ur-20k	ur	1	sib200	zh	ur	n	y	1	0.3971	nan	0.3971	0.3971	204	81
condition-2-ur-20k	ur	1	xnli	en	en	y	n	1	0.5379	nan	0.5379	0.5379	5010	2695
condition-2-ur-20k	ur	1	xnli	en	ur	n	y	1	0.4595	nan	0.4595	0.4595	5010	2302
condition-2-ur-20k	ur	1	xnli	es	en	n	n	1	0.5002	nan	0.5002	0.5002	5010	2506
condition-2-ur-20k	ur	1	xnli	es	ur	n	y	1	0.3673	nan	0.3673	0.3673	5010	1840
condition-2-ur-20k	ur	1	xnli	ur	en	n	n	1	0.4439	nan	0.4439	0.4439	5010	2224
condition-2-ur-20k	ur	1	xnli	ur	ur	y	y	1	0.3337	nan	0.3337	0.3337	5010	1672
condition-2-ur-20k	ur	1	xnli	zh	en	n	n	1	0.4413	nan	0.4413	0.4413	5010	2211
condition-2-ur-20k	ur	1	xnli	zh	ur	n	y	1	0.3403	nan	0.3403	0.3403	5010	1705
condition-2-ur-20k	ur	2	belebele	en	en	y	n	1	0.7944	nan	0.7944	0.7944	900	715
condition-2-ur-20k	ur	2	belebele	en	ur	n	y	1	0.7844	nan	0.7844	0.7844	900	706
condition-2-ur-20k	ur	2	belebele	es	en	n	n	1	0.7300	nan	0.7300	0.7300	900	657
condition-2-ur-20k	ur	2	belebele	es	ur	n	y	1	0.6889	nan	0.6889	0.6889	900	620
condition-2-ur-20k	ur	2	belebele	ur	en	n	n	1	0.6056	nan	0.6056	0.6056	900	545
condition-2-ur-20k	ur	2	belebele	ur	ur	y	y	1	0.4844	nan	0.4844	0.4844	900	436
condition-2-ur-20k	ur	2	belebele	zh	en	n	n	1	0.7744	nan	0.7744	0.7744	900	697
condition-2-ur-20k	ur	2	belebele	zh	ur	n	y	1	0.7467	nan	0.7467	0.7467	900	672
condition-2-ur-20k	ur	2	csqa	en	en	y	n	1	0.6080	nan	0.6080	0.6080	1000	608
condition-2-ur-20k	ur	2	csqa	en	ur	n	y	1	0.6120	nan	0.6120	0.6120	1000	612
condition-2-ur-20k	ur	2	csqa	es	en	n	n	1	0.5420	nan	0.5420	0.5420	1000	542
condition-2-ur-20k	ur	2	csqa	es	ur	n	y	1	0.5020	nan	0.5020	0.5020	1000	502
condition-2-ur-20k	ur	2	csqa	ur	en	n	n	1	0.3430	nan	0.3430	0.3430	1000	343
condition-2-ur-20k	ur	2	csqa	ur	ur	y	y	1	0.3520	nan	0.3520	0.3520	1000	352
condition-2-ur-20k	ur	2	csqa	zh	en	n	n	1	0.5270	nan	0.5270	0.5270	1000	527
condition-2-ur-20k	ur	2	csqa	zh	ur	n	y	1	0.5070	nan	0.5070	0.5070	1000	507
condition-2-ur-20k	ur	2	sib200	en	en	y	n	1	0.6912	nan	0.6912	0.6912	204	141
condition-2-ur-20k	ur	2	sib200	en	ur	n	y	1	0.7157	nan	0.7157	0.7157	204	146
condition-2-ur-20k	ur	2	sib200	es	en	n	n	1	0.6520	nan	0.6520	0.6520	204	133
condition-2-ur-20k	ur	2	sib200	es	ur	n	y	1	0.6127	nan	0.6127	0.6127	204	125
condition-2-ur-20k	ur	2	sib200	ur	en	n	n	1	0.5980	nan	0.5980	0.5980	204	122
condition-2-ur-20k	ur	2	sib200	ur	ur	y	y	1	0.3382	nan	0.3382	0.3382	204	69
condition-2-ur-20k	ur	2	sib200	zh	en	n	n	1	0.6520	nan	0.6520	0.6520	204	133
condition-2-ur-20k	ur	2	sib200	zh	ur	n	y	1	0.6176	nan	0.6176	0.6176	204	126
condition-2-ur-20k	ur	2	xnli	en	en	y	n	1	0.3615	nan	0.3615	0.3615	5010	1811
condition-2-ur-20k	ur	2	xnli	en	ur	n	y	1	0.3415	nan	0.3415	0.3415	5010	1711
condition-2-ur-20k	ur	2	xnli	es	en	n	n	1	0.3687	nan	0.3687	0.3687	5010	1847
condition-2-ur-20k	ur	2	xnli	es	ur	n	y	1	0.3812	nan	0.3812	0.3812	5010	1910
condition-2-ur-20k	ur	2	xnli	ur	en	n	n	1	0.3363	nan	0.3363	0.3363	5010	1685
condition-2-ur-20k	ur	2	xnli	ur	ur	y	y	1	0.3910	nan	0.3910	0.3910	5010	1959
condition-2-ur-20k	ur	2	xnli	zh	en	n	n	1	0.4577	nan	0.4577	0.4577	5010	2293
condition-2-ur-20k	ur	2	xnli	zh	ur	n	y	1	0.4501	nan	0.4501	0.4501	5010	2255
condition-2-ur-5k	ur	1	belebele	en	en	y	n	3	0.7907	0.0017	0.7889	0.7922	2700	2135
condition-2-ur-5k	ur	1	belebele	en	ur	n	y	3	0.8019	0.0034	0.7989	0.8056	2700	2165
condition-2-ur-5k	ur	1	belebele	es	en	n	n	3	0.7241	0.0045	0.7200	0.7289	2700	1955
condition-2-ur-5k	ur	1	belebele	es	ur	n	y	3	0.7170	0.0101	0.7056	0.7244	2700	1936
condition-2-ur-5k	ur	1	belebele	ur	en	n	n	3	0.6289	0.0058	0.6222	0.6322	2700	1698
condition-2-ur-5k	ur	1	belebele	ur	ur	y	y	3	0.5633	0.0223	0.5378	0.5789	2700	1521
condition-2-ur-5k	ur	1	belebele	zh	en	n	n	3	0.7741	0.0032	0.7722	0.7778	2700	2090
condition-2-ur-5k	ur	1	belebele	zh	ur	n	y	3	0.7600	0.0029	0.7578	0.7633	2700	2052
condition-2-ur-5k	ur	1	csqa	en	en	y	n	3	0.6103	0.0015	0.6090	0.6120	3000	1831
condition-2-ur-5k	ur	1	csqa	en	ur	n	y	3	0.5977	0.0086	0.5900	0.6070	3000	1793
condition-2-ur-5k	ur	1	csqa	es	en	n	n	3	0.5393	0.0049	0.5360	0.5450	3000	1618
condition-2-ur-5k	ur	1	csqa	es	ur	n	y	3	0.4890	0.0046	0.4840	0.4930	3000	1467
condition-2-ur-5k	ur	1	csqa	ur	en	n	n	3	0.4030	0.0070	0.3960	0.4100	3000	1209
condition-2-ur-5k	ur	1	csqa	ur	ur	y	y	3	0.3663	0.0122	0.3530	0.3770	3000	1099
condition-2-ur-5k	ur	1	csqa	zh	en	n	n	3	0.5607	0.0006	0.5600	0.5610	3000	1682
condition-2-ur-5k	ur	1	csqa	zh	ur	n	y	3	0.4883	0.0067	0.4840	0.4960	3000	1465
condition-2-ur-5k	ur	1	sib200	en	en	y	n	3	0.7729	0.0075	0.7647	0.7794	612	473
condition-2-ur-5k	ur	1	sib200	en	ur	n	y	3	0.5719	0.0428	0.5245	0.6078	612	350
condition-2-ur-5k	ur	1	sib200	es	en	n	n	3	0.7190	0.0186	0.7059	0.7402	612	440
condition-2-ur-5k	ur	1	sib200	es	ur	n	y	3	0.5392	0.0497	0.4951	0.5931	612	330
condition-2-ur-5k	ur	1	sib200	ur	en	n	n	3	0.6765	0.0170	0.6667	0.6961	612	414
condition-2-ur-5k	ur	1	sib200	ur	ur	y	y	3	0.4232	0.0355	0.3824	0.4461	612	259
condition-2-ur-5k	ur	1	sib200	zh	en	n	n	3	0.7353	0.0130	0.7206	0.7451	612	450
condition-2-ur-5k	ur	1	sib200	zh	ur	n	y	3	0.6781	0.0270	0.6520	0.7059	612	415
condition-2-ur-5k	ur	1	xnli	en	en	y	n	3	0.5279	0.0195	0.5054	0.5399	15030	7934
condition-2-ur-5k	ur	1	xnli	en	ur	n	y	3	0.3551	0.0182	0.3441	0.3760	15030	5337
condition-2-ur-5k	ur	1	xnli	es	en	n	n	3	0.4737	0.0298	0.4395	0.4938	15030	7120
condition-2-ur-5k	ur	1	xnli	es	ur	n	y	3	0.3452	0.0114	0.3373	0.3583	15030	5188
condition-2-ur-5k	ur	1	xnli	ur	en	n	n	3	0.4220	0.0280	0.3904	0.4439	15030	6342
condition-2-ur-5k	ur	1	xnli	ur	ur	y	y	3	0.3365	0.0015	0.3351	0.3381	15030	5058
condition-2-ur-5k	ur	1	xnli	zh	en	n	n	3	0.4318	0.0286	0.3988	0.4485	15030	6490
condition-2-ur-5k	ur	1	xnli	zh	ur	n	y	3	0.3343	0.0009	0.3335	0.3353	15030	5025
condition-2-ur-5k	ur	2	belebele	en	en	y	n	3	0.7952	0.0050	0.7900	0.8000	2700	2147
condition-2-ur-5k	ur	2	belebele	en	ur	n	y	3	0.8096	0.0026	0.8067	0.8111	2700	2186
condition-2-ur-5k	ur	2	belebele	es	en	n	n	3	0.7393	0.0034	0.7356	0.7422	2700	1996
condition-2-ur-5k	ur	2	belebele	es	ur	n	y	3	0.7078	0.0125	0.6933	0.7156	2700	1911
condition-2-ur-5k	ur	2	belebele	ur	en	n	n	3	0.6381	0.0061	0.6311	0.6422	2700	1723
condition-2-ur-5k	ur	2	belebele	ur	ur	y	y	3	0.5704	0.0156	0.5544	0.5856	2700	1540
condition-2-ur-5k	ur	2	belebele	zh	en	n	n	3	0.7770	0.0034	0.7733	0.7800	2700	2098
condition-2-ur-5k	ur	2	belebele	zh	ur	n	y	3	0.7641	0.0026	0.7611	0.7656	2700	2063
condition-2-ur-5k	ur	2	csqa	en	en	y	n	3	0.6130	0.0026	0.6110	0.6160	3000	1839
condition-2-ur-5k	ur	2	csqa	en	ur	n	y	3	0.6080	0.0053	0.6020	0.6120	3000	1824
condition-2-ur-5k	ur	2	csqa	es	en	n	n	3	0.5313	0.0068	0.5260	0.5390	3000	1594
condition-2-ur-5k	ur	2	csqa	es	ur	n	y	3	0.4970	0.0060	0.4910	0.5030	3000	1491
condition-2-ur-5k	ur	2	csqa	ur	en	n	n	3	0.3870	0.0036	0.3830	0.3900	3000	1161
condition-2-ur-5k	ur	2	csqa	ur	ur	y	y	3	0.3843	0.0200	0.3690	0.4070	3000	1153
condition-2-ur-5k	ur	2	csqa	zh	en	n	n	3	0.5430	0.0046	0.5390	0.5480	3000	1629
condition-2-ur-5k	ur	2	csqa	zh	ur	n	y	3	0.4997	0.0049	0.4940	0.5030	3000	1499
condition-2-ur-5k	ur	2	sib200	en	en	y	n	3	0.6912	0.0049	0.6863	0.6961	612	423
condition-2-ur-5k	ur	2	sib200	en	ur	n	y	3	0.6895	0.0150	0.6765	0.7059	612	422
condition-2-ur-5k	ur	2	sib200	es	en	n	n	3	0.6601	0.0028	0.6569	0.6618	612	404
condition-2-ur-5k	ur	2	sib200	es	ur	n	y	3	0.6503	0.0123	0.6373	0.6618	612	398
condition-2-ur-5k	ur	2	sib200	ur	en	n	n	3	0.6650	0.0123	0.6520	0.6765	612	407
condition-2-ur-5k	ur	2	sib200	ur	ur	y	y	3	0.5000	0.0596	0.4608	0.5686	612	306
condition-2-ur-5k	ur	2	sib200	zh	en	n	n	3	0.6814	0.0049	0.6765	0.6863	612	417
condition-2-ur-5k	ur	2	sib200	zh	ur	n	y	3	0.6765	0.0130	0.6667	0.6912	612	414
condition-2-ur-5k	ur	2	xnli	en	en	y	n	3	0.4053	0.0306	0.3786	0.4387	15030	6092
condition-2-ur-5k	ur	2	xnli	en	ur	n	y	3	0.3615	0.0215	0.3459	0.3860	15030	5433
condition-2-ur-5k	ur	2	xnli	es	en	n	n	3	0.4070	0.0283	0.3848	0.4389	15030	6117
condition-2-ur-5k	ur	2	xnli	es	ur	n	y	3	0.3810	0.0418	0.3491	0.4283	15030	5727
condition-2-ur-5k	ur	2	xnli	ur	en	n	n	3	0.3450	0.0103	0.3383	0.3569	15030	5186
condition-2-ur-5k	ur	2	xnli	ur	ur	y	y	3	0.3658	0.0199	0.3435	0.3816	15030	5498
condition-2-ur-5k	ur	2	xnli	zh	en	n	n	3	0.4703	0.0277	0.4405	0.4954	15030	7068
condition-2-ur-5k	ur	2	xnli	zh	ur	n	y	3	0.4409	0.0196	0.4226	0.4615	15030	6626
condition-2-zh-20k	zh	1	belebele	en	en	y	n	1	0.7889	nan	0.7889	0.7889	900	710
condition-2-zh-20k	zh	1	belebele	en	zh	n	y	1	0.7978	nan	0.7978	0.7978	900	718
condition-2-zh-20k	zh	1	belebele	es	en	n	n	1	0.6978	nan	0.6978	0.6978	900	628
condition-2-zh-20k	zh	1	belebele	es	zh	n	y	1	0.7144	nan	0.7144	0.7144	900	643
condition-2-zh-20k	zh	1	belebele	ur	en	n	n	1	0.6156	nan	0.6156	0.6156	900	554
condition-2-zh-20k	zh	1	belebele	ur	zh	n	y	1	0.6278	nan	0.6278	0.6278	900	565
condition-2-zh-20k	zh	1	belebele	zh	en	n	n	1	0.7700	nan	0.7700	0.7700	900	693
condition-2-zh-20k	zh	1	belebele	zh	zh	y	y	1	0.7722	nan	0.7722	0.7722	900	695
condition-2-zh-20k	zh	1	csqa	en	en	y	n	1	0.6160	nan	0.6160	0.6160	1000	616
condition-2-zh-20k	zh	1	csqa	en	zh	n	y	1	0.6460	nan	0.6460	0.6460	1000	646
condition-2-zh-20k	zh	1	csqa	es	en	n	n	1	0.5290	nan	0.5290	0.5290	1000	529
condition-2-zh-20k	zh	1	csqa	es	zh	n	y	1	0.5710	nan	0.5710	0.5710	1000	571
condition-2-zh-20k	zh	1	csqa	ur	en	n	n	1	0.4250	nan	0.4250	0.4250	1000	425
condition-2-zh-20k	zh	1	csqa	ur	zh	n	y	1	0.4360	nan	0.4360	0.4360	1000	436
condition-2-zh-20k	zh	1	csqa	zh	en	n	n	1	0.5520	nan	0.5520	0.5520	1000	552
condition-2-zh-20k	zh	1	csqa	zh	zh	y	y	1	0.5410	nan	0.5410	0.5410	1000	541
condition-2-zh-20k	zh	1	sib200	en	en	y	n	1	0.7451	nan	0.7451	0.7451	204	152
condition-2-zh-20k	zh	1	sib200	en	zh	n	y	1	0.6667	nan	0.6667	0.6667	204	136
condition-2-zh-20k	zh	1	sib200	es	en	n	n	1	0.7549	nan	0.7549	0.7549	204	154
condition-2-zh-20k	zh	1	sib200	es	zh	n	y	1	0.6520	nan	0.6520	0.6520	204	133
condition-2-zh-20k	zh	1	sib200	ur	en	n	n	1	0.6863	nan	0.6863	0.6863	204	140
condition-2-zh-20k	zh	1	sib200	ur	zh	n	y	1	0.5931	nan	0.5931	0.5931	204	121
condition-2-zh-20k	zh	1	sib200	zh	en	n	n	1	0.7598	nan	0.7598	0.7598	204	155
condition-2-zh-20k	zh	1	sib200	zh	zh	y	y	1	0.6471	nan	0.6471	0.6471	204	132
condition-2-zh-20k	zh	1	xnli	en	en	y	n	1	0.5301	nan	0.5301	0.5301	5010	2656
condition-2-zh-20k	zh	1	xnli	en	zh	n	y	1	0.3333	nan	0.3333	0.3333	5010	1670
condition-2-zh-20k	zh	1	xnli	es	en	n	n	1	0.4754	nan	0.4754	0.4754	5010	2382
condition-2-zh-20k	zh	1	xnli	es	zh	n	y	1	0.3333	nan	0.3333	0.3333	5010	1670
condition-2-zh-20k	zh	1	xnli	ur	en	n	n	1	0.4565	nan	0.4565	0.4565	5010	2287
condition-2-zh-20k	zh	1	xnli	ur	zh	n	y	1	0.3335	nan	0.3335	0.3335	5010	1671
condition-2-zh-20k	zh	1	xnli	zh	en	n	n	1	0.4126	nan	0.4126	0.4126	5010	2067
condition-2-zh-20k	zh	1	xnli	zh	zh	y	y	1	0.3331	nan	0.3331	0.3331	5010	1669
condition-2-zh-20k	zh	2	belebele	en	en	y	n	1	0.7933	nan	0.7933	0.7933	900	714
condition-2-zh-20k	zh	2	belebele	en	zh	n	y	1	0.8022	nan	0.8022	0.8022	900	722
condition-2-zh-20k	zh	2	belebele	es	en	n	n	1	0.7233	nan	0.7233	0.7233	900	651
condition-2-zh-20k	zh	2	belebele	es	zh	n	y	1	0.7200	nan	0.7200	0.7200	900	648
condition-2-zh-20k	zh	2	belebele	ur	en	n	n	1	0.6256	nan	0.6256	0.6256	900	563
condition-2-zh-20k	zh	2	belebele	ur	zh	n	y	1	0.6267	nan	0.6267	0.6267	900	564
condition-2-zh-20k	zh	2	belebele	zh	en	n	n	1	0.7767	nan	0.7767	0.7767	900	699
condition-2-zh-20k	zh	2	belebele	zh	zh	y	y	1	0.7767	nan	0.7767	0.7767	900	699
condition-2-zh-20k	zh	2	csqa	en	en	y	n	1	0.6070	nan	0.6070	0.6070	1000	607
condition-2-zh-20k	zh	2	csqa	en	zh	n	y	1	0.6330	nan	0.6330	0.6330	1000	633
condition-2-zh-20k	zh	2	csqa	es	en	n	n	1	0.5280	nan	0.5280	0.5280	1000	528
condition-2-zh-20k	zh	2	csqa	es	zh	n	y	1	0.5500	nan	0.5500	0.5500	1000	550
condition-2-zh-20k	zh	2	csqa	ur	en	n	n	1	0.4230	nan	0.4230	0.4230	1000	423
condition-2-zh-20k	zh	2	csqa	ur	zh	n	y	1	0.4130	nan	0.4130	0.4130	1000	413
condition-2-zh-20k	zh	2	csqa	zh	en	n	n	1	0.5380	nan	0.5380	0.5380	1000	538
condition-2-zh-20k	zh	2	csqa	zh	zh	y	y	1	0.5400	nan	0.5400	0.5400	1000	540
condition-2-zh-20k	zh	2	sib200	en	en	y	n	1	0.7108	nan	0.7108	0.7108	204	145
condition-2-zh-20k	zh	2	sib200	en	zh	n	y	1	0.6520	nan	0.6520	0.6520	204	133
condition-2-zh-20k	zh	2	sib200	es	en	n	n	1	0.6569	nan	0.6569	0.6569	204	134
condition-2-zh-20k	zh	2	sib200	es	zh	n	y	1	0.6176	nan	0.6176	0.6176	204	126
condition-2-zh-20k	zh	2	sib200	ur	en	n	n	1	0.6618	nan	0.6618	0.6618	204	135
condition-2-zh-20k	zh	2	sib200	ur	zh	n	y	1	0.5931	nan	0.5931	0.5931	204	121
condition-2-zh-20k	zh	2	sib200	zh	en	n	n	1	0.6520	nan	0.6520	0.6520	204	133
condition-2-zh-20k	zh	2	sib200	zh	zh	y	y	1	0.6471	nan	0.6471	0.6471	204	132
condition-2-zh-20k	zh	2	xnli	en	en	y	n	1	0.3573	nan	0.3573	0.3573	5010	1790
condition-2-zh-20k	zh	2	xnli	en	zh	n	y	1	0.3417	nan	0.3417	0.3417	5010	1712
condition-2-zh-20k	zh	2	xnli	es	en	n	n	1	0.3591	nan	0.3591	0.3591	5010	1799
condition-2-zh-20k	zh	2	xnli	es	zh	n	y	1	0.3363	nan	0.3363	0.3363	5010	1685
condition-2-zh-20k	zh	2	xnli	ur	en	n	n	1	0.3337	nan	0.3337	0.3337	5010	1672
condition-2-zh-20k	zh	2	xnli	ur	zh	n	y	1	0.3277	nan	0.3277	0.3277	5010	1642
condition-2-zh-20k	zh	2	xnli	zh	en	n	n	1	0.4407	nan	0.4407	0.4407	5010	2208
condition-2-zh-20k	zh	2	xnli	zh	zh	y	y	1	0.3737	nan	0.3737	0.3737	5010	1872
condition-2-zh-5k	zh	1	belebele	en	en	y	n	3	0.7796	0.0028	0.7767	0.7822	2700	2105
condition-2-zh-5k	zh	1	belebele	en	zh	n	y	3	0.8007	0.0053	0.7967	0.8067	2700	2162
condition-2-zh-5k	zh	1	belebele	es	en	n	n	3	0.7048	0.0006	0.7044	0.7056	2700	1903
condition-2-zh-5k	zh	1	belebele	es	zh	n	y	3	0.7333	0.0011	0.7322	0.7344	2700	1980
condition-2-zh-5k	zh	1	belebele	ur	en	n	n	3	0.6167	0.0058	0.6133	0.6233	2700	1665
condition-2-zh-5k	zh	1	belebele	ur	zh	n	y	3	0.6215	0.0006	0.6211	0.6222	2700	1678
condition-2-zh-5k	zh	1	belebele	zh	en	n	n	3	0.7659	0.0039	0.7622	0.7700	2700	2068
condition-2-zh-5k	zh	1	belebele	zh	zh	y	y	3	0.7807	0.0006	0.7800	0.7811	2700	2108
condition-2-zh-5k	zh	1	csqa	en	en	y	n	3	0.6027	0.0031	0.6000	0.6060	3000	1808
condition-2-zh-5k	zh	1	csqa	en	zh	n	y	3	0.6440	0.0053	0.6400	0.6500	3000	1932
condition-2-zh-5k	zh	1	csqa	es	en	n	n	3	0.5223	0.0080	0.5140	0.5300	3000	1567
condition-2-zh-5k	zh	1	csqa	es	zh	n	y	3	0.5670	0.0030	0.5640	0.5700	3000	1701
condition-2-zh-5k	zh	1	csqa	ur	en	n	n	3	0.4197	0.0035	0.4160	0.4230	3000	1259
condition-2-zh-5k	zh	1	csqa	ur	zh	n	y	3	0.4287	0.0021	0.4270	0.4310	3000	1286
condition-2-zh-5k	zh	1	csqa	zh	en	n	n	3	0.5433	0.0021	0.5410	0.5450	3000	1630
condition-2-zh-5k	zh	1	csqa	zh	zh	y	y	3	0.5503	0.0025	0.5480	0.5530	3000	1651
condition-2-zh-5k	zh	1	sib200	en	en	y	n	3	0.7647	0.0098	0.7549	0.7745	612	468
condition-2-zh-5k	zh	1	sib200	en	zh	n	y	3	0.7092	0.0198	0.6863	0.7206	612	434
condition-2-zh-5k	zh	1	sib200	es	en	n	n	3	0.7712	0.0102	0.7598	0.7794	612	472
condition-2-zh-5k	zh	1	sib200	es	zh	n	y	3	0.6814	0.0177	0.6618	0.6961	612	417
condition-2-zh-5k	zh	1	sib200	ur	en	n	n	3	0.7124	0.0113	0.7059	0.7255	612	436
condition-2-zh-5k	zh	1	sib200	ur	zh	n	y	3	0.6389	0.0408	0.5931	0.6716	612	391
condition-2-zh-5k	zh	1	sib200	zh	en	n	n	3	0.7582	0.0113	0.7451	0.7647	612	464
condition-2-zh-5k	zh	1	sib200	zh	zh	y	y	3	0.6895	0.0102	0.6814	0.7010	612	422
condition-2-zh-5k	zh	1	xnli	en	en	y	n	3	0.5124	0.0153	0.4950	0.5234	15030	7702
condition-2-zh-5k	zh	1	xnli	en	zh	n	y	3	0.3329	0.0002	0.3327	0.3331	15030	5003
condition-2-zh-5k	zh	1	xnli	es	en	n	n	3	0.4524	0.0166	0.4335	0.4651	15030	6799
condition-2-zh-5k	zh	1	xnli	es	zh	n	y	3	0.3332	0.0001	0.3331	0.3333	15030	5008
condition-2-zh-5k	zh	1	xnli	ur	en	n	n	3	0.4465	0.0068	0.4389	0.4521	15030	6711
condition-2-zh-5k	zh	1	xnli	ur	zh	n	y	3	0.3346	0.0032	0.3319	0.3381	15030	5029
condition-2-zh-5k	zh	1	xnli	zh	en	n	n	3	0.4078	0.0117	0.3946	0.4168	15030	6129
condition-2-zh-5k	zh	1	xnli	zh	zh	y	y	3	0.3350	0.0039	0.3323	0.3395	15030	5035
condition-2-zh-5k	zh	2	belebele	en	en	y	n	3	0.7870	0.0006	0.7867	0.7878	2700	2125
condition-2-zh-5k	zh	2	belebele	en	zh	n	y	3	0.8119	0.0017	0.8100	0.8133	2700	2192
condition-2-zh-5k	zh	2	belebele	es	en	n	n	3	0.7204	0.0046	0.7167	0.7256	2700	1945
condition-2-zh-5k	zh	2	belebele	es	zh	n	y	3	0.7396	0.0046	0.7344	0.7433	2700	1997
condition-2-zh-5k	zh	2	belebele	ur	en	n	n	3	0.6259	0.0053	0.6200	0.6300	2700	1690
condition-2-zh-5k	zh	2	belebele	ur	zh	n	y	3	0.6370	0.0023	0.6344	0.6389	2700	1720
condition-2-zh-5k	zh	2	belebele	zh	en	n	n	3	0.7781	0.0028	0.7756	0.7811	2700	2101
condition-2-zh-5k	zh	2	belebele	zh	zh	y	y	3	0.7856	0.0051	0.7811	0.7911	2700	2121
condition-2-zh-5k	zh	2	csqa	en	en	y	n	3	0.6110	0.0050	0.6060	0.6160	3000	1833
condition-2-zh-5k	zh	2	csqa	en	zh	n	y	3	0.6310	0.0036	0.6280	0.6350	3000	1893
condition-2-zh-5k	zh	2	csqa	es	en	n	n	3	0.5270	0.0017	0.5250	0.5280	3000	1581
condition-2-zh-5k	zh	2	csqa	es	zh	n	y	3	0.5403	0.0059	0.5360	0.5470	3000	1621
condition-2-zh-5k	zh	2	csqa	ur	en	n	n	3	0.4167	0.0015	0.4150	0.4180	3000	1250
condition-2-zh-5k	zh	2	csqa	ur	zh	n	y	3	0.4000	0.0060	0.3940	0.4060	3000	1200
condition-2-zh-5k	zh	2	csqa	zh	en	n	n	3	0.5267	0.0059	0.5200	0.5310	3000	1580
condition-2-zh-5k	zh	2	csqa	zh	zh	y	y	3	0.5447	0.0040	0.5400	0.5470	3000	1634
condition-2-zh-5k	zh	2	sib200	en	en	y	n	3	0.6781	0.0057	0.6716	0.6814	612	415
condition-2-zh-5k	zh	2	sib200	en	zh	n	y	3	0.6716	0.0049	0.6667	0.6765	612	411
condition-2-zh-5k	zh	2	sib200	es	en	n	n	3	0.6454	0.0075	0.6373	0.6520	612	395
condition-2-zh-5k	zh	2	sib200	es	zh	n	y	3	0.6291	0.0057	0.6225	0.6324	612	385
condition-2-zh-5k	zh	2	sib200	ur	en	n	n	3	0.6683	0.0075	0.6618	0.6765	612	409
condition-2-zh-5k	zh	2	sib200	ur	zh	n	y	3	0.6078	0.0130	0.5931	0.6176	612	372
condition-2-zh-5k	zh	2	sib200	zh	en	n	n	3	0.6585	0.0075	0.6520	0.6667	612	403
condition-2-zh-5k	zh	2	sib200	zh	zh	y	y	3	0.6438	0.0150	0.6275	0.6569	612	394
condition-2-zh-5k	zh	2	xnli	en	en	y	n	3	0.3747	0.0160	0.3627	0.3928	15030	5631
condition-2-zh-5k	zh	2	xnli	en	zh	n	y	3	0.3336	0.0029	0.3303	0.3357	15030	5014
condition-2-zh-5k	zh	2	xnli	es	en	n	n	3	0.3803	0.0161	0.3675	0.3984	15030	5716
condition-2-zh-5k	zh	2	xnli	es	zh	n	y	3	0.3323	0.0029	0.3289	0.3345	15030	4994
condition-2-zh-5k	zh	2	xnli	ur	en	n	n	3	0.3345	0.0006	0.3339	0.3351	15030	5027
condition-2-zh-5k	zh	2	xnli	ur	zh	n	y	3	0.2881	0.0339	0.2495	0.3132	15030	4330
condition-2-zh-5k	zh	2	xnli	zh	en	n	n	3	0.4476	0.0283	0.4212	0.4774	15030	6728
condition-2-zh-5k	zh	2	xnli	zh	zh	y	y	3	0.3576	0.0111	0.3507	0.3705	15030	5375
condition-3-zh-5k	zh	1	belebele	en	en	y	n	1	0.7911	nan	0.7911	0.7911	900	712
condition-3-zh-5k	zh	1	belebele	en	zh	n	y	1	0.7889	nan	0.7889	0.7889	900	710
condition-3-zh-5k	zh	1	belebele	es	en	n	n	1	0.7056	nan	0.7056	0.7056	900	635
condition-3-zh-5k	zh	1	belebele	es	zh	n	y	1	0.7133	nan	0.7133	0.7133	900	642
condition-3-zh-5k	zh	1	belebele	ur	en	n	n	1	0.6100	nan	0.6100	0.6100	900	549
condition-3-zh-5k	zh	1	belebele	ur	zh	n	y	1	0.6144	nan	0.6144	0.6144	900	553
condition-3-zh-5k	zh	1	belebele	zh	en	n	n	1	0.7644	nan	0.7644	0.7644	900	688
condition-3-zh-5k	zh	1	belebele	zh	zh	y	y	1	0.7789	nan	0.7789	0.7789	900	701
condition-3-zh-5k	zh	1	csqa	en	en	y	n	1	0.6090	nan	0.6090	0.6090	1000	609
condition-3-zh-5k	zh	1	csqa	en	zh	n	y	1	0.6440	nan	0.6440	0.6440	1000	644
condition-3-zh-5k	zh	1	csqa	es	en	n	n	1	0.5500	nan	0.5500	0.5500	1000	550
condition-3-zh-5k	zh	1	csqa	es	zh	n	y	1	0.5430	nan	0.5430	0.5430	1000	543
condition-3-zh-5k	zh	1	csqa	ur	en	n	n	1	0.4240	nan	0.4240	0.4240	1000	424
condition-3-zh-5k	zh	1	csqa	ur	zh	n	y	1	0.4140	nan	0.4140	0.4140	1000	414
condition-3-zh-5k	zh	1	csqa	zh	en	n	n	1	0.5570	nan	0.5570	0.5570	1000	557
condition-3-zh-5k	zh	1	csqa	zh	zh	y	y	1	0.5410	nan	0.5410	0.5410	1000	541
condition-3-zh-5k	zh	1	sib200	en	en	y	n	1	0.7451	nan	0.7451	0.7451	204	152
condition-3-zh-5k	zh	1	sib200	en	zh	n	y	1	0.6814	nan	0.6814	0.6814	204	139
condition-3-zh-5k	zh	1	sib200	es	en	n	n	1	0.7402	nan	0.7402	0.7402	204	151
condition-3-zh-5k	zh	1	sib200	es	zh	n	y	1	0.6912	nan	0.6912	0.6912	204	141
condition-3-zh-5k	zh	1	sib200	ur	en	n	n	1	0.6912	nan	0.6912	0.6912	204	141
condition-3-zh-5k	zh	1	sib200	ur	zh	n	y	1	0.6078	nan	0.6078	0.6078	204	124
condition-3-zh-5k	zh	1	sib200	zh	en	n	n	1	0.7549	nan	0.7549	0.7549	204	154
condition-3-zh-5k	zh	1	sib200	zh	zh	y	y	1	0.6863	nan	0.6863	0.6863	204	140
condition-3-zh-5k	zh	1	xnli	en	en	y	n	1	0.5347	nan	0.5347	0.5347	5010	2679
condition-3-zh-5k	zh	1	xnli	en	zh	n	y	1	0.3325	nan	0.3325	0.3325	5010	1666
condition-3-zh-5k	zh	1	xnli	es	en	n	n	1	0.4858	nan	0.4858	0.4858	5010	2434
condition-3-zh-5k	zh	1	xnli	es	zh	n	y	1	0.3325	nan	0.3325	0.3325	5010	1666
condition-3-zh-5k	zh	1	xnli	ur	en	n	n	1	0.4409	nan	0.4409	0.4409	5010	2209
condition-3-zh-5k	zh	1	xnli	ur	zh	n	y	1	0.3311	nan	0.3311	0.3311	5010	1659
condition-3-zh-5k	zh	1	xnli	zh	en	n	n	1	0.4429	nan	0.4429	0.4429	5010	2219
condition-3-zh-5k	zh	1	xnli	zh	zh	y	y	1	0.3323	nan	0.3323	0.3323	5010	1665
condition-3-zh-5k	zh	2	belebele	en	en	y	n	1	0.7911	nan	0.7911	0.7911	900	712
condition-3-zh-5k	zh	2	belebele	en	zh	n	y	1	0.8022	nan	0.8022	0.8022	900	722
condition-3-zh-5k	zh	2	belebele	es	en	n	n	1	0.7222	nan	0.7222	0.7222	900	650
condition-3-zh-5k	zh	2	belebele	es	zh	n	y	1	0.7278	nan	0.7278	0.7278	900	655
condition-3-zh-5k	zh	2	belebele	ur	en	n	n	1	0.6289	nan	0.6289	0.6289	900	566
condition-3-zh-5k	zh	2	belebele	ur	zh	n	y	1	0.6167	nan	0.6167	0.6167	900	555
condition-3-zh-5k	zh	2	belebele	zh	en	n	n	1	0.7733	nan	0.7733	0.7733	900	696
condition-3-zh-5k	zh	2	belebele	zh	zh	y	y	1	0.7711	nan	0.7711	0.7711	900	694
condition-3-zh-5k	zh	2	csqa	en	en	y	n	1	0.6100	nan	0.6100	0.6100	1000	610
condition-3-zh-5k	zh	2	csqa	en	zh	n	y	1	0.6440	nan	0.6440	0.6440	1000	644
condition-3-zh-5k	zh	2	csqa	es	en	n	n	1	0.5380	nan	0.5380	0.5380	1000	538
condition-3-zh-5k	zh	2	csqa	es	zh	n	y	1	0.5250	nan	0.5250	0.5250	1000	525
condition-3-zh-5k	zh	2	csqa	ur	en	n	n	1	0.4400	nan	0.4400	0.4400	1000	440
condition-3-zh-5k	zh	2	csqa	ur	zh	n	y	1	0.4170	nan	0.4170	0.4170	1000	417
condition-3-zh-5k	zh	2	csqa	zh	en	n	n	1	0.5460	nan	0.5460	0.5460	1000	546
condition-3-zh-5k	zh	2	csqa	zh	zh	y	y	1	0.5220	nan	0.5220	0.5220	1000	522
condition-3-zh-5k	zh	2	sib200	en	en	y	n	1	0.6618	nan	0.6618	0.6618	204	135
condition-3-zh-5k	zh	2	sib200	en	zh	n	y	1	0.6471	nan	0.6471	0.6471	204	132
condition-3-zh-5k	zh	2	sib200	es	en	n	n	1	0.6373	nan	0.6373	0.6373	204	130
condition-3-zh-5k	zh	2	sib200	es	zh	n	y	1	0.6078	nan	0.6078	0.6078	204	124
condition-3-zh-5k	zh	2	sib200	ur	en	n	n	1	0.6569	nan	0.6569	0.6569	204	134
condition-3-zh-5k	zh	2	sib200	ur	zh	n	y	1	0.5441	nan	0.5441	0.5441	204	111
condition-3-zh-5k	zh	2	sib200	zh	en	n	n	1	0.6667	nan	0.6667	0.6667	204	136
condition-3-zh-5k	zh	2	sib200	zh	zh	y	y	1	0.6078	nan	0.6078	0.6078	204	124
condition-3-zh-5k	zh	2	xnli	en	en	y	n	1	0.4006	nan	0.4006	0.4006	5010	2007
condition-3-zh-5k	zh	2	xnli	en	zh	n	y	1	0.3313	nan	0.3313	0.3313	5010	1660
condition-3-zh-5k	zh	2	xnli	es	en	n	n	1	0.4114	nan	0.4114	0.4114	5010	2061
condition-3-zh-5k	zh	2	xnli	es	zh	n	y	1	0.3289	nan	0.3289	0.3289	5010	1648
condition-3-zh-5k	zh	2	xnli	ur	en	n	n	1	0.3455	nan	0.3455	0.3455	5010	1731
condition-3-zh-5k	zh	2	xnli	ur	zh	n	y	1	0.3240	nan	0.3240	0.3240	5010	1623
condition-3-zh-5k	zh	2	xnli	zh	en	n	n	1	0.4840	nan	0.4840	0.4840	5010	2425
condition-3-zh-5k	zh	2	xnli	zh	zh	y	y	1	0.3066	nan	0.3066	0.3066	5010	1536
condition-5-es-5k	es	1	belebele	en	en	y	n	1	0.7833	nan	0.7833	0.7833	900	705
condition-5-es-5k	es	1	belebele	en	es	n	y	1	0.7822	nan	0.7822	0.7822	900	704
condition-5-es-5k	es	1	belebele	es	en	n	n	1	0.6956	nan	0.6956	0.6956	900	626
condition-5-es-5k	es	1	belebele	es	es	y	y	1	0.6744	nan	0.6744	0.6744	900	607
condition-5-es-5k	es	1	belebele	ur	en	n	n	1	0.6056	nan	0.6056	0.6056	900	545
condition-5-es-5k	es	1	belebele	ur	es	n	y	1	0.5333	nan	0.5333	0.5333	900	480
condition-5-es-5k	es	1	belebele	zh	en	n	n	1	0.7522	nan	0.7522	0.7522	900	677
condition-5-es-5k	es	1	belebele	zh	es	n	y	1	0.7256	nan	0.7256	0.7256	900	653
condition-5-es-5k	es	1	csqa	en	en	y	n	1	0.6020	nan	0.6020	0.6020	1000	602
condition-5-es-5k	es	1	csqa	en	es	n	y	1	0.5920	nan	0.5920	0.5920	1000	592
condition-5-es-5k	es	1	csqa	es	en	n	n	1	0.5000	nan	0.5000	0.5000	1000	500
condition-5-es-5k	es	1	csqa	es	es	y	y	1	0.5220	nan	0.5220	0.5220	1000	522
condition-5-es-5k	es	1	csqa	ur	en	n	n	1	0.3830	nan	0.3830	0.3830	1000	383
condition-5-es-5k	es	1	csqa	ur	es	n	y	1	0.3910	nan	0.3910	0.3910	1000	391
condition-5-es-5k	es	1	csqa	zh	en	n	n	1	0.5070	nan	0.5070	0.5070	1000	507
condition-5-es-5k	es	1	csqa	zh	es	n	y	1	0.4960	nan	0.4960	0.4960	1000	496
condition-5-es-5k	es	1	sib200	en	en	y	n	1	0.5980	nan	0.5980	0.5980	204	122
condition-5-es-5k	es	1	sib200	en	es	n	y	1	0.5196	nan	0.5196	0.5196	204	106
condition-5-es-5k	es	1	sib200	es	en	n	n	1	0.5539	nan	0.5539	0.5539	204	113
condition-5-es-5k	es	1	sib200	es	es	y	y	1	0.5245	nan	0.5245	0.5245	204	107
condition-5-es-5k	es	1	sib200	ur	en	n	n	1	0.5000	nan	0.5000	0.5000	204	102
condition-5-es-5k	es	1	sib200	ur	es	n	y	1	0.4804	nan	0.4804	0.4804	204	98
condition-5-es-5k	es	1	sib200	zh	en	n	n	1	0.6127	nan	0.6127	0.6127	204	125
condition-5-es-5k	es	1	sib200	zh	es	n	y	1	0.5882	nan	0.5882	0.5882	204	120
condition-5-es-5k	es	1	xnli	en	en	y	n	1	0.4319	nan	0.4319	0.4319	5010	2164
condition-5-es-5k	es	1	xnli	en	es	n	y	1	0.4102	nan	0.4102	0.4102	5010	2055
condition-5-es-5k	es	1	xnli	es	en	n	n	1	0.3479	nan	0.3479	0.3479	5010	1743
condition-5-es-5k	es	1	xnli	es	es	y	y	1	0.4479	nan	0.4479	0.4479	5010	2244
condition-5-es-5k	es	1	xnli	ur	en	n	n	1	0.3840	nan	0.3840	0.3840	5010	1924
condition-5-es-5k	es	1	xnli	ur	es	n	y	1	0.3920	nan	0.3920	0.3920	5010	1964
condition-5-es-5k	es	1	xnli	zh	en	n	n	1	0.3525	nan	0.3525	0.3525	5010	1766
condition-5-es-5k	es	1	xnli	zh	es	n	y	1	0.3365	nan	0.3365	0.3365	5010	1686
condition-5-es-5k	es	2	belebele	en	en	y	n	1	0.7956	nan	0.7956	0.7956	900	716
condition-5-es-5k	es	2	belebele	en	es	n	y	1	0.8022	nan	0.8022	0.8022	900	722
condition-5-es-5k	es	2	belebele	es	en	n	n	1	0.7089	nan	0.7089	0.7089	900	638
condition-5-es-5k	es	2	belebele	es	es	y	y	1	0.6978	nan	0.6978	0.6978	900	628
condition-5-es-5k	es	2	belebele	ur	en	n	n	1	0.6078	nan	0.6078	0.6078	900	547
condition-5-es-5k	es	2	belebele	ur	es	n	y	1	0.5600	nan	0.5600	0.5600	900	504
condition-5-es-5k	es	2	belebele	zh	en	n	n	1	0.7478	nan	0.7478	0.7478	900	673
condition-5-es-5k	es	2	belebele	zh	es	n	y	1	0.7478	nan	0.7478	0.7478	900	673
condition-5-es-5k	es	2	csqa	en	en	y	n	1	0.6040	nan	0.6040	0.6040	1000	604
condition-5-es-5k	es	2	csqa	en	es	n	y	1	0.6090	nan	0.6090	0.6090	1000	609
condition-5-es-5k	es	2	csqa	es	en	n	n	1	0.4940	nan	0.4940	0.4940	1000	494
condition-5-es-5k	es	2	csqa	es	es	y	y	1	0.5310	nan	0.5310	0.5310	1000	531
condition-5-es-5k	es	2	csqa	ur	en	n	n	1	0.3850	nan	0.3850	0.3850	1000	385
condition-5-es-5k	es	2	csqa	ur	es	n	y	1	0.3920	nan	0.3920	0.3920	1000	392
condition-5-es-5k	es	2	csqa	zh	en	n	n	1	0.5080	nan	0.5080	0.5080	1000	508
condition-5-es-5k	es	2	csqa	zh	es	n	y	1	0.5000	nan	0.5000	0.5000	1000	500
condition-5-es-5k	es	2	sib200	en	en	y	n	1	0.7010	nan	0.7010	0.7010	204	143
condition-5-es-5k	es	2	sib200	en	es	n	y	1	0.3725	nan	0.3725	0.3725	204	76
condition-5-es-5k	es	2	sib200	es	en	n	n	1	0.6471	nan	0.6471	0.6471	204	132
condition-5-es-5k	es	2	sib200	es	es	y	y	1	0.3382	nan	0.3382	0.3382	204	69
condition-5-es-5k	es	2	sib200	ur	en	n	n	1	0.6275	nan	0.6275	0.6275	204	128
condition-5-es-5k	es	2	sib200	ur	es	n	y	1	0.3873	nan	0.3873	0.3873	204	79
condition-5-es-5k	es	2	sib200	zh	en	n	n	1	0.6667	nan	0.6667	0.6667	204	136
condition-5-es-5k	es	2	sib200	zh	es	n	y	1	0.4608	nan	0.4608	0.4608	204	94
condition-5-es-5k	es	2	xnli	en	en	y	n	1	0.4267	nan	0.4267	0.4267	5010	2138
condition-5-es-5k	es	2	xnli	en	es	n	y	1	0.3886	nan	0.3886	0.3886	5010	1947
condition-5-es-5k	es	2	xnli	es	en	n	n	1	0.3946	nan	0.3946	0.3946	5010	1977
condition-5-es-5k	es	2	xnli	es	es	y	y	1	0.3643	nan	0.3643	0.3643	5010	1825
condition-5-es-5k	es	2	xnli	ur	en	n	n	1	0.3367	nan	0.3367	0.3367	5010	1687
condition-5-es-5k	es	2	xnli	ur	es	n	y	1	0.3525	nan	0.3525	0.3525	5010	1766
condition-5-es-5k	es	2	xnli	zh	en	n	n	1	0.4403	nan	0.4403	0.4403	5010	2206
condition-5-es-5k	es	2	xnli	zh	es	n	y	1	0.3549	nan	0.3549	0.3549	5010	1778
condition-5-ur-5k	ur	1	belebele	en	en	y	n	1	0.7922	nan	0.7922	0.7922	900	713
condition-5-ur-5k	ur	1	belebele	en	ur	n	y	1	0.7567	nan	0.7567	0.7567	900	681
condition-5-ur-5k	ur	1	belebele	es	en	n	n	1	0.7200	nan	0.7200	0.7200	900	648
condition-5-ur-5k	ur	1	belebele	es	ur	n	y	1	0.6711	nan	0.6711	0.6711	900	604
condition-5-ur-5k	ur	1	belebele	ur	en	n	n	1	0.5967	nan	0.5967	0.5967	900	537
condition-5-ur-5k	ur	1	belebele	ur	ur	y	y	1	0.5433	nan	0.5433	0.5433	900	489
condition-5-ur-5k	ur	1	belebele	zh	en	n	n	1	0.7611	nan	0.7611	0.7611	900	685
condition-5-ur-5k	ur	1	belebele	zh	ur	n	y	1	0.7033	nan	0.7033	0.7033	900	633
condition-5-ur-5k	ur	1	csqa	en	en	y	n	1	0.6010	nan	0.6010	0.6010	1000	601
condition-5-ur-5k	ur	1	csqa	en	ur	n	y	1	0.5640	nan	0.5640	0.5640	1000	564
condition-5-ur-5k	ur	1	csqa	es	en	n	n	1	0.5030	nan	0.5030	0.5030	1000	503
condition-5-ur-5k	ur	1	csqa	es	ur	n	y	1	0.4460	nan	0.4460	0.4460	1000	446
condition-5-ur-5k	ur	1	csqa	ur	en	n	n	1	0.3390	nan	0.3390	0.3390	1000	339
condition-5-ur-5k	ur	1	csqa	ur	ur	y	y	1	0.3300	nan	0.3300	0.3300	1000	330
condition-5-ur-5k	ur	1	csqa	zh	en	n	n	1	0.5140	nan	0.5140	0.5140	1000	514
condition-5-ur-5k	ur	1	csqa	zh	ur	n	y	1	0.4280	nan	0.4280	0.4280	1000	428
condition-5-ur-5k	ur	1	sib200	en	en	y	n	1	0.7010	nan	0.7010	0.7010	204	143
condition-5-ur-5k	ur	1	sib200	en	ur	n	y	1	0.4706	nan	0.4706	0.4706	204	96
condition-5-ur-5k	ur	1	sib200	es	en	n	n	1	0.6961	nan	0.6961	0.6961	204	142
condition-5-ur-5k	ur	1	sib200	es	ur	n	y	1	0.4510	nan	0.4510	0.4510	204	92
condition-5-ur-5k	ur	1	sib200	ur	en	n	n	1	0.5392	nan	0.5392	0.5392	204	110
condition-5-ur-5k	ur	1	sib200	ur	ur	y	y	1	0.4951	nan	0.4951	0.4951	204	101
condition-5-ur-5k	ur	1	sib200	zh	en	n	n	1	0.7059	nan	0.7059	0.7059	204	144
condition-5-ur-5k	ur	1	sib200	zh	ur	n	y	1	0.5049	nan	0.5049	0.5049	204	103
condition-5-ur-5k	ur	1	xnli	en	en	y	n	1	0.5060	nan	0.5060	0.5060	5010	2535
condition-5-ur-5k	ur	1	xnli	en	ur	n	y	1	0.3261	nan	0.3261	0.3261	5010	1634
condition-5-ur-5k	ur	1	xnli	es	en	n	n	1	0.4671	nan	0.4671	0.4671	5010	2340
condition-5-ur-5k	ur	1	xnli	es	ur	n	y	1	0.3283	nan	0.3283	0.3283	5010	1645
condition-5-ur-5k	ur	1	xnli	ur	en	n	n	1	0.4174	nan	0.4174	0.4174	5010	2091
condition-5-ur-5k	ur	1	xnli	ur	ur	y	y	1	0.3263	nan	0.3263	0.3263	5010	1635
condition-5-ur-5k	ur	1	xnli	zh	en	n	n	1	0.4794	nan	0.4794	0.4794	5010	2402
condition-5-ur-5k	ur	1	xnli	zh	ur	n	y	1	0.3333	nan	0.3333	0.3333	5010	1670
condition-5-ur-5k	ur	2	belebele	en	en	y	n	1	0.8100	nan	0.8100	0.8100	900	729
condition-5-ur-5k	ur	2	belebele	en	ur	n	y	1	0.7544	nan	0.7544	0.7544	900	679
condition-5-ur-5k	ur	2	belebele	es	en	n	n	1	0.7444	nan	0.7444	0.7444	900	670
condition-5-ur-5k	ur	2	belebele	es	ur	n	y	1	0.6911	nan	0.6911	0.6911	900	622
condition-5-ur-5k	ur	2	belebele	ur	en	n	n	1	0.6267	nan	0.6267	0.6267	900	564
condition-5-ur-5k	ur	2	belebele	ur	ur	y	y	1	0.5511	nan	0.5511	0.5511	900	496
condition-5-ur-5k	ur	2	belebele	zh	en	n	n	1	0.7722	nan	0.7722	0.7722	900	695
condition-5-ur-5k	ur	2	belebele	zh	ur	n	y	1	0.7044	nan	0.7044	0.7044	900	634
condition-5-ur-5k	ur	2	csqa	en	en	y	n	1	0.5830	nan	0.5830	0.5830	1000	583
condition-5-ur-5k	ur	2	csqa	en	ur	n	y	1	0.5600	nan	0.5600	0.5600	1000	560
condition-5-ur-5k	ur	2	csqa	es	en	n	n	1	0.4780	nan	0.4780	0.4780	1000	478
condition-5-ur-5k	ur	2	csqa	es	ur	n	y	1	0.4470	nan	0.4470	0.4470	1000	447
condition-5-ur-5k	ur	2	csqa	ur	en	n	n	1	0.3140	nan	0.3140	0.3140	1000	314
condition-5-ur-5k	ur	2	csqa	ur	ur	y	y	1	0.3180	nan	0.3180	0.3180	1000	318
condition-5-ur-5k	ur	2	csqa	zh	en	n	n	1	0.4800	nan	0.4800	0.4800	1000	480
condition-5-ur-5k	ur	2	csqa	zh	ur	n	y	1	0.4150	nan	0.4150	0.4150	1000	415
condition-5-ur-5k	ur	2	sib200	en	en	y	n	1	0.6814	nan	0.6814	0.6814	204	139
condition-5-ur-5k	ur	2	sib200	en	ur	n	y	1	0.5784	nan	0.5784	0.5784	204	118
condition-5-ur-5k	ur	2	sib200	es	en	n	n	1	0.6569	nan	0.6569	0.6569	204	134
condition-5-ur-5k	ur	2	sib200	es	ur	n	y	1	0.5637	nan	0.5637	0.5637	204	115
condition-5-ur-5k	ur	2	sib200	ur	en	n	n	1	0.5686	nan	0.5686	0.5686	204	116
condition-5-ur-5k	ur	2	sib200	ur	ur	y	y	1	0.5490	nan	0.5490	0.5490	204	112
condition-5-ur-5k	ur	2	sib200	zh	en	n	n	1	0.6716	nan	0.6716	0.6716	204	137
condition-5-ur-5k	ur	2	sib200	zh	ur	n	y	1	0.5343	nan	0.5343	0.5343	204	109
condition-5-ur-5k	ur	2	xnli	en	en	y	n	1	0.3405	nan	0.3405	0.3405	5010	1706
condition-5-ur-5k	ur	2	xnli	en	ur	n	y	1	0.3577	nan	0.3577	0.3577	5010	1792
condition-5-ur-5k	ur	2	xnli	es	en	n	n	1	0.3437	nan	0.3437	0.3437	5010	1722
condition-5-ur-5k	ur	2	xnli	es	ur	n	y	1	0.3377	nan	0.3377	0.3377	5010	1692
condition-5-ur-5k	ur	2	xnli	ur	en	n	n	1	0.3236	nan	0.3236	0.3236	5010	1621
condition-5-ur-5k	ur	2	xnli	ur	ur	y	y	1	0.3327	nan	0.3327	0.3327	5010	1667
condition-5-ur-5k	ur	2	xnli	zh	en	n	n	1	0.4301	nan	0.4301	0.4301	5010	2155
condition-5-ur-5k	ur	2	xnli	zh	ur	n	y	1	0.3345	nan	0.3345	0.3345	5010	1676
condition-5-zh-5k	zh	1	belebele	en	en	y	n	1	0.7778	nan	0.7778	0.7778	900	700
condition-5-zh-5k	zh	1	belebele	en	zh	n	y	1	0.8056	nan	0.8056	0.8056	900	725
condition-5-zh-5k	zh	1	belebele	es	en	n	n	1	0.7044	nan	0.7044	0.7044	900	634
condition-5-zh-5k	zh	1	belebele	es	zh	n	y	1	0.7478	nan	0.7478	0.7478	900	673
condition-5-zh-5k	zh	1	belebele	ur	en	n	n	1	0.6189	nan	0.6189	0.6189	900	557
condition-5-zh-5k	zh	1	belebele	ur	zh	n	y	1	0.6089	nan	0.6089	0.6089	900	548
condition-5-zh-5k	zh	1	belebele	zh	en	n	n	1	0.7633	nan	0.7633	0.7633	900	687
condition-5-zh-5k	zh	1	belebele	zh	zh	y	y	1	0.7822	nan	0.7822	0.7822	900	704
condition-5-zh-5k	zh	1	csqa	en	en	y	n	1	0.5920	nan	0.5920	0.5920	1000	592
condition-5-zh-5k	zh	1	csqa	en	zh	n	y	1	0.6160	nan	0.6160	0.6160	1000	616
condition-5-zh-5k	zh	1	csqa	es	en	n	n	1	0.5110	nan	0.5110	0.5110	1000	511
condition-5-zh-5k	zh	1	csqa	es	zh	n	y	1	0.5370	nan	0.5370	0.5370	1000	537
condition-5-zh-5k	zh	1	csqa	ur	en	n	n	1	0.3780	nan	0.3780	0.3780	1000	378
condition-5-zh-5k	zh	1	csqa	ur	zh	n	y	1	0.3990	nan	0.3990	0.3990	1000	399
condition-5-zh-5k	zh	1	csqa	zh	en	n	n	1	0.5160	nan	0.5160	0.5160	1000	516
condition-5-zh-5k	zh	1	csqa	zh	zh	y	y	1	0.5310	nan	0.5310	0.5310	1000	531
condition-5-zh-5k	zh	1	sib200	en	en	y	n	1	0.6569	nan	0.6569	0.6569	204	134
condition-5-zh-5k	zh	1	sib200	en	zh	n	y	1	0.4559	nan	0.4559	0.4559	204	93
condition-5-zh-5k	zh	1	sib200	es	en	n	n	1	0.7059	nan	0.7059	0.7059	204	144
condition-5-zh-5k	zh	1	sib200	es	zh	n	y	1	0.4118	nan	0.4118	0.4118	204	84
condition-5-zh-5k	zh	1	sib200	ur	en	n	n	1	0.5588	nan	0.5588	0.5588	204	114
condition-5-zh-5k	zh	1	sib200	ur	zh	n	y	1	0.3186	nan	0.3186	0.3186	204	65
condition-5-zh-5k	zh	1	sib200	zh	en	n	n	1	0.6422	nan	0.6422	0.6422	204	131
condition-5-zh-5k	zh	1	sib200	zh	zh	y	y	1	0.5343	nan	0.5343	0.5343	204	109
condition-5-zh-5k	zh	1	xnli	en	en	y	n	1	0.3731	nan	0.3731	0.3731	5010	1869
condition-5-zh-5k	zh	1	xnli	en	zh	n	y	1	0.3545	nan	0.3545	0.3545	5010	1776
condition-5-zh-5k	zh	1	xnli	es	en	n	n	1	0.3387	nan	0.3387	0.3387	5010	1697
condition-5-zh-5k	zh	1	xnli	es	zh	n	y	1	0.3840	nan	0.3840	0.3840	5010	1924
condition-5-zh-5k	zh	1	xnli	ur	en	n	n	1	0.3431	nan	0.3431	0.3431	5010	1719
condition-5-zh-5k	zh	1	xnli	ur	zh	n	y	1	0.3377	nan	0.3377	0.3377	5010	1692
condition-5-zh-5k	zh	1	xnli	zh	en	n	n	1	0.3737	nan	0.3737	0.3737	5010	1872
condition-5-zh-5k	zh	1	xnli	zh	zh	y	y	1	0.3525	nan	0.3525	0.3525	5010	1766
condition-5-zh-5k	zh	2	belebele	en	en	y	n	1	0.8044	nan	0.8044	0.8044	900	724
condition-5-zh-5k	zh	2	belebele	en	zh	n	y	1	0.8144	nan	0.8144	0.8144	900	733
condition-5-zh-5k	zh	2	belebele	es	en	n	n	1	0.7289	nan	0.7289	0.7289	900	656
condition-5-zh-5k	zh	2	belebele	es	zh	n	y	1	0.7356	nan	0.7356	0.7356	900	662
condition-5-zh-5k	zh	2	belebele	ur	en	n	n	1	0.6278	nan	0.6278	0.6278	900	565
condition-5-zh-5k	zh	2	belebele	ur	zh	n	y	1	0.6233	nan	0.6233	0.6233	900	561
condition-5-zh-5k	zh	2	belebele	zh	en	n	n	1	0.7756	nan	0.7756	0.7756	900	698
condition-5-zh-5k	zh	2	belebele	zh	zh	y	y	1	0.7789	nan	0.7789	0.7789	900	701
condition-5-zh-5k	zh	2	csqa	en	en	y	n	1	0.5950	nan	0.5950	0.5950	1000	595
condition-5-zh-5k	zh	2	csqa	en	zh	n	y	1	0.6020	nan	0.6020	0.6020	1000	602
condition-5-zh-5k	zh	2	csqa	es	en	n	n	1	0.5060	nan	0.5060	0.5060	1000	506
condition-5-zh-5k	zh	2	csqa	es	zh	n	y	1	0.5190	nan	0.5190	0.5190	1000	519
condition-5-zh-5k	zh	2	csqa	ur	en	n	n	1	0.3660	nan	0.3660	0.3660	1000	366
condition-5-zh-5k	zh	2	csqa	ur	zh	n	y	1	0.3780	nan	0.3780	0.3780	1000	378
condition-5-zh-5k	zh	2	csqa	zh	en	n	n	1	0.4950	nan	0.4950	0.4950	1000	495
condition-5-zh-5k	zh	2	csqa	zh	zh	y	y	1	0.5020	nan	0.5020	0.5020	1000	502
condition-5-zh-5k	zh	2	sib200	en	en	y	n	1	0.7010	nan	0.7010	0.7010	204	143
condition-5-zh-5k	zh	2	sib200	en	zh	n	y	1	0.5049	nan	0.5049	0.5049	204	103
condition-5-zh-5k	zh	2	sib200	es	en	n	n	1	0.6618	nan	0.6618	0.6618	204	135
condition-5-zh-5k	zh	2	sib200	es	zh	n	y	1	0.4559	nan	0.4559	0.4559	204	93
condition-5-zh-5k	zh	2	sib200	ur	en	n	n	1	0.6078	nan	0.6078	0.6078	204	124
condition-5-zh-5k	zh	2	sib200	ur	zh	n	y	1	0.3039	nan	0.3039	0.3039	204	62
condition-5-zh-5k	zh	2	sib200	zh	en	n	n	1	0.7010	nan	0.7010	0.7010	204	143
condition-5-zh-5k	zh	2	sib200	zh	zh	y	y	1	0.5392	nan	0.5392	0.5392	204	110
condition-5-zh-5k	zh	2	xnli	en	en	y	n	1	0.4842	nan	0.4842	0.4842	5010	2426
condition-5-zh-5k	zh	2	xnli	en	zh	n	y	1	0.3064	nan	0.3064	0.3064	5010	1535
condition-5-zh-5k	zh	2	xnli	es	en	n	n	1	0.4519	nan	0.4519	0.4519	5010	2264
condition-5-zh-5k	zh	2	xnli	es	zh	n	y	1	0.3347	nan	0.3347	0.3347	5010	1677
condition-5-zh-5k	zh	2	xnli	ur	en	n	n	1	0.3906	nan	0.3906	0.3906	5010	1957
condition-5-zh-5k	zh	2	xnli	ur	zh	n	y	1	0.1655	nan	0.1655	0.1655	5010	829
condition-5-zh-5k	zh	2	xnli	zh	en	n	n	1	0.3872	nan	0.3872	0.3872	5010	1940
condition-5-zh-5k	zh	2	xnli	zh	zh	y	y	1	0.3479	nan	0.3479	0.3479	5010	1743
