condition	seed	benchmark	data	instr	matched_instr	matched_diagonal	t1_acc	t2_acc	delta_t2_t1	t1_count	t2_count	t1_correct	t2_correct
baseline	none	belebele	en	en	n	y	0.7678	0.7822	+0.0144	900	900	691	704
baseline	none	belebele	en	es	n	n	0.7611	0.7756	+0.0144	900	900	685	698
baseline	none	belebele	en	ur	n	n	0.7411	0.7489	+0.0078	900	900	667	674
baseline	none	belebele	en	zh	n	n	0.7889	0.8000	+0.0111	900	900	710	720
baseline	none	belebele	es	en	n	n	0.6911	0.7011	+0.0100	900	900	622	631
baseline	none	belebele	es	es	n	y	0.6722	0.6989	+0.0267	900	900	605	629
baseline	none	belebele	es	ur	n	n	0.6389	0.6389	+0.0000	900	900	575	575
baseline	none	belebele	es	zh	n	n	0.6956	0.7167	+0.0211	900	900	626	645
baseline	none	belebele	ur	en	n	n	0.6044	0.6144	+0.0100	900	900	544	553
baseline	none	belebele	ur	es	n	n	0.5389	0.5544	+0.0156	900	900	485	499
baseline	none	belebele	ur	ur	n	y	0.5289	0.5233	-0.0056	900	900	476	471
baseline	none	belebele	ur	zh	n	n	0.5922	0.6067	+0.0144	900	900	533	546
baseline	none	belebele	zh	en	n	n	0.7500	0.7589	+0.0089	900	900	675	683
baseline	none	belebele	zh	es	n	n	0.7033	0.7367	+0.0333	900	900	633	663
baseline	none	belebele	zh	ur	n	n	0.7011	0.7000	-0.0011	900	900	631	630
baseline	none	belebele	zh	zh	n	y	0.7756	0.7611	-0.0144	900	900	698	685
baseline	none	csqa	en	en	n	y	0.6070	0.6070	+0.0000	1000	1000	607	607
baseline	none	csqa	en	es	n	n	0.6040	0.6230	+0.0190	1000	1000	604	623
baseline	none	csqa	en	ur	n	n	0.5850	0.5790	-0.0060	1000	1000	585	579
baseline	none	csqa	en	zh	n	n	0.6410	0.6310	-0.0100	1000	1000	641	631
baseline	none	csqa	es	en	n	n	0.5240	0.5170	-0.0070	1000	1000	524	517
baseline	none	csqa	es	es	n	y	0.5290	0.5320	+0.0030	1000	1000	529	532
baseline	none	csqa	es	ur	n	n	0.4730	0.4800	+0.0070	1000	1000	473	480
baseline	none	csqa	es	zh	n	n	0.5470	0.5300	-0.0170	1000	1000	547	530
baseline	none	csqa	ur	en	n	n	0.4240	0.4170	-0.0070	1000	1000	424	417
baseline	none	csqa	ur	es	n	n	0.3960	0.3930	-0.0030	1000	1000	396	393
baseline	none	csqa	ur	ur	n	y	0.4040	0.3920	-0.0120	1000	1000	404	392
baseline	none	csqa	ur	zh	n	n	0.3760	0.4020	+0.0260	1000	1000	376	402
baseline	none	csqa	zh	en	n	n	0.5450	0.5320	-0.0130	1000	1000	545	532
baseline	none	csqa	zh	es	n	n	0.5000	0.5100	+0.0100	1000	1000	500	510
baseline	none	csqa	zh	ur	n	n	0.4810	0.4660	-0.0150	1000	1000	481	466
baseline	none	csqa	zh	zh	n	y	0.5340	0.5320	-0.0020	1000	1000	534	532
baseline	none	sib200	en	en	n	y	0.7549	0.7206	-0.0343	204	204	154	147
baseline	none	sib200	en	es	n	n	0.6618	0.5539	-0.1078	204	204	135	113
baseline	none	sib200	en	ur	n	n	0.4951	0.3971	-0.0980	204	204	101	81
baseline	none	sib200	en	zh	n	n	0.7157	0.6520	-0.0637	204	204	146	133
baseline	none	sib200	es	en	n	n	0.7745	0.6765	-0.0980	204	204	158	138
baseline	none	sib200	es	es	n	y	0.6520	0.5147	-0.1373	204	204	133	105
baseline	none	sib200	es	ur	n	n	0.5343	0.3088	-0.2255	204	204	109	63
baseline	none	sib200	es	zh	n	n	0.6373	0.5931	-0.0441	204	204	130	121
baseline	none	sib200	ur	en	n	n	0.7255	0.6814	-0.0441	204	204	148	139
baseline	none	sib200	ur	es	n	n	0.5343	0.6127	+0.0784	204	204	109	125
baseline	none	sib200	ur	ur	n	y	0.5735	0.5294	-0.0441	204	204	117	108
baseline	none	sib200	ur	zh	n	n	0.5735	0.5343	-0.0392	204	204	117	109
baseline	none	sib200	zh	en	n	n	0.7892	0.6961	-0.0931	204	204	161	142
baseline	none	sib200	zh	es	n	n	0.5882	0.5588	-0.0294	204	204	120	114
baseline	none	sib200	zh	ur	n	n	0.5294	0.3971	-0.1324	204	204	108	81
baseline	none	sib200	zh	zh	n	y	0.6667	0.6225	-0.0441	204	204	136	127
baseline	none	xnli	en	en	n	y	0.4998	0.3786	-0.1212	5010	5010	2504	1897
baseline	none	xnli	en	es	n	n	0.3980	0.3806	-0.0174	5010	5010	1994	1907
baseline	none	xnli	en	ur	n	n	0.3816	0.2589	-0.1228	5010	5010	1912	1297
baseline	none	xnli	en	zh	n	n	0.3333	0.3337	+0.0004	5010	5010	1670	1672
baseline	none	xnli	es	en	n	n	0.4525	0.3661	-0.0864	5010	5010	2267	1834
baseline	none	xnli	es	es	n	y	0.4547	0.3770	-0.0776	5010	5010	2278	1889
baseline	none	xnli	es	ur	n	n	0.3433	0.3319	-0.0114	5010	5010	1720	1663
baseline	none	xnli	es	zh	n	n	0.3337	0.2369	-0.0968	5010	5010	1672	1187
baseline	none	xnli	ur	en	n	n	0.4343	0.3357	-0.0986	5010	5010	2176	1682
baseline	none	xnli	ur	es	n	n	0.3727	0.2499	-0.1228	5010	5010	1867	1252
baseline	none	xnli	ur	ur	n	y	0.3327	0.3228	-0.0100	5010	5010	1667	1617
baseline	none	xnli	ur	zh	n	n	0.3311	0.2078	-0.1234	5010	5010	1659	1041
baseline	none	xnli	zh	en	n	n	0.3906	0.4649	+0.0743	5010	5010	1957	2329
baseline	none	xnli	zh	es	n	n	0.3333	0.3637	+0.0303	5010	5010	1670	1822
baseline	none	xnli	zh	ur	n	n	0.3345	0.3341	-0.0004	5010	5010	1676	1674
baseline	none	xnli	zh	zh	n	y	0.3329	0.2491	-0.0838	5010	5010	1668	1248
condition-1-en-20k	42	belebele	en	en	y	y	0.7767	0.7922	+0.0156	900	900	699	713
condition-1-en-20k	42	belebele	en	es	n	n	0.7611	0.7789	+0.0178	900	900	685	701
condition-1-en-20k	42	belebele	en	ur	n	n	0.7611	0.7600	-0.0011	900	900	685	684
condition-1-en-20k	42	belebele	en	zh	n	n	0.7900	0.7967	+0.0067	900	900	711	717
condition-1-en-20k	42	belebele	es	en	y	n	0.7000	0.7189	+0.0189	900	900	630	647
condition-1-en-20k	42	belebele	es	es	n	y	0.6667	0.6833	+0.0167	900	900	600	615
condition-1-en-20k	42	belebele	es	ur	n	n	0.6344	0.6422	+0.0078	900	900	571	578
condition-1-en-20k	42	belebele	es	zh	n	n	0.6989	0.7156	+0.0167	900	900	629	644
condition-1-en-20k	42	belebele	ur	en	y	n	0.6144	0.6222	+0.0078	900	900	553	560
condition-1-en-20k	42	belebele	ur	es	n	n	0.5389	0.5656	+0.0267	900	900	485	509
condition-1-en-20k	42	belebele	ur	ur	n	y	0.5233	0.5156	-0.0078	900	900	471	464
condition-1-en-20k	42	belebele	ur	zh	n	n	0.5944	0.6056	+0.0111	900	900	535	545
condition-1-en-20k	42	belebele	zh	en	y	n	0.7600	0.7622	+0.0022	900	900	684	686
condition-1-en-20k	42	belebele	zh	es	n	n	0.7011	0.7344	+0.0333	900	900	631	661
condition-1-en-20k	42	belebele	zh	ur	n	n	0.7044	0.7033	-0.0011	900	900	634	633
condition-1-en-20k	42	belebele	zh	zh	n	y	0.7656	0.7633	-0.0022	900	900	689	687
condition-1-en-20k	42	csqa	en	en	y	y	0.6150	0.6160	+0.0010	1000	1000	615	616
condition-1-en-20k	42	csqa	en	es	n	n	0.6140	0.6210	+0.0070	1000	1000	614	621
condition-1-en-20k	42	csqa	en	ur	n	n	0.5930	0.5820	-0.0110	1000	1000	593	582
condition-1-en-20k	42	csqa	en	zh	n	n	0.6520	0.6340	-0.0180	1000	1000	652	634
condition-1-en-20k	42	csqa	es	en	y	n	0.5370	0.5270	-0.0100	1000	1000	537	527
condition-1-en-20k	42	csqa	es	es	n	y	0.5230	0.5350	+0.0120	1000	1000	523	535
condition-1-en-20k	42	csqa	es	ur	n	n	0.4830	0.4830	+0.0000	1000	1000	483	483
condition-1-en-20k	42	csqa	es	zh	n	n	0.5530	0.5350	-0.0180	1000	1000	553	535
condition-1-en-20k	42	csqa	ur	en	y	n	0.4320	0.4210	-0.0110	1000	1000	432	421
condition-1-en-20k	42	csqa	ur	es	n	n	0.3940	0.3920	-0.0020	1000	1000	394	392
condition-1-en-20k	42	csqa	ur	ur	n	y	0.4020	0.4000	-0.0020	1000	1000	402	400
condition-1-en-20k	42	csqa	ur	zh	n	n	0.3960	0.4080	+0.0120	1000	1000	396	408
condition-1-en-20k	42	csqa	zh	en	y	n	0.5490	0.5410	-0.0080	1000	1000	549	541
condition-1-en-20k	42	csqa	zh	es	n	n	0.5110	0.5040	-0.0070	1000	1000	511	504
condition-1-en-20k	42	csqa	zh	ur	n	n	0.4830	0.4750	-0.0080	1000	1000	483	475
condition-1-en-20k	42	csqa	zh	zh	n	y	0.5360	0.5370	+0.0010	1000	1000	536	537
condition-1-en-20k	42	sib200	en	en	y	y	0.7549	0.6863	-0.0686	204	204	154	140
condition-1-en-20k	42	sib200	en	es	n	n	0.6176	0.4657	-0.1520	204	204	126	95
condition-1-en-20k	42	sib200	en	ur	n	n	0.4951	0.4559	-0.0392	204	204	101	93
condition-1-en-20k	42	sib200	en	zh	n	n	0.6961	0.6373	-0.0588	204	204	142	130
condition-1-en-20k	42	sib200	es	en	y	n	0.7745	0.6422	-0.1324	204	204	158	131
condition-1-en-20k	42	sib200	es	es	n	y	0.6029	0.4608	-0.1422	204	204	123	94
condition-1-en-20k	42	sib200	es	ur	n	n	0.5147	0.4118	-0.1029	204	204	105	84
condition-1-en-20k	42	sib200	es	zh	n	n	0.6225	0.5833	-0.0392	204	204	127	119
condition-1-en-20k	42	sib200	ur	en	y	n	0.6863	0.6471	-0.0392	204	204	140	132
condition-1-en-20k	42	sib200	ur	es	n	n	0.5000	0.5196	+0.0196	204	204	102	106
condition-1-en-20k	42	sib200	ur	ur	n	y	0.5686	0.5637	-0.0049	204	204	116	115
condition-1-en-20k	42	sib200	ur	zh	n	n	0.5245	0.5049	-0.0196	204	204	107	103
condition-1-en-20k	42	sib200	zh	en	y	n	0.7647	0.6324	-0.1324	204	204	156	129
condition-1-en-20k	42	sib200	zh	es	n	n	0.5490	0.5196	-0.0294	204	204	112	106
condition-1-en-20k	42	sib200	zh	ur	n	n	0.5294	0.4951	-0.0343	204	204	108	101
condition-1-en-20k	42	sib200	zh	zh	n	y	0.6471	0.6176	-0.0294	204	204	132	126
condition-1-en-20k	42	xnli	en	en	y	y	0.5166	0.3447	-0.1719	5010	5010	2588	1727
condition-1-en-20k	42	xnli	en	es	n	n	0.4457	0.3752	-0.0705	5010	5010	2233	1880
condition-1-en-20k	42	xnli	en	ur	n	n	0.4677	0.2493	-0.2184	5010	5010	2343	1249
condition-1-en-20k	42	xnli	en	zh	n	n	0.3329	0.3271	-0.0058	5010	5010	1668	1639
condition-1-en-20k	42	xnli	es	en	y	n	0.4677	0.3441	-0.1236	5010	5010	2343	1724
condition-1-en-20k	42	xnli	es	es	n	y	0.4758	0.3607	-0.1152	5010	5010	2384	1807
condition-1-en-20k	42	xnli	es	ur	n	n	0.3752	0.3140	-0.0613	5010	5010	1880	1573
condition-1-en-20k	42	xnli	es	zh	n	n	0.3337	0.2715	-0.0623	5010	5010	1672	1360
condition-1-en-20k	42	xnli	ur	en	y	n	0.4379	0.3325	-0.1054	5010	5010	2194	1666
condition-1-en-20k	42	xnli	ur	es	n	n	0.4060	0.3697	-0.0363	5010	5010	2034	1852
condition-1-en-20k	42	xnli	ur	ur	n	y	0.3403	0.3248	-0.0156	5010	5010	1705	1627
condition-1-en-20k	42	xnli	ur	zh	n	n	0.3333	0.2629	-0.0705	5010	5010	1670	1317
condition-1-en-20k	42	xnli	zh	en	y	n	0.4120	0.4042	-0.0078	5010	5010	2064	2025
condition-1-en-20k	42	xnli	zh	es	n	n	0.3337	0.3870	+0.0533	5010	5010	1672	1939
condition-1-en-20k	42	xnli	zh	ur	n	n	0.3423	0.3363	-0.0060	5010	5010	1715	1685
condition-1-en-20k	42	xnli	zh	zh	n	y	0.3331	0.2868	-0.0463	5010	5010	1669	1437
condition-1-en-5k	123	belebele	en	en	y	y	0.7778	0.7867	+0.0089	900	900	700	708
condition-1-en-5k	123	belebele	en	es	n	n	0.7622	0.7856	+0.0233	900	900	686	707
condition-1-en-5k	123	belebele	en	ur	n	n	0.7489	0.7600	+0.0111	900	900	674	684
condition-1-en-5k	123	belebele	en	zh	n	n	0.7889	0.8033	+0.0144	900	900	710	723
condition-1-en-5k	123	belebele	es	en	y	n	0.7000	0.7100	+0.0100	900	900	630	639
condition-1-en-5k	123	belebele	es	es	n	y	0.6733	0.6956	+0.0222	900	900	606	626
condition-1-en-5k	123	belebele	es	ur	n	n	0.6467	0.6500	+0.0033	900	900	582	585
condition-1-en-5k	123	belebele	es	zh	n	n	0.6933	0.7178	+0.0244	900	900	624	646
condition-1-en-5k	123	belebele	ur	en	y	n	0.6089	0.6233	+0.0144	900	900	548	561
condition-1-en-5k	123	belebele	ur	es	n	n	0.5278	0.5556	+0.0278	900	900	475	500
condition-1-en-5k	123	belebele	ur	ur	n	y	0.5289	0.5244	-0.0044	900	900	476	472
condition-1-en-5k	123	belebele	ur	zh	n	n	0.6011	0.6000	-0.0011	900	900	541	540
condition-1-en-5k	123	belebele	zh	en	y	n	0.7600	0.7656	+0.0056	900	900	684	689
condition-1-en-5k	123	belebele	zh	es	n	n	0.7011	0.7344	+0.0333	900	900	631	661
condition-1-en-5k	123	belebele	zh	ur	n	n	0.7156	0.7089	-0.0067	900	900	644	638
condition-1-en-5k	123	belebele	zh	zh	n	y	0.7756	0.7622	-0.0133	900	900	698	686
condition-1-en-5k	123	csqa	en	en	y	y	0.6110	0.6090	-0.0020	1000	1000	611	609
condition-1-en-5k	123	csqa	en	es	n	n	0.6070	0.6180	+0.0110	1000	1000	607	618
condition-1-en-5k	123	csqa	en	ur	n	n	0.5920	0.5870	-0.0050	1000	1000	592	587
condition-1-en-5k	123	csqa	en	zh	n	n	0.6400	0.6280	-0.0120	1000	1000	640	628
condition-1-en-5k	123	csqa	es	en	y	n	0.5290	0.5190	-0.0100	1000	1000	529	519
condition-1-en-5k	123	csqa	es	es	n	y	0.5300	0.5310	+0.0010	1000	1000	530	531
condition-1-en-5k	123	csqa	es	ur	n	n	0.4790	0.4800	+0.0010	1000	1000	479	480
condition-1-en-5k	123	csqa	es	zh	n	n	0.5440	0.5280	-0.0160	1000	1000	544	528
condition-1-en-5k	123	csqa	ur	en	y	n	0.4270	0.4210	-0.0060	1000	1000	427	421
condition-1-en-5k	123	csqa	ur	es	n	n	0.3930	0.3960	+0.0030	1000	1000	393	396
condition-1-en-5k	123	csqa	ur	ur	n	y	0.3990	0.3920	-0.0070	1000	1000	399	392
condition-1-en-5k	123	csqa	ur	zh	n	n	0.3890	0.3990	+0.0100	1000	1000	389	399
condition-1-en-5k	123	csqa	zh	en	y	n	0.5500	0.5300	-0.0200	1000	1000	550	530
condition-1-en-5k	123	csqa	zh	es	n	n	0.5030	0.5040	+0.0010	1000	1000	503	504
condition-1-en-5k	123	csqa	zh	ur	n	n	0.4790	0.4620	-0.0170	1000	1000	479	462
condition-1-en-5k	123	csqa	zh	zh	n	y	0.5270	0.5320	+0.0050	1000	1000	527	532
condition-1-en-5k	123	sib200	en	en	y	y	0.7500	0.7108	-0.0392	204	204	153	145
condition-1-en-5k	123	sib200	en	es	n	n	0.6618	0.5245	-0.1373	204	204	135	107
condition-1-en-5k	123	sib200	en	ur	n	n	0.4902	0.4167	-0.0735	204	204	100	85
condition-1-en-5k	123	sib200	en	zh	n	n	0.7108	0.6471	-0.0637	204	204	145	132
condition-1-en-5k	123	sib200	es	en	y	n	0.7549	0.6569	-0.0980	204	204	154	134
condition-1-en-5k	123	sib200	es	es	n	y	0.6471	0.5000	-0.1471	204	204	132	102
condition-1-en-5k	123	sib200	es	ur	n	n	0.4951	0.3529	-0.1422	204	204	101	72
condition-1-en-5k	123	sib200	es	zh	n	n	0.6373	0.5784	-0.0588	204	204	130	118
condition-1-en-5k	123	sib200	ur	en	y	n	0.6912	0.6716	-0.0196	204	204	141	137
condition-1-en-5k	123	sib200	ur	es	n	n	0.5245	0.5637	+0.0392	204	204	107	115
condition-1-en-5k	123	sib200	ur	ur	n	y	0.5637	0.5441	-0.0196	204	204	115	111
condition-1-en-5k	123	sib200	ur	zh	n	n	0.5539	0.5343	-0.0196	204	204	113	109
condition-1-en-5k	123	sib200	zh	en	y	n	0.7451	0.6667	-0.0784	204	204	152	136
condition-1-en-5k	123	sib200	zh	es	n	n	0.5882	0.5441	-0.0441	204	204	120	111
condition-1-en-5k	123	sib200	zh	ur	n	n	0.5196	0.4853	-0.0343	204	204	106	99
condition-1-en-5k	123	sib200	zh	zh	n	y	0.6716	0.6275	-0.0441	204	204	137	128
condition-1-en-5k	123	xnli	en	en	y	y	0.5218	0.3617	-0.1601	5010	5010	2614	1812
condition-1-en-5k	123	xnli	en	es	n	n	0.4122	0.3916	-0.0206	5010	5010	2065	1962
condition-1-en-5k	123	xnli	en	ur	n	n	0.4353	0.2421	-0.1932	5010	5010	2181	1213
condition-1-en-5k	123	xnli	en	zh	n	n	0.3335	0.3715	+0.0379	5010	5010	1671	1861
condition-1-en-5k	123	xnli	es	en	y	n	0.4689	0.3607	-0.1082	5010	5010	2349	1807
condition-1-en-5k	123	xnli	es	es	n	y	0.4581	0.3796	-0.0784	5010	5010	2295	1902
condition-1-en-5k	123	xnli	es	ur	n	n	0.3553	0.3124	-0.0429	5010	5010	1780	1565
condition-1-en-5k	123	xnli	es	zh	n	n	0.3337	0.3557	+0.0220	5010	5010	1672	1782
condition-1-en-5k	123	xnli	ur	en	y	n	0.4375	0.3339	-0.1036	5010	5010	2192	1673
condition-1-en-5k	123	xnli	ur	es	n	n	0.3846	0.3798	-0.0048	5010	5010	1927	1903
condition-1-en-5k	123	xnli	ur	ur	n	y	0.3343	0.3230	-0.0114	5010	5010	1675	1618
condition-1-en-5k	123	xnli	ur	zh	n	n	0.3333	0.2864	-0.0469	5010	5010	1670	1435
condition-1-en-5k	123	xnli	zh	en	y	n	0.4040	0.4593	+0.0553	5010	5010	2024	2301
condition-1-en-5k	123	xnli	zh	es	n	n	0.3333	0.3587	+0.0253	5010	5010	1670	1797
condition-1-en-5k	123	xnli	zh	ur	n	n	0.3377	0.3363	-0.0014	5010	5010	1692	1685
condition-1-en-5k	123	xnli	zh	zh	n	y	0.3321	0.2942	-0.0379	5010	5010	1664	1474
condition-1-en-5k	42	belebele	en	en	y	y	0.7800	0.7889	+0.0089	900	900	702	710
condition-1-en-5k	42	belebele	en	es	n	n	0.7589	0.7822	+0.0233	900	900	683	704
condition-1-en-5k	42	belebele	en	ur	n	n	0.7567	0.7622	+0.0056	900	900	681	686
condition-1-en-5k	42	belebele	en	zh	n	n	0.7889	0.8044	+0.0156	900	900	710	724
condition-1-en-5k	42	belebele	es	en	y	n	0.7033	0.7122	+0.0089	900	900	633	641
condition-1-en-5k	42	belebele	es	es	n	y	0.6733	0.6978	+0.0244	900	900	606	628
condition-1-en-5k	42	belebele	es	ur	n	n	0.6444	0.6478	+0.0033	900	900	580	583
condition-1-en-5k	42	belebele	es	zh	n	n	0.6922	0.7178	+0.0256	900	900	623	646
condition-1-en-5k	42	belebele	ur	en	y	n	0.6167	0.6211	+0.0044	900	900	555	559
condition-1-en-5k	42	belebele	ur	es	n	n	0.5456	0.5656	+0.0200	900	900	491	509
condition-1-en-5k	42	belebele	ur	ur	n	y	0.5422	0.5289	-0.0133	900	900	488	476
condition-1-en-5k	42	belebele	ur	zh	n	n	0.5978	0.6067	+0.0089	900	900	538	546
condition-1-en-5k	42	belebele	zh	en	y	n	0.7656	0.7644	-0.0011	900	900	689	688
condition-1-en-5k	42	belebele	zh	es	n	n	0.7056	0.7367	+0.0311	900	900	635	663
condition-1-en-5k	42	belebele	zh	ur	n	n	0.7144	0.7089	-0.0056	900	900	643	638
condition-1-en-5k	42	belebele	zh	zh	n	y	0.7733	0.7556	-0.0178	900	900	696	680
condition-1-en-5k	42	csqa	en	en	y	y	0.6130	0.6160	+0.0030	1000	1000	613	616
condition-1-en-5k	42	csqa	en	es	n	n	0.6090	0.6180	+0.0090	1000	1000	609	618
condition-1-en-5k	42	csqa	en	ur	n	n	0.5920	0.5850	-0.0070	1000	1000	592	585
condition-1-en-5k	42	csqa	en	zh	n	n	0.6460	0.6360	-0.0100	1000	1000	646	636
condition-1-en-5k	42	csqa	es	en	y	n	0.5390	0.5310	-0.0080	1000	1000	539	531
condition-1-en-5k	42	csqa	es	es	n	y	0.5440	0.5350	-0.0090	1000	1000	544	535
condition-1-en-5k	42	csqa	es	ur	n	n	0.4840	0.4860	+0.0020	1000	1000	484	486
condition-1-en-5k	42	csqa	es	zh	n	n	0.5480	0.5350	-0.0130	1000	1000	548	535
condition-1-en-5k	42	csqa	ur	en	y	n	0.4240	0.4210	-0.0030	1000	1000	424	421
condition-1-en-5k	42	csqa	ur	es	n	n	0.3980	0.3910	-0.0070	1000	1000	398	391
condition-1-en-5k	42	csqa	ur	ur	n	y	0.4130	0.3890	-0.0240	1000	1000	413	389
condition-1-en-5k	42	csqa	ur	zh	n	n	0.3820	0.4030	+0.0210	1000	1000	382	403
condition-1-en-5k	42	csqa	zh	en	y	n	0.5540	0.5310	-0.0230	1000	1000	554	531
condition-1-en-5k	42	csqa	zh	es	n	n	0.5090	0.5050	-0.0040	1000	1000	509	505
condition-1-en-5k	42	csqa	zh	ur	n	n	0.4800	0.4690	-0.0110	1000	1000	480	469
condition-1-en-5k	42	csqa	zh	zh	n	y	0.5260	0.5340	+0.0080	1000	1000	526	534
condition-1-en-5k	42	sib200	en	en	y	y	0.7500	0.7010	-0.0490	204	204	153	143
condition-1-en-5k	42	sib200	en	es	n	n	0.6373	0.4951	-0.1422	204	204	130	101
condition-1-en-5k	42	sib200	en	ur	n	n	0.4755	0.4363	-0.0392	204	204	97	89
condition-1-en-5k	42	sib200	en	zh	n	n	0.6961	0.6520	-0.0441	204	204	142	133
condition-1-en-5k	42	sib200	es	en	y	n	0.7647	0.6520	-0.1127	204	204	156	133
condition-1-en-5k	42	sib200	es	es	n	y	0.6324	0.4951	-0.1373	204	204	129	101
condition-1-en-5k	42	sib200	es	ur	n	n	0.5049	0.3873	-0.1176	204	204	103	79
condition-1-en-5k	42	sib200	es	zh	n	n	0.6275	0.5735	-0.0539	204	204	128	117
condition-1-en-5k	42	sib200	ur	en	y	n	0.6765	0.6569	-0.0196	204	204	138	134
condition-1-en-5k	42	sib200	ur	es	n	n	0.5147	0.5392	+0.0245	204	204	105	110
condition-1-en-5k	42	sib200	ur	ur	n	y	0.5539	0.5392	-0.0147	204	204	113	110
condition-1-en-5k	42	sib200	ur	zh	n	n	0.5441	0.5196	-0.0245	204	204	111	106
condition-1-en-5k	42	sib200	zh	en	y	n	0.7500	0.6667	-0.0833	204	204	153	136
condition-1-en-5k	42	sib200	zh	es	n	n	0.5588	0.5294	-0.0294	204	204	114	108
condition-1-en-5k	42	sib200	zh	ur	n	n	0.5294	0.4951	-0.0343	204	204	108	101
condition-1-en-5k	42	sib200	zh	zh	n	y	0.6618	0.6225	-0.0392	204	204	135	127
condition-1-en-5k	42	xnli	en	en	y	y	0.5206	0.3489	-0.1717	5010	5010	2608	1748
condition-1-en-5k	42	xnli	en	es	n	n	0.4200	0.3880	-0.0319	5010	5010	2104	1944
condition-1-en-5k	42	xnli	en	ur	n	n	0.4206	0.2701	-0.1505	5010	5010	2107	1353
condition-1-en-5k	42	xnli	en	zh	n	n	0.3343	0.3936	+0.0593	5010	5010	1675	1972
condition-1-en-5k	42	xnli	es	en	y	n	0.4657	0.3477	-0.1180	5010	5010	2333	1742
condition-1-en-5k	42	xnli	es	es	n	y	0.4637	0.3768	-0.0868	5010	5010	2323	1888
condition-1-en-5k	42	xnli	es	ur	n	n	0.3489	0.3291	-0.0198	5010	5010	1748	1649
condition-1-en-5k	42	xnli	es	zh	n	n	0.3341	0.3547	+0.0206	5010	5010	1674	1777
condition-1-en-5k	42	xnli	ur	en	y	n	0.4347	0.3325	-0.1022	5010	5010	2178	1666
condition-1-en-5k	42	xnli	ur	es	n	n	0.3828	0.3782	-0.0046	5010	5010	1918	1895
condition-1-en-5k	42	xnli	ur	ur	n	y	0.3339	0.3273	-0.0066	5010	5010	1673	1640
condition-1-en-5k	42	xnli	ur	zh	n	n	0.3329	0.2749	-0.0581	5010	5010	1668	1377
condition-1-en-5k	42	xnli	zh	en	y	n	0.3984	0.4261	+0.0277	5010	5010	1996	2135
condition-1-en-5k	42	xnli	zh	es	n	n	0.3333	0.3689	+0.0355	5010	5010	1670	1848
condition-1-en-5k	42	xnli	zh	ur	n	n	0.3369	0.3369	+0.0000	5010	5010	1688	1688
condition-1-en-5k	42	xnli	zh	zh	n	y	0.3331	0.3042	-0.0289	5010	5010	1669	1524
condition-1-en-5k	456	belebele	en	en	y	y	0.7767	0.7856	+0.0089	900	900	699	707
condition-1-en-5k	456	belebele	en	es	n	n	0.7600	0.7811	+0.0211	900	900	684	703
condition-1-en-5k	456	belebele	en	ur	n	n	0.7589	0.7611	+0.0022	900	900	683	685
condition-1-en-5k	456	belebele	en	zh	n	n	0.7878	0.7967	+0.0089	900	900	709	717
condition-1-en-5k	456	belebele	es	en	y	n	0.6967	0.7067	+0.0100	900	900	627	636
condition-1-en-5k	456	belebele	es	es	n	y	0.6689	0.6922	+0.0233	900	900	602	623
condition-1-en-5k	456	belebele	es	ur	n	n	0.6356	0.6389	+0.0033	900	900	572	575
condition-1-en-5k	456	belebele	es	zh	n	n	0.6956	0.7222	+0.0267	900	900	626	650
condition-1-en-5k	456	belebele	ur	en	y	n	0.6133	0.6156	+0.0022	900	900	552	554
condition-1-en-5k	456	belebele	ur	es	n	n	0.5333	0.5656	+0.0322	900	900	480	509
condition-1-en-5k	456	belebele	ur	ur	n	y	0.5389	0.5233	-0.0156	900	900	485	471
condition-1-en-5k	456	belebele	ur	zh	n	n	0.6000	0.6022	+0.0022	900	900	540	542
condition-1-en-5k	456	belebele	zh	en	y	n	0.7533	0.7611	+0.0078	900	900	678	685
condition-1-en-5k	456	belebele	zh	es	n	n	0.7067	0.7344	+0.0278	900	900	636	661
condition-1-en-5k	456	belebele	zh	ur	n	n	0.7133	0.7100	-0.0033	900	900	642	639
condition-1-en-5k	456	belebele	zh	zh	n	y	0.7767	0.7556	-0.0211	900	900	699	680
condition-1-en-5k	456	csqa	en	en	y	y	0.6120	0.6090	-0.0030	1000	1000	612	609
condition-1-en-5k	456	csqa	en	es	n	n	0.6190	0.6200	+0.0010	1000	1000	619	620
condition-1-en-5k	456	csqa	en	ur	n	n	0.5920	0.5860	-0.0060	1000	1000	592	586
condition-1-en-5k	456	csqa	en	zh	n	n	0.6480	0.6450	-0.0030	1000	1000	648	645
condition-1-en-5k	456	csqa	es	en	y	n	0.5230	0.5280	+0.0050	1000	1000	523	528
condition-1-en-5k	456	csqa	es	es	n	y	0.5260	0.5360	+0.0100	1000	1000	526	536
condition-1-en-5k	456	csqa	es	ur	n	n	0.4840	0.4830	-0.0010	1000	1000	484	483
condition-1-en-5k	456	csqa	es	zh	n	n	0.5520	0.5250	-0.0270	1000	1000	552	525
condition-1-en-5k	456	csqa	ur	en	y	n	0.4200	0.4170	-0.0030	1000	1000	420	417
condition-1-en-5k	456	csqa	ur	es	n	n	0.4000	0.3950	-0.0050	1000	1000	400	395
condition-1-en-5k	456	csqa	ur	ur	n	y	0.4150	0.3950	-0.0200	1000	1000	415	395
condition-1-en-5k	456	csqa	ur	zh	n	n	0.3890	0.4070	+0.0180	1000	1000	389	407
condition-1-en-5k	456	csqa	zh	en	y	n	0.5540	0.5360	-0.0180	1000	1000	554	536
condition-1-en-5k	456	csqa	zh	es	n	n	0.5080	0.5040	-0.0040	1000	1000	508	504
condition-1-en-5k	456	csqa	zh	ur	n	n	0.4870	0.4680	-0.0190	1000	1000	487	468
condition-1-en-5k	456	csqa	zh	zh	n	y	0.5270	0.5370	+0.0100	1000	1000	527	537
condition-1-en-5k	456	sib200	en	en	y	y	0.7598	0.7157	-0.0441	204	204	155	146
condition-1-en-5k	456	sib200	en	es	n	n	0.6471	0.5196	-0.1275	204	204	132	106
condition-1-en-5k	456	sib200	en	ur	n	n	0.4755	0.4167	-0.0588	204	204	97	85
condition-1-en-5k	456	sib200	en	zh	n	n	0.7108	0.6520	-0.0588	204	204	145	133
condition-1-en-5k	456	sib200	es	en	y	n	0.7549	0.6667	-0.0882	204	204	154	136
condition-1-en-5k	456	sib200	es	es	n	y	0.6373	0.5049	-0.1324	204	204	130	103
condition-1-en-5k	456	sib200	es	ur	n	n	0.4804	0.3676	-0.1127	204	204	98	75
condition-1-en-5k	456	sib200	es	zh	n	n	0.6324	0.5735	-0.0588	204	204	129	117
condition-1-en-5k	456	sib200	ur	en	y	n	0.7010	0.6716	-0.0294	204	204	143	137
condition-1-en-5k	456	sib200	ur	es	n	n	0.5147	0.5882	+0.0735	204	204	105	120
condition-1-en-5k	456	sib200	ur	ur	n	y	0.5588	0.5490	-0.0098	204	204	114	112
condition-1-en-5k	456	sib200	ur	zh	n	n	0.5637	0.5343	-0.0294	204	204	115	109
condition-1-en-5k	456	sib200	zh	en	y	n	0.7549	0.6814	-0.0735	204	204	154	139
condition-1-en-5k	456	sib200	zh	es	n	n	0.5735	0.5392	-0.0343	204	204	117	110
condition-1-en-5k	456	sib200	zh	ur	n	n	0.5245	0.4755	-0.0490	204	204	107	97
condition-1-en-5k	456	sib200	zh	zh	n	y	0.6618	0.6225	-0.0392	204	204	135	127
condition-1-en-5k	456	xnli	en	en	y	y	0.5255	0.3589	-0.1667	5010	5010	2633	1798
condition-1-en-5k	456	xnli	en	es	n	n	0.4162	0.3914	-0.0248	5010	5010	2085	1961
condition-1-en-5k	456	xnli	en	ur	n	n	0.4200	0.2413	-0.1786	5010	5010	2104	1209
condition-1-en-5k	456	xnli	en	zh	n	n	0.3341	0.3868	+0.0527	5010	5010	1674	1938
condition-1-en-5k	456	xnli	es	en	y	n	0.4717	0.3557	-0.1160	5010	5010	2363	1782
condition-1-en-5k	456	xnli	es	es	n	y	0.4653	0.3735	-0.0918	5010	5010	2331	1871
condition-1-en-5k	456	xnli	es	ur	n	n	0.3505	0.3158	-0.0347	5010	5010	1756	1582
condition-1-en-5k	456	xnli	es	zh	n	n	0.3349	0.3285	-0.0064	5010	5010	1678	1646
condition-1-en-5k	456	xnli	ur	en	y	n	0.4403	0.3325	-0.1078	5010	5010	2206	1666
condition-1-en-5k	456	xnli	ur	es	n	n	0.3856	0.3651	-0.0206	5010	5010	1932	1829
condition-1-en-5k	456	xnli	ur	ur	n	y	0.3325	0.3236	-0.0090	5010	5010	1666	1621
condition-1-en-5k	456	xnli	ur	zh	n	n	0.3331	0.2663	-0.0669	5010	5010	1669	1334
condition-1-en-5k	456	xnli	zh	en	y	n	0.4078	0.4389	+0.0311	5010	5010	2043	2199
condition-1-en-5k	456	xnli	zh	es	n	n	0.3333	0.3756	+0.0423	5010	5010	1670	1882
condition-1-en-5k	456	xnli	zh	ur	n	n	0.3371	0.3361	-0.0010	5010	5010	1689	1684
condition-1-en-5k	456	xnli	zh	zh	n	y	0.3395	0.2745	-0.0651	5010	5010	1701	1375
condition-2-es-20k	42	belebele	en	en	n	y	0.7878	0.7867	-0.0011	900	900	709	708
condition-2-es-20k	42	belebele	en	es	y	n	0.7744	0.7944	+0.0200	900	900	697	715
condition-2-es-20k	42	belebele	es	en	n	n	0.7022	0.7222	+0.0200	900	900	632	650
condition-2-es-20k	42	belebele	es	es	y	y	0.6678	0.6978	+0.0300	900	900	601	628
condition-2-es-20k	42	belebele	ur	en	n	n	0.6089	0.6178	+0.0089	900	900	548	556
condition-2-es-20k	42	belebele	ur	es	y	n	0.5444	0.5878	+0.0433	900	900	490	529
condition-2-es-20k	42	belebele	zh	en	n	n	0.7556	0.7667	+0.0111	900	900	680	690
condition-2-es-20k	42	belebele	zh	es	y	n	0.7156	0.7433	+0.0278	900	900	644	669
condition-2-es-20k	42	csqa	en	en	n	y	0.6010	0.6020	+0.0010	1000	1000	601	602
condition-2-es-20k	42	csqa	en	es	y	n	0.6100	0.6300	+0.0200	1000	1000	610	630
condition-2-es-20k	42	csqa	es	en	n	n	0.5360	0.5240	-0.0120	1000	1000	536	524
condition-2-es-20k	42	csqa	es	es	y	y	0.5400	0.5520	+0.0120	1000	1000	540	552
condition-2-es-20k	42	csqa	ur	en	n	n	0.4180	0.4250	+0.0070	1000	1000	418	425
condition-2-es-20k	42	csqa	ur	es	y	n	0.3950	0.4100	+0.0150	1000	1000	395	410
condition-2-es-20k	42	csqa	zh	en	n	n	0.5490	0.5350	-0.0140	1000	1000	549	535
condition-2-es-20k	42	csqa	zh	es	y	n	0.5230	0.5200	-0.0030	1000	1000	523	520
condition-2-es-20k	42	sib200	en	en	n	y	0.7549	0.6912	-0.0637	204	204	154	141
condition-2-es-20k	42	sib200	en	es	y	n	0.6814	0.5049	-0.1765	204	204	139	103
condition-2-es-20k	42	sib200	es	en	n	n	0.7598	0.6520	-0.1078	204	204	155	133
condition-2-es-20k	42	sib200	es	es	y	y	0.6765	0.5000	-0.1765	204	204	138	102
condition-2-es-20k	42	sib200	ur	en	n	n	0.7108	0.6471	-0.0637	204	204	145	132
condition-2-es-20k	42	sib200	ur	es	y	n	0.5686	0.4314	-0.1373	204	204	116	88
condition-2-es-20k	42	sib200	zh	en	n	n	0.7647	0.6373	-0.1275	204	204	156	130
condition-2-es-20k	42	sib200	zh	es	y	n	0.6520	0.5245	-0.1275	204	204	133	107
condition-2-es-20k	42	xnli	en	en	n	y	0.4986	0.4084	-0.0902	5010	5010	2498	2046
condition-2-es-20k	42	xnli	en	es	y	n	0.4194	0.4509	+0.0315	5010	5010	2101	2259
condition-2-es-20k	42	xnli	es	en	n	n	0.4631	0.3794	-0.0836	5010	5010	2320	1901
condition-2-es-20k	42	xnli	es	es	y	y	0.4042	0.3988	-0.0054	5010	5010	2025	1998
condition-2-es-20k	42	xnli	ur	en	n	n	0.4381	0.3325	-0.1056	5010	5010	2195	1666
condition-2-es-20k	42	xnli	ur	es	y	n	0.4277	0.3950	-0.0327	5010	5010	2143	1979
condition-2-es-20k	42	xnli	zh	en	n	n	0.3852	0.4838	+0.0986	5010	5010	1930	2424
condition-2-es-20k	42	xnli	zh	es	y	n	0.3371	0.3737	+0.0365	5010	5010	1689	1872
condition-2-es-5k	123	belebele	en	en	n	y	0.7800	0.7822	+0.0022	900	900	702	704
condition-2-es-5k	123	belebele	en	es	y	n	0.7656	0.7900	+0.0244	900	900	689	711
condition-2-es-5k	123	belebele	es	en	n	n	0.7056	0.7100	+0.0044	900	900	635	639
condition-2-es-5k	123	belebele	es	es	y	y	0.6744	0.7111	+0.0367	900	900	607	640
condition-2-es-5k	123	belebele	ur	en	n	n	0.6089	0.6289	+0.0200	900	900	548	566
condition-2-es-5k	123	belebele	ur	es	y	n	0.5633	0.5956	+0.0322	900	900	507	536
condition-2-es-5k	123	belebele	zh	en	n	n	0.7522	0.7622	+0.0100	900	900	677	686
condition-2-es-5k	123	belebele	zh	es	y	n	0.7167	0.7456	+0.0289	900	900	645	671
condition-2-es-5k	123	csqa	en	en	n	y	0.6030	0.6040	+0.0010	1000	1000	603	604
condition-2-es-5k	123	csqa	en	es	y	n	0.6050	0.6240	+0.0190	1000	1000	605	624
condition-2-es-5k	123	csqa	es	en	n	n	0.5260	0.5270	+0.0010	1000	1000	526	527
condition-2-es-5k	123	csqa	es	es	y	y	0.5340	0.5450	+0.0110	1000	1000	534	545
condition-2-es-5k	123	csqa	ur	en	n	n	0.4070	0.4220	+0.0150	1000	1000	407	422
condition-2-es-5k	123	csqa	ur	es	y	n	0.4040	0.4030	-0.0010	1000	1000	404	403
condition-2-es-5k	123	csqa	zh	en	n	n	0.5440	0.5420	-0.0020	1000	1000	544	542
condition-2-es-5k	123	csqa	zh	es	y	n	0.5060	0.5070	+0.0010	1000	1000	506	507
condition-2-es-5k	123	sib200	en	en	n	y	0.7647	0.6912	-0.0735	204	204	156	141
condition-2-es-5k	123	sib200	en	es	y	n	0.6716	0.4902	-0.1814	204	204	137	100
condition-2-es-5k	123	sib200	es	en	n	n	0.7549	0.6471	-0.1078	204	204	154	132
condition-2-es-5k	123	sib200	es	es	y	y	0.6422	0.4755	-0.1667	204	204	131	97
condition-2-es-5k	123	sib200	ur	en	n	n	0.6961	0.6618	-0.0343	204	204	142	135
condition-2-es-5k	123	sib200	ur	es	y	n	0.5441	0.4314	-0.1127	204	204	111	88
condition-2-es-5k	123	sib200	zh	en	n	n	0.7696	0.6471	-0.1225	204	204	157	132
condition-2-es-5k	123	sib200	zh	es	y	n	0.6422	0.5000	-0.1422	204	204	131	102
condition-2-es-5k	123	xnli	en	en	n	y	0.5244	0.3619	-0.1625	5010	5010	2627	1813
condition-2-es-5k	123	xnli	en	es	y	n	0.4840	0.3824	-0.1016	5010	5010	2425	1916
condition-2-es-5k	123	xnli	es	en	n	n	0.4756	0.3555	-0.1202	5010	5010	2383	1781
condition-2-es-5k	123	xnli	es	es	y	y	0.4721	0.3794	-0.0926	5010	5010	2365	1901
condition-2-es-5k	123	xnli	ur	en	n	n	0.4437	0.3335	-0.1102	5010	5010	2223	1671
condition-2-es-5k	123	xnli	ur	es	y	n	0.4405	0.3954	-0.0451	5010	5010	2207	1981
condition-2-es-5k	123	xnli	zh	en	n	n	0.4222	0.4244	+0.0022	5010	5010	2115	2126
condition-2-es-5k	123	xnli	zh	es	y	n	0.3513	0.3559	+0.0046	5010	5010	1760	1783
condition-2-es-5k	42	belebele	en	en	n	y	0.7844	0.7889	+0.0044	900	900	706	710
condition-2-es-5k	42	belebele	en	es	y	n	0.7689	0.7900	+0.0211	900	900	692	711
condition-2-es-5k	42	belebele	es	en	n	n	0.7078	0.7200	+0.0122	900	900	637	648
condition-2-es-5k	42	belebele	es	es	y	y	0.6756	0.7133	+0.0378	900	900	608	642
condition-2-es-5k	42	belebele	ur	en	n	n	0.6111	0.6278	+0.0167	900	900	550	565
condition-2-es-5k	42	belebele	ur	es	y	n	0.5656	0.5889	+0.0233	900	900	509	530
condition-2-es-5k	42	belebele	zh	en	n	n	0.7633	0.7644	+0.0011	900	900	687	688
condition-2-es-5k	42	belebele	zh	es	y	n	0.7300	0.7489	+0.0189	900	900	657	674
condition-2-es-5k	42	csqa	en	en	n	y	0.6020	0.6050	+0.0030	1000	1000	602	605
condition-2-es-5k	42	csqa	en	es	y	n	0.6070	0.6210	+0.0140	1000	1000	607	621
condition-2-es-5k	42	csqa	es	en	n	n	0.5360	0.5270	-0.0090	1000	1000	536	527
condition-2-es-5k	42	csqa	es	es	y	y	0.5400	0.5400	+0.0000	1000	1000	540	540
condition-2-es-5k	42	csqa	ur	en	n	n	0.4140	0.4180	+0.0040	1000	1000	414	418
condition-2-es-5k	42	csqa	ur	es	y	n	0.4080	0.4000	-0.0080	1000	1000	408	400
condition-2-es-5k	42	csqa	zh	en	n	n	0.5540	0.5370	-0.0170	1000	1000	554	537
condition-2-es-5k	42	csqa	zh	es	y	n	0.5060	0.5070	+0.0010	1000	1000	506	507
condition-2-es-5k	42	sib200	en	en	n	y	0.7598	0.7059	-0.0539	204	204	155	144
condition-2-es-5k	42	sib200	en	es	y	n	0.6716	0.4853	-0.1863	204	204	137	99
condition-2-es-5k	42	sib200	es	en	n	n	0.7696	0.6520	-0.1176	204	204	157	133
condition-2-es-5k	42	sib200	es	es	y	y	0.6422	0.4706	-0.1716	204	204	131	96
condition-2-es-5k	42	sib200	ur	en	n	n	0.7010	0.6520	-0.0490	204	204	143	133
condition-2-es-5k	42	sib200	ur	es	y	n	0.5245	0.4363	-0.0882	204	204	107	89
condition-2-es-5k	42	sib200	zh	en	n	n	0.7647	0.6569	-0.1078	204	204	156	134
condition-2-es-5k	42	sib200	zh	es	y	n	0.6275	0.5000	-0.1275	204	204	128	102
condition-2-es-5k	42	xnli	en	en	n	y	0.5291	0.3525	-0.1766	5010	5010	2651	1766
condition-2-es-5k	42	xnli	en	es	y	n	0.5090	0.4126	-0.0964	5010	5010	2550	2067
condition-2-es-5k	42	xnli	es	en	n	n	0.4932	0.3483	-0.1449	5010	5010	2471	1745
condition-2-es-5k	42	xnli	es	es	y	y	0.4762	0.4016	-0.0747	5010	5010	2386	2012
condition-2-es-5k	42	xnli	ur	en	n	n	0.4469	0.3339	-0.1130	5010	5010	2239	1673
condition-2-es-5k	42	xnli	ur	es	y	n	0.4431	0.4044	-0.0387	5010	5010	2220	2026
condition-2-es-5k	42	xnli	zh	en	n	n	0.4359	0.4072	-0.0287	5010	5010	2184	2040
condition-2-es-5k	42	xnli	zh	es	y	n	0.3665	0.3719	+0.0054	5010	5010	1836	1863
condition-2-es-5k	456	belebele	en	en	n	y	0.7833	0.7900	+0.0067	900	900	705	711
condition-2-es-5k	456	belebele	en	es	y	n	0.7767	0.7956	+0.0189	900	900	699	716
condition-2-es-5k	456	belebele	es	en	n	n	0.7089	0.7222	+0.0133	900	900	638	650
condition-2-es-5k	456	belebele	es	es	y	y	0.6733	0.7033	+0.0300	900	900	606	633
condition-2-es-5k	456	belebele	ur	en	n	n	0.6133	0.6211	+0.0078	900	900	552	559
condition-2-es-5k	456	belebele	ur	es	y	n	0.5500	0.5922	+0.0422	900	900	495	533
condition-2-es-5k	456	belebele	zh	en	n	n	0.7622	0.7678	+0.0056	900	900	686	691
condition-2-es-5k	456	belebele	zh	es	y	n	0.7200	0.7456	+0.0256	900	900	648	671
condition-2-es-5k	456	csqa	en	en	n	y	0.6140	0.6100	-0.0040	1000	1000	614	610
condition-2-es-5k	456	csqa	en	es	y	n	0.6000	0.6210	+0.0210	1000	1000	600	621
condition-2-es-5k	456	csqa	es	en	n	n	0.5370	0.5320	-0.0050	1000	1000	537	532
condition-2-es-5k	456	csqa	es	es	y	y	0.5420	0.5440	+0.0020	1000	1000	542	544
condition-2-es-5k	456	csqa	ur	en	n	n	0.4190	0.4200	+0.0010	1000	1000	419	420
condition-2-es-5k	456	csqa	ur	es	y	n	0.4080	0.4050	-0.0030	1000	1000	408	405
condition-2-es-5k	456	csqa	zh	en	n	n	0.5540	0.5450	-0.0090	1000	1000	554	545
condition-2-es-5k	456	csqa	zh	es	y	n	0.5110	0.5140	+0.0030	1000	1000	511	514
condition-2-es-5k	456	sib200	en	en	n	y	0.7696	0.6912	-0.0784	204	204	157	141
condition-2-es-5k	456	sib200	en	es	y	n	0.6765	0.4902	-0.1863	204	204	138	100
condition-2-es-5k	456	sib200	es	en	n	n	0.7647	0.6520	-0.1127	204	204	156	133
condition-2-es-5k	456	sib200	es	es	y	y	0.6471	0.4902	-0.1569	204	204	132	100
condition-2-es-5k	456	sib200	ur	en	n	n	0.7010	0.6667	-0.0343	204	204	143	136
condition-2-es-5k	456	sib200	ur	es	y	n	0.5392	0.4755	-0.0637	204	204	110	97
condition-2-es-5k	456	sib200	zh	en	n	n	0.7696	0.6569	-0.1127	204	204	157	134
condition-2-es-5k	456	sib200	zh	es	y	n	0.6471	0.5098	-0.1373	204	204	132	104
condition-2-es-5k	456	xnli	en	en	n	y	0.5248	0.3659	-0.1589	5010	5010	2629	1833
condition-2-es-5k	456	xnli	en	es	y	n	0.4569	0.3890	-0.0679	5010	5010	2289	1949
condition-2-es-5k	456	xnli	es	en	n	n	0.4762	0.3599	-0.1164	5010	5010	2386	1803
condition-2-es-5k	456	xnli	es	es	y	y	0.4339	0.3764	-0.0575	5010	5010	2174	1886
condition-2-es-5k	456	xnli	ur	en	n	n	0.4455	0.3345	-0.1110	5010	5010	2232	1676
condition-2-es-5k	456	xnli	ur	es	y	n	0.4357	0.4012	-0.0345	5010	5010	2183	2010
condition-2-es-5k	456	xnli	zh	en	n	n	0.4210	0.4130	-0.0080	5010	5010	2109	2069
condition-2-es-5k	456	xnli	zh	es	y	n	0.3435	0.3553	+0.0118	5010	5010	1721	1780
condition-2-ur-20k	42	belebele	en	en	n	y	0.7922	0.7944	+0.0022	900	900	713	715
condition-2-ur-20k	42	belebele	en	ur	y	n	0.7856	0.7844	-0.0011	900	900	707	706
condition-2-ur-20k	42	belebele	es	en	n	n	0.7144	0.7300	+0.0156	900	900	643	657
condition-2-ur-20k	42	belebele	es	ur	y	n	0.6889	0.6889	+0.0000	900	900	620	620
condition-2-ur-20k	42	belebele	ur	en	n	n	0.6000	0.6056	+0.0056	900	900	540	545
condition-2-ur-20k	42	belebele	ur	ur	y	y	0.5000	0.4844	-0.0156	900	900	450	436
condition-2-ur-20k	42	belebele	zh	en	n	n	0.7678	0.7744	+0.0067	900	900	691	697
condition-2-ur-20k	42	belebele	zh	ur	y	n	0.7500	0.7467	-0.0033	900	900	675	672
condition-2-ur-20k	42	csqa	en	en	n	y	0.6170	0.6080	-0.0090	1000	1000	617	608
condition-2-ur-20k	42	csqa	en	ur	y	n	0.6100	0.6120	+0.0020	1000	1000	610	612
condition-2-ur-20k	42	csqa	es	en	n	n	0.5430	0.5420	-0.0010	1000	1000	543	542
condition-2-ur-20k	42	csqa	es	ur	y	n	0.4990	0.5020	+0.0030	1000	1000	499	502
condition-2-ur-20k	42	csqa	ur	en	n	n	0.3740	0.3430	-0.0310	1000	1000	374	343
condition-2-ur-20k	42	csqa	ur	ur	y	y	0.3410	0.3520	+0.0110	1000	1000	341	352
condition-2-ur-20k	42	csqa	zh	en	n	n	0.5490	0.5270	-0.0220	1000	1000	549	527
condition-2-ur-20k	42	csqa	zh	ur	y	n	0.4970	0.5070	+0.0100	1000	1000	497	507
condition-2-ur-20k	42	sib200	en	en	n	y	0.7647	0.6912	-0.0735	204	204	156	141
condition-2-ur-20k	42	sib200	en	ur	y	n	0.3725	0.7157	+0.3431	204	204	76	146
condition-2-ur-20k	42	sib200	es	en	n	n	0.7304	0.6520	-0.0784	204	204	149	133
condition-2-ur-20k	42	sib200	es	ur	y	n	0.3137	0.6127	+0.2990	204	204	64	125
condition-2-ur-20k	42	sib200	ur	en	n	n	0.6569	0.5980	-0.0588	204	204	134	122
condition-2-ur-20k	42	sib200	ur	ur	y	y	0.2598	0.3382	+0.0784	204	204	53	69
condition-2-ur-20k	42	sib200	zh	en	n	n	0.7304	0.6520	-0.0784	204	204	149	133
condition-2-ur-20k	42	sib200	zh	ur	y	n	0.3971	0.6176	+0.2206	204	204	81	126
condition-2-ur-20k	42	xnli	en	en	n	y	0.5379	0.3615	-0.1764	5010	5010	2695	1811
condition-2-ur-20k	42	xnli	en	ur	y	n	0.4595	0.3415	-0.1180	5010	5010	2302	1711
condition-2-ur-20k	42	xnli	es	en	n	n	0.5002	0.3687	-0.1315	5010	5010	2506	1847
condition-2-ur-20k	42	xnli	es	ur	y	n	0.3673	0.3812	+0.0140	5010	5010	1840	1910
condition-2-ur-20k	42	xnli	ur	en	n	n	0.4439	0.3363	-0.1076	5010	5010	2224	1685
condition-2-ur-20k	42	xnli	ur	ur	y	y	0.3337	0.3910	+0.0573	5010	5010	1672	1959
condition-2-ur-20k	42	xnli	zh	en	n	n	0.4413	0.4577	+0.0164	5010	5010	2211	2293
condition-2-ur-20k	42	xnli	zh	ur	y	n	0.3403	0.4501	+0.1098	5010	5010	1705	2255
condition-2-ur-5k	123	belebele	en	en	n	y	0.7889	0.7956	+0.0067	900	900	710	716
condition-2-ur-5k	123	belebele	en	ur	y	n	0.8011	0.8111	+0.0100	900	900	721	730
condition-2-ur-5k	123	belebele	es	en	n	n	0.7233	0.7356	+0.0122	900	900	651	662
condition-2-ur-5k	123	belebele	es	ur	y	n	0.7211	0.7156	-0.0056	900	900	649	644
condition-2-ur-5k	123	belebele	ur	en	n	n	0.6322	0.6411	+0.0089	900	900	569	577
condition-2-ur-5k	123	belebele	ur	ur	y	y	0.5733	0.5711	-0.0022	900	900	516	514
condition-2-ur-5k	123	belebele	zh	en	n	n	0.7722	0.7733	+0.0011	900	900	695	696
condition-2-ur-5k	123	belebele	zh	ur	y	n	0.7578	0.7656	+0.0078	900	900	682	689
condition-2-ur-5k	123	csqa	en	en	n	y	0.6090	0.6120	+0.0030	1000	1000	609	612
condition-2-ur-5k	123	csqa	en	ur	y	n	0.6070	0.6120	+0.0050	1000	1000	607	612
condition-2-ur-5k	123	csqa	es	en	n	n	0.5370	0.5290	-0.0080	1000	1000	537	529
condition-2-ur-5k	123	csqa	es	ur	y	n	0.4930	0.4970	+0.0040	1000	1000	493	497
condition-2-ur-5k	123	csqa	ur	en	n	n	0.4030	0.3830	-0.0200	1000	1000	403	383
condition-2-ur-5k	123	csqa	ur	ur	y	y	0.3770	0.4070	+0.0300	1000	1000	377	407
condition-2-ur-5k	123	csqa	zh	en	n	n	0.5610	0.5420	-0.0190	1000	1000	561	542
condition-2-ur-5k	123	csqa	zh	ur	y	n	0.4960	0.5030	+0.0070	1000	1000	496	503
condition-2-ur-5k	123	sib200	en	en	n	y	0.7647	0.6863	-0.0784	204	204	156	140
condition-2-ur-5k	123	sib200	en	ur	y	n	0.6078	0.7059	+0.0980	204	204	124	144
condition-2-ur-5k	123	sib200	es	en	n	n	0.7108	0.6618	-0.0490	204	204	145	135
condition-2-ur-5k	123	sib200	es	ur	y	n	0.5931	0.6618	+0.0686	204	204	121	135
condition-2-ur-5k	123	sib200	ur	en	n	n	0.6667	0.6765	+0.0098	204	204	136	138
condition-2-ur-5k	123	sib200	ur	ur	y	y	0.4412	0.4706	+0.0294	204	204	90	96
condition-2-ur-5k	123	sib200	zh	en	n	n	0.7402	0.6765	-0.0637	204	204	151	138
condition-2-ur-5k	123	sib200	zh	ur	y	n	0.7059	0.6912	-0.0147	204	204	144	141
condition-2-ur-5k	123	xnli	en	en	n	y	0.5054	0.4387	-0.0667	5010	5010	2532	2198
condition-2-ur-5k	123	xnli	en	ur	y	n	0.3441	0.3860	+0.0419	5010	5010	1724	1934
condition-2-ur-5k	123	xnli	es	en	n	n	0.4395	0.4389	-0.0006	5010	5010	2202	2199
condition-2-ur-5k	123	xnli	es	ur	y	n	0.3373	0.4283	+0.0910	5010	5010	1690	2146
condition-2-ur-5k	123	xnli	ur	en	n	n	0.3904	0.3569	-0.0335	5010	5010	1956	1788
condition-2-ur-5k	123	xnli	ur	ur	y	y	0.3351	0.3723	+0.0371	5010	5010	1679	1865
condition-2-ur-5k	123	xnli	zh	en	n	n	0.3988	0.4954	+0.0966	5010	5010	1998	2482
condition-2-ur-5k	123	xnli	zh	ur	y	n	0.3335	0.4615	+0.1279	5010	5010	1671	2312
condition-2-ur-5k	42	belebele	en	en	n	y	0.7911	0.8000	+0.0089	900	900	712	720
condition-2-ur-5k	42	belebele	en	ur	y	n	0.8056	0.8111	+0.0056	900	900	725	730
condition-2-ur-5k	42	belebele	es	en	n	n	0.7289	0.7422	+0.0133	900	900	656	668
condition-2-ur-5k	42	belebele	es	ur	y	n	0.7244	0.7144	-0.0100	900	900	652	643
condition-2-ur-5k	42	belebele	ur	en	n	n	0.6322	0.6422	+0.0100	900	900	569	578
condition-2-ur-5k	42	belebele	ur	ur	y	y	0.5789	0.5856	+0.0067	900	900	521	527
condition-2-ur-5k	42	belebele	zh	en	n	n	0.7778	0.7800	+0.0022	900	900	700	702
condition-2-ur-5k	42	belebele	zh	ur	y	n	0.7589	0.7656	+0.0067	900	900	683	689
condition-2-ur-5k	42	csqa	en	en	n	y	0.6100	0.6110	+0.0010	1000	1000	610	611
condition-2-ur-5k	42	csqa	en	ur	y	n	0.5960	0.6020	+0.0060	1000	1000	596	602
condition-2-ur-5k	42	csqa	es	en	n	n	0.5360	0.5260	-0.0100	1000	1000	536	526
condition-2-ur-5k	42	csqa	es	ur	y	n	0.4840	0.4910	+0.0070	1000	1000	484	491
condition-2-ur-5k	42	csqa	ur	en	n	n	0.4100	0.3880	-0.0220	1000	1000	410	388
condition-2-ur-5k	42	csqa	ur	ur	y	y	0.3530	0.3690	+0.0160	1000	1000	353	369
condition-2-ur-5k	42	csqa	zh	en	n	n	0.5600	0.5480	-0.0120	1000	1000	560	548
condition-2-ur-5k	42	csqa	zh	ur	y	n	0.4840	0.4940	+0.0100	1000	1000	484	494
condition-2-ur-5k	42	sib200	en	en	n	y	0.7745	0.6912	-0.0833	204	204	158	141
condition-2-ur-5k	42	sib200	en	ur	y	n	0.5245	0.6863	+0.1618	204	204	107	140
condition-2-ur-5k	42	sib200	es	en	n	n	0.7059	0.6569	-0.0490	204	204	144	134
condition-2-ur-5k	42	sib200	es	ur	y	n	0.4951	0.6520	+0.1569	204	204	101	133
condition-2-ur-5k	42	sib200	ur	en	n	n	0.6667	0.6520	-0.0147	204	204	136	133
condition-2-ur-5k	42	sib200	ur	ur	y	y	0.3824	0.4608	+0.0784	204	204	78	94
condition-2-ur-5k	42	sib200	zh	en	n	n	0.7206	0.6814	-0.0392	204	204	147	139
condition-2-ur-5k	42	sib200	zh	ur	y	n	0.6520	0.6667	+0.0147	204	204	133	136
condition-2-ur-5k	42	xnli	en	en	n	y	0.5399	0.3986	-0.1413	5010	5010	2705	1997
condition-2-ur-5k	42	xnli	en	ur	y	n	0.3760	0.3459	-0.0301	5010	5010	1884	1733
condition-2-ur-5k	42	xnli	es	en	n	n	0.4938	0.3972	-0.0966	5010	5010	2474	1990
condition-2-ur-5k	42	xnli	es	ur	y	n	0.3583	0.3491	-0.0092	5010	5010	1795	1749
condition-2-ur-5k	42	xnli	ur	en	n	n	0.4439	0.3383	-0.1056	5010	5010	2224	1695
condition-2-ur-5k	42	xnli	ur	ur	y	y	0.3363	0.3816	+0.0453	5010	5010	1685	1912
condition-2-ur-5k	42	xnli	zh	en	n	n	0.4481	0.4749	+0.0267	5010	5010	2245	2379
condition-2-ur-5k	42	xnli	zh	ur	y	n	0.3353	0.4226	+0.0872	5010	5010	1680	2117
condition-2-ur-5k	456	belebele	en	en	n	y	0.7922	0.7900	-0.0022	900	900	713	711
condition-2-ur-5k	456	belebele	en	ur	y	n	0.7989	0.8067	+0.0078	900	900	719	726
condition-2-ur-5k	456	belebele	es	en	n	n	0.7200	0.7400	+0.0200	900	900	648	666
condition-2-ur-5k	456	belebele	es	ur	y	n	0.7056	0.6933	-0.0122	900	900	635	624
condition-2-ur-5k	456	belebele	ur	en	n	n	0.6222	0.6311	+0.0089	900	900	560	568
condition-2-ur-5k	456	belebele	ur	ur	y	y	0.5378	0.5544	+0.0167	900	900	484	499
condition-2-ur-5k	456	belebele	zh	en	n	n	0.7722	0.7778	+0.0056	900	900	695	700
condition-2-ur-5k	456	belebele	zh	ur	y	n	0.7633	0.7611	-0.0022	900	900	687	685
condition-2-ur-5k	456	csqa	en	en	n	y	0.6120	0.6160	+0.0040	1000	1000	612	616
condition-2-ur-5k	456	csqa	en	ur	y	n	0.5900	0.6100	+0.0200	1000	1000	590	610
condition-2-ur-5k	456	csqa	es	en	n	n	0.5450	0.5390	-0.0060	1000	1000	545	539
condition-2-ur-5k	456	csqa	es	ur	y	n	0.4900	0.5030	+0.0130	1000	1000	490	503
condition-2-ur-5k	456	csqa	ur	en	n	n	0.3960	0.3900	-0.0060	1000	1000	396	390
condition-2-ur-5k	456	csqa	ur	ur	y	y	0.3690	0.3770	+0.0080	1000	1000	369	377
condition-2-ur-5k	456	csqa	zh	en	n	n	0.5610	0.5390	-0.0220	1000	1000	561	539
condition-2-ur-5k	456	csqa	zh	ur	y	n	0.4850	0.5020	+0.0170	1000	1000	485	502
condition-2-ur-5k	456	sib200	en	en	n	y	0.7794	0.6961	-0.0833	204	204	159	142
condition-2-ur-5k	456	sib200	en	ur	y	n	0.5833	0.6765	+0.0931	204	204	119	138
condition-2-ur-5k	456	sib200	es	en	n	n	0.7402	0.6618	-0.0784	204	204	151	135
condition-2-ur-5k	456	sib200	es	ur	y	n	0.5294	0.6373	+0.1078	204	204	108	130
condition-2-ur-5k	456	sib200	ur	en	n	n	0.6961	0.6667	-0.0294	204	204	142	136
condition-2-ur-5k	456	sib200	ur	ur	y	y	0.4461	0.5686	+0.1225	204	204	91	116
condition-2-ur-5k	456	sib200	zh	en	n	n	0.7451	0.6863	-0.0588	204	204	152	140
condition-2-ur-5k	456	sib200	zh	ur	y	n	0.6765	0.6716	-0.0049	204	204	138	137
condition-2-ur-5k	456	xnli	en	en	n	y	0.5383	0.3786	-0.1597	5010	5010	2697	1897
condition-2-ur-5k	456	xnli	en	ur	y	n	0.3451	0.3525	+0.0074	5010	5010	1729	1766
condition-2-ur-5k	456	xnli	es	en	n	n	0.4878	0.3848	-0.1030	5010	5010	2444	1928
condition-2-ur-5k	456	xnli	es	ur	y	n	0.3399	0.3657	+0.0257	5010	5010	1703	1832
condition-2-ur-5k	456	xnli	ur	en	n	n	0.4315	0.3399	-0.0916	5010	5010	2162	1703
condition-2-ur-5k	456	xnli	ur	ur	y	y	0.3381	0.3435	+0.0054	5010	5010	1694	1721
condition-2-ur-5k	456	xnli	zh	en	n	n	0.4485	0.4405	-0.0080	5010	5010	2247	2207
condition-2-ur-5k	456	xnli	zh	ur	y	n	0.3341	0.4385	+0.1044	5010	5010	1674	2197
condition-2-zh-20k	42	belebele	en	en	n	y	0.7889	0.7933	+0.0044	900	900	710	714
condition-2-zh-20k	42	belebele	en	zh	y	n	0.7978	0.8022	+0.0044	900	900	718	722
condition-2-zh-20k	42	belebele	es	en	n	n	0.6978	0.7233	+0.0256	900	900	628	651
condition-2-zh-20k	42	belebele	es	zh	y	n	0.7144	0.7200	+0.0056	900	900	643	648
condition-2-zh-20k	42	belebele	ur	en	n	n	0.6156	0.6256	+0.0100	900	900	554	563
condition-2-zh-20k	42	belebele	ur	zh	y	n	0.6278	0.6267	-0.0011	900	900	565	564
condition-2-zh-20k	42	belebele	zh	en	n	n	0.7700	0.7767	+0.0067	900	900	693	699
condition-2-zh-20k	42	belebele	zh	zh	y	y	0.7722	0.7767	+0.0044	900	900	695	699
condition-2-zh-20k	42	csqa	en	en	n	y	0.6160	0.6070	-0.0090	1000	1000	616	607
condition-2-zh-20k	42	csqa	en	zh	y	n	0.6460	0.6330	-0.0130	1000	1000	646	633
condition-2-zh-20k	42	csqa	es	en	n	n	0.5290	0.5280	-0.0010	1000	1000	529	528
condition-2-zh-20k	42	csqa	es	zh	y	n	0.5710	0.5500	-0.0210	1000	1000	571	550
condition-2-zh-20k	42	csqa	ur	en	n	n	0.4250	0.4230	-0.0020	1000	1000	425	423
condition-2-zh-20k	42	csqa	ur	zh	y	n	0.4360	0.4130	-0.0230	1000	1000	436	413
condition-2-zh-20k	42	csqa	zh	en	n	n	0.5520	0.5380	-0.0140	1000	1000	552	538
condition-2-zh-20k	42	csqa	zh	zh	y	y	0.5410	0.5400	-0.0010	1000	1000	541	540
condition-2-zh-20k	42	sib200	en	en	n	y	0.7451	0.7108	-0.0343	204	204	152	145
condition-2-zh-20k	42	sib200	en	zh	y	n	0.6667	0.6520	-0.0147	204	204	136	133
condition-2-zh-20k	42	sib200	es	en	n	n	0.7549	0.6569	-0.0980	204	204	154	134
condition-2-zh-20k	42	sib200	es	zh	y	n	0.6520	0.6176	-0.0343	204	204	133	126
condition-2-zh-20k	42	sib200	ur	en	n	n	0.6863	0.6618	-0.0245	204	204	140	135
condition-2-zh-20k	42	sib200	ur	zh	y	n	0.5931	0.5931	+0.0000	204	204	121	121
condition-2-zh-20k	42	sib200	zh	en	n	n	0.7598	0.6520	-0.1078	204	204	155	133
condition-2-zh-20k	42	sib200	zh	zh	y	y	0.6471	0.6471	+0.0000	204	204	132	132
condition-2-zh-20k	42	xnli	en	en	n	y	0.5301	0.3573	-0.1729	5010	5010	2656	1790
condition-2-zh-20k	42	xnli	en	zh	y	n	0.3333	0.3417	+0.0084	5010	5010	1670	1712
condition-2-zh-20k	42	xnli	es	en	n	n	0.4754	0.3591	-0.1164	5010	5010	2382	1799
condition-2-zh-20k	42	xnli	es	zh	y	n	0.3333	0.3363	+0.0030	5010	5010	1670	1685
condition-2-zh-20k	42	xnli	ur	en	n	n	0.4565	0.3337	-0.1228	5010	5010	2287	1672
condition-2-zh-20k	42	xnli	ur	zh	y	n	0.3335	0.3277	-0.0058	5010	5010	1671	1642
condition-2-zh-20k	42	xnli	zh	en	n	n	0.4126	0.4407	+0.0281	5010	5010	2067	2208
condition-2-zh-20k	42	xnli	zh	zh	y	y	0.3331	0.3737	+0.0405	5010	5010	1669	1872
condition-2-zh-5k	123	belebele	en	en	n	y	0.7800	0.7867	+0.0067	900	900	702	708
condition-2-zh-5k	123	belebele	en	zh	y	n	0.7989	0.8122	+0.0133	900	900	719	731
condition-2-zh-5k	123	belebele	es	en	n	n	0.7044	0.7189	+0.0144	900	900	634	647
condition-2-zh-5k	123	belebele	es	zh	y	n	0.7344	0.7433	+0.0089	900	900	661	669
condition-2-zh-5k	123	belebele	ur	en	n	n	0.6233	0.6278	+0.0044	900	900	561	565
condition-2-zh-5k	123	belebele	ur	zh	y	n	0.6222	0.6378	+0.0156	900	900	560	574
condition-2-zh-5k	123	belebele	zh	en	n	n	0.7656	0.7756	+0.0100	900	900	689	698
condition-2-zh-5k	123	belebele	zh	zh	y	y	0.7811	0.7844	+0.0033	900	900	703	706
condition-2-zh-5k	123	csqa	en	en	n	y	0.6000	0.6060	+0.0060	1000	1000	600	606
condition-2-zh-5k	123	csqa	en	zh	y	n	0.6400	0.6280	-0.0120	1000	1000	640	628
condition-2-zh-5k	123	csqa	es	en	n	n	0.5140	0.5250	+0.0110	1000	1000	514	525
condition-2-zh-5k	123	csqa	es	zh	y	n	0.5670	0.5380	-0.0290	1000	1000	567	538
condition-2-zh-5k	123	csqa	ur	en	n	n	0.4230	0.4170	-0.0060	1000	1000	423	417
condition-2-zh-5k	123	csqa	ur	zh	y	n	0.4270	0.3940	-0.0330	1000	1000	427	394
condition-2-zh-5k	123	csqa	zh	en	n	n	0.5410	0.5200	-0.0210	1000	1000	541	520
condition-2-zh-5k	123	csqa	zh	zh	y	y	0.5530	0.5400	-0.0130	1000	1000	553	540
condition-2-zh-5k	123	sib200	en	en	n	y	0.7549	0.6716	-0.0833	204	204	154	137
condition-2-zh-5k	123	sib200	en	zh	y	n	0.7206	0.6716	-0.0490	204	204	147	137
condition-2-zh-5k	123	sib200	es	en	n	n	0.7745	0.6373	-0.1373	204	204	158	130
condition-2-zh-5k	123	sib200	es	zh	y	n	0.6961	0.6324	-0.0637	204	204	142	129
condition-2-zh-5k	123	sib200	ur	en	n	n	0.7255	0.6618	-0.0637	204	204	148	135
condition-2-zh-5k	123	sib200	ur	zh	y	n	0.6716	0.6127	-0.0588	204	204	137	125
condition-2-zh-5k	123	sib200	zh	en	n	n	0.7647	0.6569	-0.1078	204	204	156	134
condition-2-zh-5k	123	sib200	zh	zh	y	y	0.7010	0.6471	-0.0539	204	204	143	132
condition-2-zh-5k	123	xnli	en	en	n	y	0.4950	0.3928	-0.1022	5010	5010	2480	1968
condition-2-zh-5k	123	xnli	en	zh	y	n	0.3327	0.3347	+0.0020	5010	5010	1667	1677
condition-2-zh-5k	123	xnli	es	en	n	n	0.4335	0.3984	-0.0351	5010	5010	2172	1996
condition-2-zh-5k	123	xnli	es	zh	y	n	0.3331	0.3333	+0.0002	5010	5010	1669	1670
condition-2-zh-5k	123	xnli	ur	en	n	n	0.4389	0.3351	-0.1038	5010	5010	2199	1679
condition-2-zh-5k	123	xnli	ur	zh	y	n	0.3319	0.3132	-0.0188	5010	5010	1663	1569
condition-2-zh-5k	123	xnli	zh	en	n	n	0.3946	0.4774	+0.0828	5010	5010	1977	2392
condition-2-zh-5k	123	xnli	zh	zh	y	y	0.3323	0.3705	+0.0381	5010	5010	1665	1856
condition-2-zh-5k	42	belebele	en	en	n	y	0.7767	0.7867	+0.0100	900	900	699	708
condition-2-zh-5k	42	belebele	en	zh	y	n	0.7967	0.8100	+0.0133	900	900	717	729
condition-2-zh-5k	42	belebele	es	en	n	n	0.7056	0.7256	+0.0200	900	900	635	653
condition-2-zh-5k	42	belebele	es	zh	y	n	0.7322	0.7411	+0.0089	900	900	659	667
condition-2-zh-5k	42	belebele	ur	en	n	n	0.6133	0.6300	+0.0167	900	900	552	567
condition-2-zh-5k	42	belebele	ur	zh	y	n	0.6211	0.6389	+0.0178	900	900	559	575
condition-2-zh-5k	42	belebele	zh	en	n	n	0.7622	0.7778	+0.0156	900	900	686	700
condition-2-zh-5k	42	belebele	zh	zh	y	y	0.7811	0.7911	+0.0100	900	900	703	712
condition-2-zh-5k	42	csqa	en	en	n	y	0.6060	0.6160	+0.0100	1000	1000	606	616
condition-2-zh-5k	42	csqa	en	zh	y	n	0.6420	0.6300	-0.0120	1000	1000	642	630
condition-2-zh-5k	42	csqa	es	en	n	n	0.5300	0.5280	-0.0020	1000	1000	530	528
condition-2-zh-5k	42	csqa	es	zh	y	n	0.5640	0.5360	-0.0280	1000	1000	564	536
condition-2-zh-5k	42	csqa	ur	en	n	n	0.4200	0.4180	-0.0020	1000	1000	420	418
condition-2-zh-5k	42	csqa	ur	zh	y	n	0.4280	0.4000	-0.0280	1000	1000	428	400
condition-2-zh-5k	42	csqa	zh	en	n	n	0.5450	0.5310	-0.0140	1000	1000	545	531
condition-2-zh-5k	42	csqa	zh	zh	y	y	0.5480	0.5470	-0.0010	1000	1000	548	547
condition-2-zh-5k	42	sib200	en	en	n	y	0.7647	0.6814	-0.0833	204	204	156	139
condition-2-zh-5k	42	sib200	en	zh	y	n	0.6863	0.6667	-0.0196	204	204	140	136
condition-2-zh-5k	42	sib200	es	en	n	n	0.7598	0.6520	-0.1078	204	204	155	133
condition-2-zh-5k	42	sib200	es	zh	y	n	0.6618	0.6225	-0.0392	204	204	135	127
condition-2-zh-5k	42	sib200	ur	en	n	n	0.7059	0.6667	-0.0392	204	204	144	136
condition-2-zh-5k	42	sib200	ur	zh	y	n	0.5931	0.5931	+0.0000	204	204	121	121
condition-2-zh-5k	42	sib200	zh	en	n	n	0.7451	0.6520	-0.0931	204	204	152	133
condition-2-zh-5k	42	sib200	zh	zh	y	y	0.6814	0.6275	-0.0539	204	204	139	128
condition-2-zh-5k	42	xnli	en	en	n	y	0.5190	0.3685	-0.1505	5010	5010	2600	1846
condition-2-zh-5k	42	xnli	en	zh	y	n	0.3327	0.3357	+0.0030	5010	5010	1667	1682
condition-2-zh-5k	42	xnli	es	en	n	n	0.4585	0.3750	-0.0834	5010	5010	2297	1879
condition-2-zh-5k	42	xnli	es	zh	y	n	0.3333	0.3345	+0.0012	5010	5010	1670	1676
condition-2-zh-5k	42	xnli	ur	en	n	n	0.4521	0.3343	-0.1178	5010	5010	2265	1675
condition-2-zh-5k	42	xnli	ur	zh	y	n	0.3381	0.2495	-0.0886	5010	5010	1694	1250
condition-2-zh-5k	42	xnli	zh	en	n	n	0.4120	0.4443	+0.0323	5010	5010	2064	2226
condition-2-zh-5k	42	xnli	zh	zh	y	y	0.3395	0.3517	+0.0122	5010	5010	1701	1762
condition-2-zh-5k	456	belebele	en	en	n	y	0.7822	0.7878	+0.0056	900	900	704	709
condition-2-zh-5k	456	belebele	en	zh	y	n	0.8067	0.8133	+0.0067	900	900	726	732
condition-2-zh-5k	456	belebele	es	en	n	n	0.7044	0.7167	+0.0122	900	900	634	645
condition-2-zh-5k	456	belebele	es	zh	y	n	0.7333	0.7344	+0.0011	900	900	660	661
condition-2-zh-5k	456	belebele	ur	en	n	n	0.6133	0.6200	+0.0067	900	900	552	558
condition-2-zh-5k	456	belebele	ur	zh	y	n	0.6211	0.6344	+0.0133	900	900	559	571
condition-2-zh-5k	456	belebele	zh	en	n	n	0.7700	0.7811	+0.0111	900	900	693	703
condition-2-zh-5k	456	belebele	zh	zh	y	y	0.7800	0.7811	+0.0011	900	900	702	703
condition-2-zh-5k	456	csqa	en	en	n	y	0.6020	0.6110	+0.0090	1000	1000	602	611
condition-2-zh-5k	456	csqa	en	zh	y	n	0.6500	0.6350	-0.0150	1000	1000	650	635
condition-2-zh-5k	456	csqa	es	en	n	n	0.5230	0.5280	+0.0050	1000	1000	523	528
condition-2-zh-5k	456	csqa	es	zh	y	n	0.5700	0.5470	-0.0230	1000	1000	570	547
condition-2-zh-5k	456	csqa	ur	en	n	n	0.4160	0.4150	-0.0010	1000	1000	416	415
condition-2-zh-5k	456	csqa	ur	zh	y	n	0.4310	0.4060	-0.0250	1000	1000	431	406
condition-2-zh-5k	456	csqa	zh	en	n	n	0.5440	0.5290	-0.0150	1000	1000	544	529
condition-2-zh-5k	456	csqa	zh	zh	y	y	0.5500	0.5470	-0.0030	1000	1000	550	547
condition-2-zh-5k	456	sib200	en	en	n	y	0.7745	0.6814	-0.0931	204	204	158	139
condition-2-zh-5k	456	sib200	en	zh	y	n	0.7206	0.6765	-0.0441	204	204	147	138
condition-2-zh-5k	456	sib200	es	en	n	n	0.7794	0.6471	-0.1324	204	204	159	132
condition-2-zh-5k	456	sib200	es	zh	y	n	0.6863	0.6324	-0.0539	204	204	140	129
condition-2-zh-5k	456	sib200	ur	en	n	n	0.7059	0.6765	-0.0294	204	204	144	138
condition-2-zh-5k	456	sib200	ur	zh	y	n	0.6520	0.6176	-0.0343	204	204	133	126
condition-2-zh-5k	456	sib200	zh	en	n	n	0.7647	0.6667	-0.0980	204	204	156	136
condition-2-zh-5k	456	sib200	zh	zh	y	y	0.6863	0.6569	-0.0294	204	204	140	134
condition-2-zh-5k	456	xnli	en	en	n	y	0.5234	0.3627	-0.1607	5010	5010	2622	1817
condition-2-zh-5k	456	xnli	en	zh	y	n	0.3331	0.3303	-0.0028	5010	5010	1669	1655
condition-2-zh-5k	456	xnli	es	en	n	n	0.4651	0.3675	-0.0976	5010	5010	2330	1841
condition-2-zh-5k	456	xnli	es	zh	y	n	0.3331	0.3289	-0.0042	5010	5010	1669	1648
condition-2-zh-5k	456	xnli	ur	en	n	n	0.4485	0.3339	-0.1146	5010	5010	2247	1673
condition-2-zh-5k	456	xnli	ur	zh	y	n	0.3337	0.3016	-0.0321	5010	5010	1672	1511
condition-2-zh-5k	456	xnli	zh	en	n	n	0.4168	0.4212	+0.0044	5010	5010	2088	2110
condition-2-zh-5k	456	xnli	zh	zh	y	y	0.3331	0.3507	+0.0176	5010	5010	1669	1757
condition-3-zh-5k	42	belebele	en	en	n	y	0.7911	0.7911	+0.0000	900	900	712	712
condition-3-zh-5k	42	belebele	en	zh	y	n	0.7889	0.8022	+0.0133	900	900	710	722
condition-3-zh-5k	42	belebele	es	en	n	n	0.7056	0.7222	+0.0167	900	900	635	650
condition-3-zh-5k	42	belebele	es	zh	y	n	0.7133	0.7278	+0.0144	900	900	642	655
condition-3-zh-5k	42	belebele	ur	en	n	n	0.6100	0.6289	+0.0189	900	900	549	566
condition-3-zh-5k	42	belebele	ur	zh	y	n	0.6144	0.6167	+0.0022	900	900	553	555
condition-3-zh-5k	42	belebele	zh	en	n	n	0.7644	0.7733	+0.0089	900	900	688	696
condition-3-zh-5k	42	belebele	zh	zh	y	y	0.7789	0.7711	-0.0078	900	900	701	694
condition-3-zh-5k	42	csqa	en	en	n	y	0.6090	0.6100	+0.0010	1000	1000	609	610
condition-3-zh-5k	42	csqa	en	zh	y	n	0.6440	0.6440	+0.0000	1000	1000	644	644
condition-3-zh-5k	42	csqa	es	en	n	n	0.5500	0.5380	-0.0120	1000	1000	550	538
condition-3-zh-5k	42	csqa	es	zh	y	n	0.5430	0.5250	-0.0180	1000	1000	543	525
condition-3-zh-5k	42	csqa	ur	en	n	n	0.4240	0.4400	+0.0160	1000	1000	424	440
condition-3-zh-5k	42	csqa	ur	zh	y	n	0.4140	0.4170	+0.0030	1000	1000	414	417
condition-3-zh-5k	42	csqa	zh	en	n	n	0.5570	0.5460	-0.0110	1000	1000	557	546
condition-3-zh-5k	42	csqa	zh	zh	y	y	0.5410	0.5220	-0.0190	1000	1000	541	522
condition-3-zh-5k	42	sib200	en	en	n	y	0.7451	0.6618	-0.0833	204	204	152	135
condition-3-zh-5k	42	sib200	en	zh	y	n	0.6814	0.6471	-0.0343	204	204	139	132
condition-3-zh-5k	42	sib200	es	en	n	n	0.7402	0.6373	-0.1029	204	204	151	130
condition-3-zh-5k	42	sib200	es	zh	y	n	0.6912	0.6078	-0.0833	204	204	141	124
condition-3-zh-5k	42	sib200	ur	en	n	n	0.6912	0.6569	-0.0343	204	204	141	134
condition-3-zh-5k	42	sib200	ur	zh	y	n	0.6078	0.5441	-0.0637	204	204	124	111
condition-3-zh-5k	42	sib200	zh	en	n	n	0.7549	0.6667	-0.0882	204	204	154	136
condition-3-zh-5k	42	sib200	zh	zh	y	y	0.6863	0.6078	-0.0784	204	204	140	124
condition-3-zh-5k	42	xnli	en	en	n	y	0.5347	0.4006	-0.1341	5010	5010	2679	2007
condition-3-zh-5k	42	xnli	en	zh	y	n	0.3325	0.3313	-0.0012	5010	5010	1666	1660
condition-3-zh-5k	42	xnli	es	en	n	n	0.4858	0.4114	-0.0745	5010	5010	2434	2061
condition-3-zh-5k	42	xnli	es	zh	y	n	0.3325	0.3289	-0.0036	5010	5010	1666	1648
condition-3-zh-5k	42	xnli	ur	en	n	n	0.4409	0.3455	-0.0954	5010	5010	2209	1731
condition-3-zh-5k	42	xnli	ur	zh	y	n	0.3311	0.3240	-0.0072	5010	5010	1659	1623
condition-3-zh-5k	42	xnli	zh	en	n	n	0.4429	0.4840	+0.0411	5010	5010	2219	2425
condition-3-zh-5k	42	xnli	zh	zh	y	y	0.3323	0.3066	-0.0257	5010	5010	1665	1536
condition-5-es-5k	42	belebele	en	en	n	y	0.7833	0.7956	+0.0122	900	900	705	716
condition-5-es-5k	42	belebele	en	es	y	n	0.7822	0.8022	+0.0200	900	900	704	722
condition-5-es-5k	42	belebele	es	en	n	n	0.6956	0.7089	+0.0133	900	900	626	638
condition-5-es-5k	42	belebele	es	es	y	y	0.6744	0.6978	+0.0233	900	900	607	628
condition-5-es-5k	42	belebele	ur	en	n	n	0.6056	0.6078	+0.0022	900	900	545	547
condition-5-es-5k	42	belebele	ur	es	y	n	0.5333	0.5600	+0.0267	900	900	480	504
condition-5-es-5k	42	belebele	zh	en	n	n	0.7522	0.7478	-0.0044	900	900	677	673
condition-5-es-5k	42	belebele	zh	es	y	n	0.7256	0.7478	+0.0222	900	900	653	673
condition-5-es-5k	42	csqa	en	en	n	y	0.6020	0.6040	+0.0020	1000	1000	602	604
condition-5-es-5k	42	csqa	en	es	y	n	0.5920	0.6090	+0.0170	1000	1000	592	609
condition-5-es-5k	42	csqa	es	en	n	n	0.5000	0.4940	-0.0060	1000	1000	500	494
condition-5-es-5k	42	csqa	es	es	y	y	0.5220	0.5310	+0.0090	1000	1000	522	531
condition-5-es-5k	42	csqa	ur	en	n	n	0.3830	0.3850	+0.0020	1000	1000	383	385
condition-5-es-5k	42	csqa	ur	es	y	n	0.3910	0.3920	+0.0010	1000	1000	391	392
condition-5-es-5k	42	csqa	zh	en	n	n	0.5070	0.5080	+0.0010	1000	1000	507	508
condition-5-es-5k	42	csqa	zh	es	y	n	0.4960	0.5000	+0.0040	1000	1000	496	500
condition-5-es-5k	42	sib200	en	en	n	y	0.5980	0.7010	+0.1029	204	204	122	143
condition-5-es-5k	42	sib200	en	es	y	n	0.5196	0.3725	-0.1471	204	204	106	76
condition-5-es-5k	42	sib200	es	en	n	n	0.5539	0.6471	+0.0931	204	204	113	132
condition-5-es-5k	42	sib200	es	es	y	y	0.5245	0.3382	-0.1863	204	204	107	69
condition-5-es-5k	42	sib200	ur	en	n	n	0.5000	0.6275	+0.1275	204	204	102	128
condition-5-es-5k	42	sib200	ur	es	y	n	0.4804	0.3873	-0.0931	204	204	98	79
condition-5-es-5k	42	sib200	zh	en	n	n	0.6127	0.6667	+0.0539	204	204	125	136
condition-5-es-5k	42	sib200	zh	es	y	n	0.5882	0.4608	-0.1275	204	204	120	94
condition-5-es-5k	42	xnli	en	en	n	y	0.4319	0.4267	-0.0052	5010	5010	2164	2138
condition-5-es-5k	42	xnli	en	es	y	n	0.4102	0.3886	-0.0216	5010	5010	2055	1947
condition-5-es-5k	42	xnli	es	en	n	n	0.3479	0.3946	+0.0467	5010	5010	1743	1977
condition-5-es-5k	42	xnli	es	es	y	y	0.4479	0.3643	-0.0836	5010	5010	2244	1825
condition-5-es-5k	42	xnli	ur	en	n	n	0.3840	0.3367	-0.0473	5010	5010	1924	1687
condition-5-es-5k	42	xnli	ur	es	y	n	0.3920	0.3525	-0.0395	5010	5010	1964	1766
condition-5-es-5k	42	xnli	zh	en	n	n	0.3525	0.4403	+0.0878	5010	5010	1766	2206
condition-5-es-5k	42	xnli	zh	es	y	n	0.3365	0.3549	+0.0184	5010	5010	1686	1778
condition-5-ur-5k	42	belebele	en	en	n	y	0.7922	0.8100	+0.0178	900	900	713	729
condition-5-ur-5k	42	belebele	en	ur	y	n	0.7567	0.7544	-0.0022	900	900	681	679
condition-5-ur-5k	42	belebele	es	en	n	n	0.7200	0.7444	+0.0244	900	900	648	670
condition-5-ur-5k	42	belebele	es	ur	y	n	0.6711	0.6911	+0.0200	900	900	604	622
condition-5-ur-5k	42	belebele	ur	en	n	n	0.5967	0.6267	+0.0300	900	900	537	564
condition-5-ur-5k	42	belebele	ur	ur	y	y	0.5433	0.5511	+0.0078	900	900	489	496
condition-5-ur-5k	42	belebele	zh	en	n	n	0.7611	0.7722	+0.0111	900	900	685	695
condition-5-ur-5k	42	belebele	zh	ur	y	n	0.7033	0.7044	+0.0011	900	900	633	634
condition-5-ur-5k	42	csqa	en	en	n	y	0.6010	0.5830	-0.0180	1000	1000	601	583
condition-5-ur-5k	42	csqa	en	ur	y	n	0.5640	0.5600	-0.0040	1000	1000	564	560
condition-5-ur-5k	42	csqa	es	en	n	n	0.5030	0.4780	-0.0250	1000	1000	503	478
condition-5-ur-5k	42	csqa	es	ur	y	n	0.4460	0.4470	+0.0010	1000	1000	446	447
condition-5-ur-5k	42	csqa	ur	en	n	n	0.3390	0.3140	-0.0250	1000	1000	339	314
condition-5-ur-5k	42	csqa	ur	ur	y	y	0.3300	0.3180	-0.0120	1000	1000	330	318
condition-5-ur-5k	42	csqa	zh	en	n	n	0.5140	0.4800	-0.0340	1000	1000	514	480
condition-5-ur-5k	42	csqa	zh	ur	y	n	0.4280	0.4150	-0.0130	1000	1000	428	415
condition-5-ur-5k	42	sib200	en	en	n	y	0.7010	0.6814	-0.0196	204	204	143	139
condition-5-ur-5k	42	sib200	en	ur	y	n	0.4706	0.5784	+0.1078	204	204	96	118
condition-5-ur-5k	42	sib200	es	en	n	n	0.6961	0.6569	-0.0392	204	204	142	134
condition-5-ur-5k	42	sib200	es	ur	y	n	0.4510	0.5637	+0.1127	204	204	92	115
condition-5-ur-5k	42	sib200	ur	en	n	n	0.5392	0.5686	+0.0294	204	204	110	116
condition-5-ur-5k	42	sib200	ur	ur	y	y	0.4951	0.5490	+0.0539	204	204	101	112
condition-5-ur-5k	42	sib200	zh	en	n	n	0.7059	0.6716	-0.0343	204	204	144	137
condition-5-ur-5k	42	sib200	zh	ur	y	n	0.5049	0.5343	+0.0294	204	204	103	109
condition-5-ur-5k	42	xnli	en	en	n	y	0.5060	0.3405	-0.1655	5010	5010	2535	1706
condition-5-ur-5k	42	xnli	en	ur	y	n	0.3261	0.3577	+0.0315	5010	5010	1634	1792
condition-5-ur-5k	42	xnli	es	en	n	n	0.4671	0.3437	-0.1234	5010	5010	2340	1722
condition-5-ur-5k	42	xnli	es	ur	y	n	0.3283	0.3377	+0.0094	5010	5010	1645	1692
condition-5-ur-5k	42	xnli	ur	en	n	n	0.4174	0.3236	-0.0938	5010	5010	2091	1621
condition-5-ur-5k	42	xnli	ur	ur	y	y	0.3263	0.3327	+0.0064	5010	5010	1635	1667
condition-5-ur-5k	42	xnli	zh	en	n	n	0.4794	0.4301	-0.0493	5010	5010	2402	2155
condition-5-ur-5k	42	xnli	zh	ur	y	n	0.3333	0.3345	+0.0012	5010	5010	1670	1676
condition-5-zh-5k	42	belebele	en	en	n	y	0.7778	0.8044	+0.0267	900	900	700	724
condition-5-zh-5k	42	belebele	en	zh	y	n	0.8056	0.8144	+0.0089	900	900	725	733
condition-5-zh-5k	42	belebele	es	en	n	n	0.7044	0.7289	+0.0244	900	900	634	656
condition-5-zh-5k	42	belebele	es	zh	y	n	0.7478	0.7356	-0.0122	900	900	673	662
condition-5-zh-5k	42	belebele	ur	en	n	n	0.6189	0.6278	+0.0089	900	900	557	565
condition-5-zh-5k	42	belebele	ur	zh	y	n	0.6089	0.6233	+0.0144	900	900	548	561
condition-5-zh-5k	42	belebele	zh	en	n	n	0.7633	0.7756	+0.0122	900	900	687	698
condition-5-zh-5k	42	belebele	zh	zh	y	y	0.7822	0.7789	-0.0033	900	900	704	701
condition-5-zh-5k	42	csqa	en	en	n	y	0.5920	0.5950	+0.0030	1000	1000	592	595
condition-5-zh-5k	42	csqa	en	zh	y	n	0.6160	0.6020	-0.0140	1000	1000	616	602
condition-5-zh-5k	42	csqa	es	en	n	n	0.5110	0.5060	-0.0050	1000	1000	511	506
condition-5-zh-5k	42	csqa	es	zh	y	n	0.5370	0.5190	-0.0180	1000	1000	537	519
condition-5-zh-5k	42	csqa	ur	en	n	n	0.3780	0.3660	-0.0120	1000	1000	378	366
condition-5-zh-5k	42	csqa	ur	zh	y	n	0.3990	0.3780	-0.0210	1000	1000	399	378
condition-5-zh-5k	42	csqa	zh	en	n	n	0.5160	0.4950	-0.0210	1000	1000	516	495
condition-5-zh-5k	42	csqa	zh	zh	y	y	0.5310	0.5020	-0.0290	1000	1000	531	502
condition-5-zh-5k	42	sib200	en	en	n	y	0.6569	0.7010	+0.0441	204	204	134	143
condition-5-zh-5k	42	sib200	en	zh	y	n	0.4559	0.5049	+0.0490	204	204	93	103
condition-5-zh-5k	42	sib200	es	en	n	n	0.7059	0.6618	-0.0441	204	204	144	135
condition-5-zh-5k	42	sib200	es	zh	y	n	0.4118	0.4559	+0.0441	204	204	84	93
condition-5-zh-5k	42	sib200	ur	en	n	n	0.5588	0.6078	+0.0490	204	204	114	124
condition-5-zh-5k	42	sib200	ur	zh	y	n	0.3186	0.3039	-0.0147	204	204	65	62
condition-5-zh-5k	42	sib200	zh	en	n	n	0.6422	0.7010	+0.0588	204	204	131	143
condition-5-zh-5k	42	sib200	zh	zh	y	y	0.5343	0.5392	+0.0049	204	204	109	110
condition-5-zh-5k	42	xnli	en	en	n	y	0.3731	0.4842	+0.1112	5010	5010	1869	2426
condition-5-zh-5k	42	xnli	en	zh	y	n	0.3545	0.3064	-0.0481	5010	5010	1776	1535
condition-5-zh-5k	42	xnli	es	en	n	n	0.3387	0.4519	+0.1132	5010	5010	1697	2264
condition-5-zh-5k	42	xnli	es	zh	y	n	0.3840	0.3347	-0.0493	5010	5010	1924	1677
condition-5-zh-5k	42	xnli	ur	en	n	n	0.3431	0.3906	+0.0475	5010	5010	1719	1957
condition-5-zh-5k	42	xnli	ur	zh	y	n	0.3377	0.1655	-0.1723	5010	5010	1692	829
condition-5-zh-5k	42	xnli	zh	en	n	n	0.3737	0.3872	+0.0136	5010	5010	1872	1940
condition-5-zh-5k	42	xnli	zh	zh	y	y	0.3525	0.3479	-0.0046	5010	5010	1766	1743
