condition	target_lang	data_lang	instr_lang	off_target	matched_diagonal	matched_instr	n_cells	mean_cond_acc	mean_baseline_acc	delta_vs_baseline
condition-1-en-20k	en	en	en	n	y	y	8	0.6378	0.6397	-0.0019
condition-1-en-20k	en	en	es	n	n	n	8	0.5849	0.5947	-0.0098
condition-1-en-20k	en	en	ur	n	n	n	8	0.5455	0.5233	+0.0222
condition-1-en-20k	en	en	zh	n	n	n	8	0.6083	0.6120	-0.0037
condition-1-en-20k	en	es	en	y	n	y	8	0.5889	0.5878	+0.0011
condition-1-en-20k	en	es	es	y	y	n	8	0.5385	0.5538	-0.0153
condition-1-en-20k	en	es	ur	y	n	n	8	0.4823	0.4686	+0.0136
condition-1-en-20k	en	es	zh	y	n	n	8	0.5392	0.5363	+0.0029
condition-1-en-20k	en	ur	en	y	n	y	8	0.5242	0.5296	-0.0054
condition-1-en-20k	en	ur	es	y	n	n	8	0.4607	0.4565	+0.0042
condition-1-en-20k	en	ur	ur	y	y	n	8	0.4548	0.4508	+0.0040
condition-1-en-20k	en	ur	zh	y	n	n	8	0.4537	0.4530	+0.0007
condition-1-en-20k	en	zh	en	y	n	y	8	0.6032	0.6158	-0.0127
condition-1-en-20k	en	zh	es	y	n	n	8	0.5300	0.5368	-0.0068
condition-1-en-20k	en	zh	ur	y	n	n	8	0.5086	0.4929	+0.0157
condition-1-en-20k	en	zh	zh	y	y	n	8	0.5608	0.5592	+0.0016
condition-1-en-5k	en	en	en	n	y	y	24	0.6413	0.6397	+0.0015
condition-1-en-5k	en	en	es	n	n	n	24	0.5927	0.5947	-0.0020
condition-1-en-5k	en	en	ur	n	n	n	24	0.5342	0.5233	+0.0109
condition-1-en-5k	en	en	zh	n	n	n	24	0.6181	0.6120	+0.0062
condition-1-en-5k	en	es	en	y	n	y	24	0.5883	0.5878	+0.0004
condition-1-en-5k	en	es	es	y	y	n	24	0.5515	0.5538	-0.0023
condition-1-en-5k	en	es	ur	y	n	n	24	0.4733	0.4686	+0.0047
condition-1-en-5k	en	es	zh	y	n	n	24	0.5473	0.5363	+0.0110
condition-1-en-5k	en	ur	en	y	n	y	24	0.5254	0.5296	-0.0042
condition-1-en-5k	en	ur	es	y	n	n	24	0.4662	0.4565	+0.0097
condition-1-en-5k	en	ur	ur	y	y	n	24	0.4530	0.4508	+0.0022
condition-1-en-5k	en	ur	zh	y	n	n	24	0.4606	0.4530	+0.0076
condition-1-en-5k	en	zh	en	y	n	y	24	0.6093	0.6158	-0.0065
condition-1-en-5k	en	zh	es	y	n	n	24	0.5329	0.5368	-0.0039
condition-1-en-5k	en	zh	ur	y	n	n	24	0.5069	0.4929	+0.0140
condition-1-en-5k	en	zh	zh	y	y	n	24	0.5636	0.5592	+0.0044
condition-2-es-20k	es	en	en	y	y	n	8	0.6413	0.6397	+0.0016
condition-2-es-20k	es	en	es	y	n	y	8	0.6082	0.5947	+0.0134
condition-2-es-20k	es	es	en	n	n	n	8	0.5923	0.5878	+0.0045
condition-2-es-20k	es	es	es	n	y	y	8	0.5546	0.5538	+0.0008
condition-2-es-20k	es	ur	en	y	n	n	8	0.5248	0.5296	-0.0048
condition-2-es-20k	es	ur	es	y	n	y	8	0.4700	0.4565	+0.0135
condition-2-es-20k	es	zh	en	y	n	n	8	0.6097	0.6158	-0.0062
condition-2-es-20k	es	zh	es	y	n	y	8	0.5486	0.5368	+0.0119
condition-2-es-5k	es	en	en	y	y	n	24	0.6412	0.6397	+0.0014
condition-2-es-5k	es	en	es	y	n	y	24	0.6035	0.5947	+0.0087
condition-2-es-5k	es	es	en	n	n	n	24	0.5920	0.5878	+0.0042
condition-2-es-5k	es	es	es	n	y	y	24	0.5543	0.5538	+0.0005
condition-2-es-5k	es	ur	en	y	n	n	24	0.5262	0.5296	-0.0034
condition-2-es-5k	es	ur	es	y	n	y	24	0.4731	0.4565	+0.0166
condition-2-es-5k	es	zh	en	y	n	n	24	0.6099	0.6158	-0.0060
condition-2-es-5k	es	zh	es	y	n	y	24	0.5429	0.5368	+0.0061
condition-2-ur-20k	ur	en	en	y	y	n	8	0.6459	0.6397	+0.0061
condition-2-ur-20k	ur	en	ur	y	n	y	8	0.5852	0.5233	+0.0618
condition-2-ur-20k	ur	es	en	y	n	n	8	0.5976	0.5878	+0.0097
condition-2-ur-20k	ur	es	ur	y	n	y	8	0.5067	0.4686	+0.0381
condition-2-ur-20k	ur	ur	en	n	n	n	8	0.4947	0.5296	-0.0349
condition-2-ur-20k	ur	ur	ur	n	y	y	8	0.3750	0.4508	-0.0758
condition-2-ur-20k	ur	zh	en	y	n	n	8	0.6124	0.6158	-0.0034
condition-2-ur-20k	ur	zh	ur	y	n	y	8	0.5382	0.4929	+0.0453
condition-2-ur-5k	ur	en	en	y	y	n	24	0.6508	0.6397	+0.0111
condition-2-ur-5k	ur	en	ur	y	n	y	24	0.5994	0.5233	+0.0761
condition-2-ur-5k	ur	es	en	y	n	n	24	0.5992	0.5878	+0.0114
condition-2-ur-5k	ur	es	ur	y	n	y	24	0.5408	0.4686	+0.0722
condition-2-ur-5k	ur	ur	en	n	n	n	24	0.5207	0.5296	-0.0089
condition-2-ur-5k	ur	ur	ur	n	y	y	24	0.4387	0.4508	-0.0121
condition-2-ur-5k	ur	zh	en	y	n	n	24	0.6217	0.6158	+0.0059
condition-2-ur-5k	ur	zh	ur	y	n	y	24	0.5802	0.4929	+0.0873
condition-2-zh-20k	zh	en	en	y	y	n	8	0.6436	0.6397	+0.0038
condition-2-zh-20k	zh	en	zh	y	n	y	8	0.6091	0.6120	-0.0029
condition-2-zh-20k	zh	es	en	y	n	n	8	0.5906	0.5878	+0.0027
condition-2-zh-20k	zh	es	zh	y	n	y	8	0.5618	0.5363	+0.0256
condition-2-zh-20k	zh	ur	en	y	n	n	8	0.5284	0.5296	-0.0012
condition-2-zh-20k	zh	ur	zh	y	n	y	8	0.4939	0.4530	+0.0409
condition-2-zh-20k	zh	zh	en	n	n	n	8	0.6127	0.6158	-0.0031
condition-2-zh-20k	zh	zh	zh	n	y	y	8	0.5788	0.5592	+0.0196
condition-2-zh-5k	zh	en	en	y	y	n	24	0.6388	0.6397	-0.0010
condition-2-zh-5k	zh	en	zh	y	n	y	24	0.6168	0.6120	+0.0049
condition-2-zh-5k	zh	es	en	y	n	n	24	0.5905	0.5878	+0.0026
condition-2-zh-5k	zh	es	zh	y	n	y	24	0.5695	0.5363	+0.0332
condition-2-zh-5k	zh	ur	en	y	n	n	24	0.5301	0.5296	+0.0005
condition-2-zh-5k	zh	ur	zh	y	n	y	24	0.4946	0.4530	+0.0416
condition-2-zh-5k	zh	zh	en	n	n	n	24	0.6108	0.6158	-0.0051
condition-2-zh-5k	zh	zh	zh	n	y	y	24	0.5859	0.5592	+0.0267
condition-3-zh-5k	zh	en	en	y	y	n	8	0.6429	0.6397	+0.0032
condition-3-zh-5k	zh	en	zh	y	n	y	8	0.6089	0.6120	-0.0030
condition-3-zh-5k	zh	es	en	y	n	n	8	0.5988	0.5878	+0.0110
condition-3-zh-5k	zh	es	zh	y	n	y	8	0.5587	0.5363	+0.0224
condition-3-zh-5k	zh	ur	en	y	n	n	8	0.5297	0.5296	+0.0001
condition-3-zh-5k	zh	ur	zh	y	n	y	8	0.4836	0.4530	+0.0307
condition-3-zh-5k	zh	zh	en	n	n	n	8	0.6237	0.6158	+0.0078
condition-3-zh-5k	zh	zh	zh	n	y	y	8	0.5683	0.5592	+0.0090
condition-5-es-5k	es	en	en	y	y	n	8	0.6178	0.6397	-0.0219
condition-5-es-5k	es	en	es	y	n	y	8	0.5596	0.5947	-0.0352
condition-5-es-5k	es	es	en	n	n	n	8	0.5427	0.5878	-0.0451
condition-5-es-5k	es	es	es	n	y	y	8	0.5125	0.5538	-0.0413
condition-5-es-5k	es	ur	en	y	n	n	8	0.4787	0.5296	-0.0509
condition-5-es-5k	es	ur	es	y	n	y	8	0.4361	0.4565	-0.0204
condition-5-es-5k	es	zh	en	y	n	n	8	0.5734	0.6158	-0.0424
condition-5-es-5k	es	zh	es	y	n	y	8	0.5262	0.5368	-0.0105
condition-5-ur-5k	ur	en	en	y	y	n	8	0.6269	0.6397	-0.0129
condition-5-ur-5k	ur	en	ur	y	n	y	8	0.5460	0.5233	+0.0227
condition-5-ur-5k	ur	es	en	y	n	n	8	0.5761	0.5878	-0.0117
condition-5-ur-5k	ur	es	ur	y	n	y	8	0.4920	0.4686	+0.0234
condition-5-ur-5k	ur	ur	en	n	n	n	8	0.4656	0.5296	-0.0640
condition-5-ur-5k	ur	ur	ur	n	y	y	8	0.4307	0.4508	-0.0201
condition-5-ur-5k	ur	zh	en	y	n	n	8	0.6018	0.6158	-0.0140
condition-5-ur-5k	ur	zh	ur	y	n	y	8	0.4947	0.4929	+0.0018
condition-5-zh-5k	zh	en	en	y	y	n	8	0.6230	0.6397	-0.0167
condition-5-zh-5k	zh	en	zh	y	n	y	8	0.5575	0.6120	-0.0545
condition-5-zh-5k	zh	es	en	y	n	n	8	0.5761	0.5878	-0.0118
condition-5-zh-5k	zh	es	zh	y	n	y	8	0.5157	0.5363	-0.0206
condition-5-zh-5k	zh	ur	en	y	n	n	8	0.4864	0.5296	-0.0432
condition-5-zh-5k	zh	ur	zh	y	n	y	8	0.3919	0.4530	-0.0611
condition-5-zh-5k	zh	zh	en	n	n	n	8	0.5817	0.6158	-0.0341
condition-5-zh-5k	zh	zh	zh	n	y	y	8	0.5460	0.5592	-0.0132
