condition	target_lang	seed	template	benchmark	data	instr	matched_diagonal	matched_instr	baseline_acc	cond_1_en_5k_acc	cond_acc	delta_vs_baseline	delta_en_finetune_only	delta_language_specific
condition-2-es-20k	es	42	1	belebele	en	en	y	n	0.7678	0.7781	0.7878	+0.0200	+0.0104	+0.0096
condition-2-es-20k	es	42	1	belebele	en	es	n	y	0.7611	0.7604	0.7744	+0.0133	-0.0007	+0.0141
condition-2-es-20k	es	42	1	belebele	es	en	n	n	0.6911	0.7000	0.7022	+0.0111	+0.0089	+0.0022
condition-2-es-20k	es	42	1	belebele	es	es	y	y	0.6722	0.6719	0.6678	-0.0044	-0.0004	-0.0041
condition-2-es-20k	es	42	1	belebele	ur	en	n	n	0.6044	0.6130	0.6089	+0.0044	+0.0085	-0.0041
condition-2-es-20k	es	42	1	belebele	ur	es	n	y	0.5389	0.5356	0.5444	+0.0056	-0.0033	+0.0089
condition-2-es-20k	es	42	1	belebele	zh	en	n	n	0.7500	0.7596	0.7556	+0.0056	+0.0096	-0.0041
condition-2-es-20k	es	42	1	belebele	zh	es	n	y	0.7033	0.7044	0.7156	+0.0122	+0.0011	+0.0111
condition-2-es-20k	es	42	1	csqa	en	en	y	n	0.6070	0.6120	0.6010	-0.0060	+0.0050	-0.0110
condition-2-es-20k	es	42	1	csqa	en	es	n	y	0.6040	0.6117	0.6100	+0.0060	+0.0077	-0.0017
condition-2-es-20k	es	42	1	csqa	es	en	n	n	0.5240	0.5303	0.5360	+0.0120	+0.0063	+0.0057
condition-2-es-20k	es	42	1	csqa	es	es	y	y	0.5290	0.5333	0.5400	+0.0110	+0.0043	+0.0067
condition-2-es-20k	es	42	1	csqa	ur	en	n	n	0.4240	0.4237	0.4180	-0.0060	-0.0003	-0.0057
condition-2-es-20k	es	42	1	csqa	ur	es	n	y	0.3960	0.3970	0.3950	-0.0010	+0.0010	-0.0020
condition-2-es-20k	es	42	1	csqa	zh	en	n	n	0.5450	0.5527	0.5490	+0.0040	+0.0077	-0.0037
condition-2-es-20k	es	42	1	csqa	zh	es	n	y	0.5000	0.5067	0.5230	+0.0230	+0.0067	+0.0163
condition-2-es-20k	es	42	1	sib200	en	en	y	n	0.7549	0.7533	0.7549	+0.0000	-0.0016	+0.0016
condition-2-es-20k	es	42	1	sib200	en	es	n	y	0.6618	0.6487	0.6814	+0.0196	-0.0131	+0.0327
condition-2-es-20k	es	42	1	sib200	es	en	n	n	0.7745	0.7582	0.7598	-0.0147	-0.0163	+0.0016
condition-2-es-20k	es	42	1	sib200	es	es	y	y	0.6520	0.6389	0.6765	+0.0245	-0.0131	+0.0376
condition-2-es-20k	es	42	1	sib200	ur	en	n	n	0.7255	0.6895	0.7108	-0.0147	-0.0359	+0.0212
condition-2-es-20k	es	42	1	sib200	ur	es	n	y	0.5343	0.5180	0.5686	+0.0343	-0.0163	+0.0507
condition-2-es-20k	es	42	1	sib200	zh	en	n	n	0.7892	0.7500	0.7647	-0.0245	-0.0392	+0.0147
condition-2-es-20k	es	42	1	sib200	zh	es	n	y	0.5882	0.5735	0.6520	+0.0637	-0.0147	+0.0784
condition-2-es-20k	es	42	1	xnli	en	en	y	n	0.4998	0.5226	0.4986	-0.0012	+0.0228	-0.0240
condition-2-es-20k	es	42	1	xnli	en	es	n	y	0.3980	0.4161	0.4194	+0.0214	+0.0181	+0.0033
condition-2-es-20k	es	42	1	xnli	es	en	n	n	0.4525	0.4687	0.4631	+0.0106	+0.0162	-0.0057
condition-2-es-20k	es	42	1	xnli	es	es	y	y	0.4547	0.4623	0.4042	-0.0505	+0.0077	-0.0582
condition-2-es-20k	es	42	1	xnli	ur	en	n	n	0.4343	0.4375	0.4381	+0.0038	+0.0032	+0.0006
condition-2-es-20k	es	42	1	xnli	ur	es	n	y	0.3727	0.3844	0.4277	+0.0551	+0.0117	+0.0434
condition-2-es-20k	es	42	1	xnli	zh	en	n	n	0.3906	0.4034	0.3852	-0.0054	+0.0128	-0.0182
condition-2-es-20k	es	42	1	xnli	zh	es	n	y	0.3333	0.3333	0.3371	+0.0038	+0.0000	+0.0038
condition-2-es-20k	es	42	2	belebele	en	en	y	n	0.7822	0.7870	0.7867	+0.0044	+0.0048	-0.0004
condition-2-es-20k	es	42	2	belebele	en	es	n	y	0.7756	0.7830	0.7944	+0.0189	+0.0074	+0.0115
condition-2-es-20k	es	42	2	belebele	es	en	n	n	0.7011	0.7096	0.7222	+0.0211	+0.0085	+0.0126
condition-2-es-20k	es	42	2	belebele	es	es	y	y	0.6989	0.6952	0.6978	-0.0011	-0.0037	+0.0026
condition-2-es-20k	es	42	2	belebele	ur	en	n	n	0.6144	0.6200	0.6178	+0.0033	+0.0056	-0.0022
condition-2-es-20k	es	42	2	belebele	ur	es	n	y	0.5544	0.5622	0.5878	+0.0333	+0.0078	+0.0256
condition-2-es-20k	es	42	2	belebele	zh	en	n	n	0.7589	0.7637	0.7667	+0.0078	+0.0048	+0.0030
condition-2-es-20k	es	42	2	belebele	zh	es	n	y	0.7367	0.7352	0.7433	+0.0067	-0.0015	+0.0081
condition-2-es-20k	es	42	2	csqa	en	en	y	n	0.6070	0.6113	0.6020	-0.0050	+0.0043	-0.0093
condition-2-es-20k	es	42	2	csqa	en	es	n	y	0.6230	0.6187	0.6300	+0.0070	-0.0043	+0.0113
condition-2-es-20k	es	42	2	csqa	es	en	n	n	0.5170	0.5260	0.5240	+0.0070	+0.0090	-0.0020
condition-2-es-20k	es	42	2	csqa	es	es	y	y	0.5320	0.5340	0.5520	+0.0200	+0.0020	+0.0180
condition-2-es-20k	es	42	2	csqa	ur	en	n	n	0.4170	0.4197	0.4250	+0.0080	+0.0027	+0.0053
condition-2-es-20k	es	42	2	csqa	ur	es	n	y	0.3930	0.3940	0.4100	+0.0170	+0.0010	+0.0160
condition-2-es-20k	es	42	2	csqa	zh	en	n	n	0.5320	0.5323	0.5350	+0.0030	+0.0003	+0.0027
condition-2-es-20k	es	42	2	csqa	zh	es	n	y	0.5100	0.5043	0.5200	+0.0100	-0.0057	+0.0157
condition-2-es-20k	es	42	2	sib200	en	en	y	n	0.7206	0.7092	0.6912	-0.0294	-0.0114	-0.0180
condition-2-es-20k	es	42	2	sib200	en	es	n	y	0.5539	0.5131	0.5049	-0.0490	-0.0408	-0.0082
condition-2-es-20k	es	42	2	sib200	es	en	n	n	0.6765	0.6585	0.6520	-0.0245	-0.0180	-0.0065
condition-2-es-20k	es	42	2	sib200	es	es	y	y	0.5147	0.5000	0.5000	-0.0147	-0.0147	+0.0000
condition-2-es-20k	es	42	2	sib200	ur	en	n	n	0.6814	0.6667	0.6471	-0.0343	-0.0147	-0.0196
condition-2-es-20k	es	42	2	sib200	ur	es	n	y	0.6127	0.5637	0.4314	-0.1814	-0.0490	-0.1324
condition-2-es-20k	es	42	2	sib200	zh	en	n	n	0.6961	0.6716	0.6373	-0.0588	-0.0245	-0.0343
condition-2-es-20k	es	42	2	sib200	zh	es	n	y	0.5588	0.5376	0.5245	-0.0343	-0.0212	-0.0131
condition-2-es-20k	es	42	2	xnli	en	en	y	n	0.3786	0.3565	0.4084	+0.0297	-0.0222	+0.0519
condition-2-es-20k	es	42	2	xnli	en	es	n	y	0.3806	0.3904	0.4509	+0.0703	+0.0097	+0.0605
condition-2-es-20k	es	42	2	xnli	es	en	n	n	0.3661	0.3547	0.3794	+0.0134	-0.0114	+0.0248
condition-2-es-20k	es	42	2	xnli	es	es	y	y	0.3770	0.3766	0.3988	+0.0218	-0.0004	+0.0222
condition-2-es-20k	es	42	2	xnli	ur	en	n	n	0.3357	0.3330	0.3325	-0.0032	-0.0027	-0.0005
condition-2-es-20k	es	42	2	xnli	ur	es	n	y	0.2499	0.3744	0.3950	+0.1451	+0.1245	+0.0206
condition-2-es-20k	es	42	2	xnli	zh	en	n	n	0.4649	0.4415	0.4838	+0.0190	-0.0234	+0.0424
condition-2-es-20k	es	42	2	xnli	zh	es	n	y	0.3637	0.3677	0.3737	+0.0100	+0.0041	+0.0059
condition-2-es-5k	es	123	1	belebele	en	en	y	n	0.7678	0.7781	0.7800	+0.0122	+0.0104	+0.0019
condition-2-es-5k	es	123	1	belebele	en	es	n	y	0.7611	0.7604	0.7656	+0.0044	-0.0007	+0.0052
condition-2-es-5k	es	123	1	belebele	es	en	n	n	0.6911	0.7000	0.7056	+0.0144	+0.0089	+0.0056
condition-2-es-5k	es	123	1	belebele	es	es	y	y	0.6722	0.6719	0.6744	+0.0022	-0.0004	+0.0026
condition-2-es-5k	es	123	1	belebele	ur	en	n	n	0.6044	0.6130	0.6089	+0.0044	+0.0085	-0.0041
condition-2-es-5k	es	123	1	belebele	ur	es	n	y	0.5389	0.5356	0.5633	+0.0244	-0.0033	+0.0278
condition-2-es-5k	es	123	1	belebele	zh	en	n	n	0.7500	0.7596	0.7522	+0.0022	+0.0096	-0.0074
condition-2-es-5k	es	123	1	belebele	zh	es	n	y	0.7033	0.7044	0.7167	+0.0133	+0.0011	+0.0122
condition-2-es-5k	es	123	1	csqa	en	en	y	n	0.6070	0.6120	0.6030	-0.0040	+0.0050	-0.0090
condition-2-es-5k	es	123	1	csqa	en	es	n	y	0.6040	0.6117	0.6050	+0.0010	+0.0077	-0.0067
condition-2-es-5k	es	123	1	csqa	es	en	n	n	0.5240	0.5303	0.5260	+0.0020	+0.0063	-0.0043
condition-2-es-5k	es	123	1	csqa	es	es	y	y	0.5290	0.5333	0.5340	+0.0050	+0.0043	+0.0007
condition-2-es-5k	es	123	1	csqa	ur	en	n	n	0.4240	0.4237	0.4070	-0.0170	-0.0003	-0.0167
condition-2-es-5k	es	123	1	csqa	ur	es	n	y	0.3960	0.3970	0.4040	+0.0080	+0.0010	+0.0070
condition-2-es-5k	es	123	1	csqa	zh	en	n	n	0.5450	0.5527	0.5440	-0.0010	+0.0077	-0.0087
condition-2-es-5k	es	123	1	csqa	zh	es	n	y	0.5000	0.5067	0.5060	+0.0060	+0.0067	-0.0007
condition-2-es-5k	es	123	1	sib200	en	en	y	n	0.7549	0.7533	0.7647	+0.0098	-0.0016	+0.0114
condition-2-es-5k	es	123	1	sib200	en	es	n	y	0.6618	0.6487	0.6716	+0.0098	-0.0131	+0.0229
condition-2-es-5k	es	123	1	sib200	es	en	n	n	0.7745	0.7582	0.7549	-0.0196	-0.0163	-0.0033
condition-2-es-5k	es	123	1	sib200	es	es	y	y	0.6520	0.6389	0.6422	-0.0098	-0.0131	+0.0033
condition-2-es-5k	es	123	1	sib200	ur	en	n	n	0.7255	0.6895	0.6961	-0.0294	-0.0359	+0.0065
condition-2-es-5k	es	123	1	sib200	ur	es	n	y	0.5343	0.5180	0.5441	+0.0098	-0.0163	+0.0261
condition-2-es-5k	es	123	1	sib200	zh	en	n	n	0.7892	0.7500	0.7696	-0.0196	-0.0392	+0.0196
condition-2-es-5k	es	123	1	sib200	zh	es	n	y	0.5882	0.5735	0.6422	+0.0539	-0.0147	+0.0686
condition-2-es-5k	es	123	1	xnli	en	en	y	n	0.4998	0.5226	0.5244	+0.0246	+0.0228	+0.0017
condition-2-es-5k	es	123	1	xnli	en	es	n	y	0.3980	0.4161	0.4840	+0.0860	+0.0181	+0.0679
condition-2-es-5k	es	123	1	xnli	es	en	n	n	0.4525	0.4687	0.4756	+0.0232	+0.0162	+0.0069
condition-2-es-5k	es	123	1	xnli	es	es	y	y	0.4547	0.4623	0.4721	+0.0174	+0.0077	+0.0097
condition-2-es-5k	es	123	1	xnli	ur	en	n	n	0.4343	0.4375	0.4437	+0.0094	+0.0032	+0.0062
condition-2-es-5k	es	123	1	xnli	ur	es	n	y	0.3727	0.3844	0.4405	+0.0679	+0.0117	+0.0562
condition-2-es-5k	es	123	1	xnli	zh	en	n	n	0.3906	0.4034	0.4222	+0.0315	+0.0128	+0.0188
condition-2-es-5k	es	123	1	xnli	zh	es	n	y	0.3333	0.3333	0.3513	+0.0180	+0.0000	+0.0180
condition-2-es-5k	es	123	2	belebele	en	en	y	n	0.7822	0.7870	0.7822	+0.0000	+0.0048	-0.0048
condition-2-es-5k	es	123	2	belebele	en	es	n	y	0.7756	0.7830	0.7900	+0.0144	+0.0074	+0.0070
condition-2-es-5k	es	123	2	belebele	es	en	n	n	0.7011	0.7096	0.7100	+0.0089	+0.0085	+0.0004
condition-2-es-5k	es	123	2	belebele	es	es	y	y	0.6989	0.6952	0.7111	+0.0122	-0.0037	+0.0159
condition-2-es-5k	es	123	2	belebele	ur	en	n	n	0.6144	0.6200	0.6289	+0.0144	+0.0056	+0.0089
condition-2-es-5k	es	123	2	belebele	ur	es	n	y	0.5544	0.5622	0.5956	+0.0411	+0.0078	+0.0333
condition-2-es-5k	es	123	2	belebele	zh	en	n	n	0.7589	0.7637	0.7622	+0.0033	+0.0048	-0.0015
condition-2-es-5k	es	123	2	belebele	zh	es	n	y	0.7367	0.7352	0.7456	+0.0089	-0.0015	+0.0104
condition-2-es-5k	es	123	2	csqa	en	en	y	n	0.6070	0.6113	0.6040	-0.0030	+0.0043	-0.0073
condition-2-es-5k	es	123	2	csqa	en	es	n	y	0.6230	0.6187	0.6240	+0.0010	-0.0043	+0.0053
condition-2-es-5k	es	123	2	csqa	es	en	n	n	0.5170	0.5260	0.5270	+0.0100	+0.0090	+0.0010
condition-2-es-5k	es	123	2	csqa	es	es	y	y	0.5320	0.5340	0.5450	+0.0130	+0.0020	+0.0110
condition-2-es-5k	es	123	2	csqa	ur	en	n	n	0.4170	0.4197	0.4220	+0.0050	+0.0027	+0.0023
condition-2-es-5k	es	123	2	csqa	ur	es	n	y	0.3930	0.3940	0.4030	+0.0100	+0.0010	+0.0090
condition-2-es-5k	es	123	2	csqa	zh	en	n	n	0.5320	0.5323	0.5420	+0.0100	+0.0003	+0.0097
condition-2-es-5k	es	123	2	csqa	zh	es	n	y	0.5100	0.5043	0.5070	-0.0030	-0.0057	+0.0027
condition-2-es-5k	es	123	2	sib200	en	en	y	n	0.7206	0.7092	0.6912	-0.0294	-0.0114	-0.0180
condition-2-es-5k	es	123	2	sib200	en	es	n	y	0.5539	0.5131	0.4902	-0.0637	-0.0408	-0.0229
condition-2-es-5k	es	123	2	sib200	es	en	n	n	0.6765	0.6585	0.6471	-0.0294	-0.0180	-0.0114
condition-2-es-5k	es	123	2	sib200	es	es	y	y	0.5147	0.5000	0.4755	-0.0392	-0.0147	-0.0245
condition-2-es-5k	es	123	2	sib200	ur	en	n	n	0.6814	0.6667	0.6618	-0.0196	-0.0147	-0.0049
condition-2-es-5k	es	123	2	sib200	ur	es	n	y	0.6127	0.5637	0.4314	-0.1814	-0.0490	-0.1324
condition-2-es-5k	es	123	2	sib200	zh	en	n	n	0.6961	0.6716	0.6471	-0.0490	-0.0245	-0.0245
condition-2-es-5k	es	123	2	sib200	zh	es	n	y	0.5588	0.5376	0.5000	-0.0588	-0.0212	-0.0376
condition-2-es-5k	es	123	2	xnli	en	en	y	n	0.3786	0.3565	0.3619	-0.0168	-0.0222	+0.0054
condition-2-es-5k	es	123	2	xnli	en	es	n	y	0.3806	0.3904	0.3824	+0.0018	+0.0097	-0.0079
condition-2-es-5k	es	123	2	xnli	es	en	n	n	0.3661	0.3547	0.3555	-0.0106	-0.0114	+0.0008
condition-2-es-5k	es	123	2	xnli	es	es	y	y	0.3770	0.3766	0.3794	+0.0024	-0.0004	+0.0028
condition-2-es-5k	es	123	2	xnli	ur	en	n	n	0.3357	0.3330	0.3335	-0.0022	-0.0027	+0.0005
condition-2-es-5k	es	123	2	xnli	ur	es	n	y	0.2499	0.3744	0.3954	+0.1455	+0.1245	+0.0210
condition-2-es-5k	es	123	2	xnli	zh	en	n	n	0.4649	0.4415	0.4244	-0.0405	-0.0234	-0.0171
condition-2-es-5k	es	123	2	xnli	zh	es	n	y	0.3637	0.3677	0.3559	-0.0078	+0.0041	-0.0118
condition-2-es-5k	es	42	1	belebele	en	en	y	n	0.7678	0.7781	0.7844	+0.0167	+0.0104	+0.0063
condition-2-es-5k	es	42	1	belebele	en	es	n	y	0.7611	0.7604	0.7689	+0.0078	-0.0007	+0.0085
condition-2-es-5k	es	42	1	belebele	es	en	n	n	0.6911	0.7000	0.7078	+0.0167	+0.0089	+0.0078
condition-2-es-5k	es	42	1	belebele	es	es	y	y	0.6722	0.6719	0.6756	+0.0033	-0.0004	+0.0037
condition-2-es-5k	es	42	1	belebele	ur	en	n	n	0.6044	0.6130	0.6111	+0.0067	+0.0085	-0.0019
condition-2-es-5k	es	42	1	belebele	ur	es	n	y	0.5389	0.5356	0.5656	+0.0267	-0.0033	+0.0300
condition-2-es-5k	es	42	1	belebele	zh	en	n	n	0.7500	0.7596	0.7633	+0.0133	+0.0096	+0.0037
condition-2-es-5k	es	42	1	belebele	zh	es	n	y	0.7033	0.7044	0.7300	+0.0267	+0.0011	+0.0256
condition-2-es-5k	es	42	1	csqa	en	en	y	n	0.6070	0.6120	0.6020	-0.0050	+0.0050	-0.0100
condition-2-es-5k	es	42	1	csqa	en	es	n	y	0.6040	0.6117	0.6070	+0.0030	+0.0077	-0.0047
condition-2-es-5k	es	42	1	csqa	es	en	n	n	0.5240	0.5303	0.5360	+0.0120	+0.0063	+0.0057
condition-2-es-5k	es	42	1	csqa	es	es	y	y	0.5290	0.5333	0.5400	+0.0110	+0.0043	+0.0067
condition-2-es-5k	es	42	1	csqa	ur	en	n	n	0.4240	0.4237	0.4140	-0.0100	-0.0003	-0.0097
condition-2-es-5k	es	42	1	csqa	ur	es	n	y	0.3960	0.3970	0.4080	+0.0120	+0.0010	+0.0110
condition-2-es-5k	es	42	1	csqa	zh	en	n	n	0.5450	0.5527	0.5540	+0.0090	+0.0077	+0.0013
condition-2-es-5k	es	42	1	csqa	zh	es	n	y	0.5000	0.5067	0.5060	+0.0060	+0.0067	-0.0007
condition-2-es-5k	es	42	1	sib200	en	en	y	n	0.7549	0.7533	0.7598	+0.0049	-0.0016	+0.0065
condition-2-es-5k	es	42	1	sib200	en	es	n	y	0.6618	0.6487	0.6716	+0.0098	-0.0131	+0.0229
condition-2-es-5k	es	42	1	sib200	es	en	n	n	0.7745	0.7582	0.7696	-0.0049	-0.0163	+0.0114
condition-2-es-5k	es	42	1	sib200	es	es	y	y	0.6520	0.6389	0.6422	-0.0098	-0.0131	+0.0033
condition-2-es-5k	es	42	1	sib200	ur	en	n	n	0.7255	0.6895	0.7010	-0.0245	-0.0359	+0.0114
condition-2-es-5k	es	42	1	sib200	ur	es	n	y	0.5343	0.5180	0.5245	-0.0098	-0.0163	+0.0065
condition-2-es-5k	es	42	1	sib200	zh	en	n	n	0.7892	0.7500	0.7647	-0.0245	-0.0392	+0.0147
condition-2-es-5k	es	42	1	sib200	zh	es	n	y	0.5882	0.5735	0.6275	+0.0392	-0.0147	+0.0539
condition-2-es-5k	es	42	1	xnli	en	en	y	n	0.4998	0.5226	0.5291	+0.0293	+0.0228	+0.0065
condition-2-es-5k	es	42	1	xnli	en	es	n	y	0.3980	0.4161	0.5090	+0.1110	+0.0181	+0.0929
condition-2-es-5k	es	42	1	xnli	es	en	n	n	0.4525	0.4687	0.4932	+0.0407	+0.0162	+0.0245
condition-2-es-5k	es	42	1	xnli	es	es	y	y	0.4547	0.4623	0.4762	+0.0216	+0.0077	+0.0139
condition-2-es-5k	es	42	1	xnli	ur	en	n	n	0.4343	0.4375	0.4469	+0.0126	+0.0032	+0.0094
condition-2-es-5k	es	42	1	xnli	ur	es	n	y	0.3727	0.3844	0.4431	+0.0705	+0.0117	+0.0587
condition-2-es-5k	es	42	1	xnli	zh	en	n	n	0.3906	0.4034	0.4359	+0.0453	+0.0128	+0.0325
condition-2-es-5k	es	42	1	xnli	zh	es	n	y	0.3333	0.3333	0.3665	+0.0331	+0.0000	+0.0331
condition-2-es-5k	es	42	2	belebele	en	en	y	n	0.7822	0.7870	0.7889	+0.0067	+0.0048	+0.0019
condition-2-es-5k	es	42	2	belebele	en	es	n	y	0.7756	0.7830	0.7900	+0.0144	+0.0074	+0.0070
condition-2-es-5k	es	42	2	belebele	es	en	n	n	0.7011	0.7096	0.7200	+0.0189	+0.0085	+0.0104
condition-2-es-5k	es	42	2	belebele	es	es	y	y	0.6989	0.6952	0.7133	+0.0144	-0.0037	+0.0181
condition-2-es-5k	es	42	2	belebele	ur	en	n	n	0.6144	0.6200	0.6278	+0.0133	+0.0056	+0.0078
condition-2-es-5k	es	42	2	belebele	ur	es	n	y	0.5544	0.5622	0.5889	+0.0344	+0.0078	+0.0267
condition-2-es-5k	es	42	2	belebele	zh	en	n	n	0.7589	0.7637	0.7644	+0.0056	+0.0048	+0.0007
condition-2-es-5k	es	42	2	belebele	zh	es	n	y	0.7367	0.7352	0.7489	+0.0122	-0.0015	+0.0137
condition-2-es-5k	es	42	2	csqa	en	en	y	n	0.6070	0.6113	0.6050	-0.0020	+0.0043	-0.0063
condition-2-es-5k	es	42	2	csqa	en	es	n	y	0.6230	0.6187	0.6210	-0.0020	-0.0043	+0.0023
condition-2-es-5k	es	42	2	csqa	es	en	n	n	0.5170	0.5260	0.5270	+0.0100	+0.0090	+0.0010
condition-2-es-5k	es	42	2	csqa	es	es	y	y	0.5320	0.5340	0.5400	+0.0080	+0.0020	+0.0060
condition-2-es-5k	es	42	2	csqa	ur	en	n	n	0.4170	0.4197	0.4180	+0.0010	+0.0027	-0.0017
condition-2-es-5k	es	42	2	csqa	ur	es	n	y	0.3930	0.3940	0.4000	+0.0070	+0.0010	+0.0060
condition-2-es-5k	es	42	2	csqa	zh	en	n	n	0.5320	0.5323	0.5370	+0.0050	+0.0003	+0.0047
condition-2-es-5k	es	42	2	csqa	zh	es	n	y	0.5100	0.5043	0.5070	-0.0030	-0.0057	+0.0027
condition-2-es-5k	es	42	2	sib200	en	en	y	n	0.7206	0.7092	0.7059	-0.0147	-0.0114	-0.0033
condition-2-es-5k	es	42	2	sib200	en	es	n	y	0.5539	0.5131	0.4853	-0.0686	-0.0408	-0.0278
condition-2-es-5k	es	42	2	sib200	es	en	n	n	0.6765	0.6585	0.6520	-0.0245	-0.0180	-0.0065
condition-2-es-5k	es	42	2	sib200	es	es	y	y	0.5147	0.5000	0.4706	-0.0441	-0.0147	-0.0294
condition-2-es-5k	es	42	2	sib200	ur	en	n	n	0.6814	0.6667	0.6520	-0.0294	-0.0147	-0.0147
condition-2-es-5k	es	42	2	sib200	ur	es	n	y	0.6127	0.5637	0.4363	-0.1765	-0.0490	-0.1275
condition-2-es-5k	es	42	2	sib200	zh	en	n	n	0.6961	0.6716	0.6569	-0.0392	-0.0245	-0.0147
condition-2-es-5k	es	42	2	sib200	zh	es	n	y	0.5588	0.5376	0.5000	-0.0588	-0.0212	-0.0376
condition-2-es-5k	es	42	2	xnli	en	en	y	n	0.3786	0.3565	0.3525	-0.0261	-0.0222	-0.0040
condition-2-es-5k	es	42	2	xnli	en	es	n	y	0.3806	0.3904	0.4126	+0.0319	+0.0097	+0.0222
condition-2-es-5k	es	42	2	xnli	es	en	n	n	0.3661	0.3547	0.3483	-0.0178	-0.0114	-0.0064
condition-2-es-5k	es	42	2	xnli	es	es	y	y	0.3770	0.3766	0.4016	+0.0246	-0.0004	+0.0250
condition-2-es-5k	es	42	2	xnli	ur	en	n	n	0.3357	0.3330	0.3339	-0.0018	-0.0027	+0.0009
condition-2-es-5k	es	42	2	xnli	ur	es	n	y	0.2499	0.3744	0.4044	+0.1545	+0.1245	+0.0300
condition-2-es-5k	es	42	2	xnli	zh	en	n	n	0.4649	0.4415	0.4072	-0.0577	-0.0234	-0.0343
condition-2-es-5k	es	42	2	xnli	zh	es	n	y	0.3637	0.3677	0.3719	+0.0082	+0.0041	+0.0041
condition-2-es-5k	es	456	1	belebele	en	en	y	n	0.7678	0.7781	0.7833	+0.0156	+0.0104	+0.0052
condition-2-es-5k	es	456	1	belebele	en	es	n	y	0.7611	0.7604	0.7767	+0.0156	-0.0007	+0.0163
condition-2-es-5k	es	456	1	belebele	es	en	n	n	0.6911	0.7000	0.7089	+0.0178	+0.0089	+0.0089
condition-2-es-5k	es	456	1	belebele	es	es	y	y	0.6722	0.6719	0.6733	+0.0011	-0.0004	+0.0015
condition-2-es-5k	es	456	1	belebele	ur	en	n	n	0.6044	0.6130	0.6133	+0.0089	+0.0085	+0.0004
condition-2-es-5k	es	456	1	belebele	ur	es	n	y	0.5389	0.5356	0.5500	+0.0111	-0.0033	+0.0144
condition-2-es-5k	es	456	1	belebele	zh	en	n	n	0.7500	0.7596	0.7622	+0.0122	+0.0096	+0.0026
condition-2-es-5k	es	456	1	belebele	zh	es	n	y	0.7033	0.7044	0.7200	+0.0167	+0.0011	+0.0156
condition-2-es-5k	es	456	1	csqa	en	en	y	n	0.6070	0.6120	0.6140	+0.0070	+0.0050	+0.0020
condition-2-es-5k	es	456	1	csqa	en	es	n	y	0.6040	0.6117	0.6000	-0.0040	+0.0077	-0.0117
condition-2-es-5k	es	456	1	csqa	es	en	n	n	0.5240	0.5303	0.5370	+0.0130	+0.0063	+0.0067
condition-2-es-5k	es	456	1	csqa	es	es	y	y	0.5290	0.5333	0.5420	+0.0130	+0.0043	+0.0087
condition-2-es-5k	es	456	1	csqa	ur	en	n	n	0.4240	0.4237	0.4190	-0.0050	-0.0003	-0.0047
condition-2-es-5k	es	456	1	csqa	ur	es	n	y	0.3960	0.3970	0.4080	+0.0120	+0.0010	+0.0110
condition-2-es-5k	es	456	1	csqa	zh	en	n	n	0.5450	0.5527	0.5540	+0.0090	+0.0077	+0.0013
condition-2-es-5k	es	456	1	csqa	zh	es	n	y	0.5000	0.5067	0.5110	+0.0110	+0.0067	+0.0043
condition-2-es-5k	es	456	1	sib200	en	en	y	n	0.7549	0.7533	0.7696	+0.0147	-0.0016	+0.0163
condition-2-es-5k	es	456	1	sib200	en	es	n	y	0.6618	0.6487	0.6765	+0.0147	-0.0131	+0.0278
condition-2-es-5k	es	456	1	sib200	es	en	n	n	0.7745	0.7582	0.7647	-0.0098	-0.0163	+0.0065
condition-2-es-5k	es	456	1	sib200	es	es	y	y	0.6520	0.6389	0.6471	-0.0049	-0.0131	+0.0082
condition-2-es-5k	es	456	1	sib200	ur	en	n	n	0.7255	0.6895	0.7010	-0.0245	-0.0359	+0.0114
condition-2-es-5k	es	456	1	sib200	ur	es	n	y	0.5343	0.5180	0.5392	+0.0049	-0.0163	+0.0212
condition-2-es-5k	es	456	1	sib200	zh	en	n	n	0.7892	0.7500	0.7696	-0.0196	-0.0392	+0.0196
condition-2-es-5k	es	456	1	sib200	zh	es	n	y	0.5882	0.5735	0.6471	+0.0588	-0.0147	+0.0735
condition-2-es-5k	es	456	1	xnli	en	en	y	n	0.4998	0.5226	0.5248	+0.0250	+0.0228	+0.0021
condition-2-es-5k	es	456	1	xnli	en	es	n	y	0.3980	0.4161	0.4569	+0.0589	+0.0181	+0.0408
condition-2-es-5k	es	456	1	xnli	es	en	n	n	0.4525	0.4687	0.4762	+0.0238	+0.0162	+0.0075
condition-2-es-5k	es	456	1	xnli	es	es	y	y	0.4547	0.4623	0.4339	-0.0208	+0.0077	-0.0284
condition-2-es-5k	es	456	1	xnli	ur	en	n	n	0.4343	0.4375	0.4455	+0.0112	+0.0032	+0.0080
condition-2-es-5k	es	456	1	xnli	ur	es	n	y	0.3727	0.3844	0.4357	+0.0631	+0.0117	+0.0514
condition-2-es-5k	es	456	1	xnli	zh	en	n	n	0.3906	0.4034	0.4210	+0.0303	+0.0128	+0.0176
condition-2-es-5k	es	456	1	xnli	zh	es	n	y	0.3333	0.3333	0.3435	+0.0102	+0.0000	+0.0102
condition-2-es-5k	es	456	2	belebele	en	en	y	n	0.7822	0.7870	0.7900	+0.0078	+0.0048	+0.0030
condition-2-es-5k	es	456	2	belebele	en	es	n	y	0.7756	0.7830	0.7956	+0.0200	+0.0074	+0.0126
condition-2-es-5k	es	456	2	belebele	es	en	n	n	0.7011	0.7096	0.7222	+0.0211	+0.0085	+0.0126
condition-2-es-5k	es	456	2	belebele	es	es	y	y	0.6989	0.6952	0.7033	+0.0044	-0.0037	+0.0081
condition-2-es-5k	es	456	2	belebele	ur	en	n	n	0.6144	0.6200	0.6211	+0.0067	+0.0056	+0.0011
condition-2-es-5k	es	456	2	belebele	ur	es	n	y	0.5544	0.5622	0.5922	+0.0378	+0.0078	+0.0300
condition-2-es-5k	es	456	2	belebele	zh	en	n	n	0.7589	0.7637	0.7678	+0.0089	+0.0048	+0.0041
condition-2-es-5k	es	456	2	belebele	zh	es	n	y	0.7367	0.7352	0.7456	+0.0089	-0.0015	+0.0104
condition-2-es-5k	es	456	2	csqa	en	en	y	n	0.6070	0.6113	0.6100	+0.0030	+0.0043	-0.0013
condition-2-es-5k	es	456	2	csqa	en	es	n	y	0.6230	0.6187	0.6210	-0.0020	-0.0043	+0.0023
condition-2-es-5k	es	456	2	csqa	es	en	n	n	0.5170	0.5260	0.5320	+0.0150	+0.0090	+0.0060
condition-2-es-5k	es	456	2	csqa	es	es	y	y	0.5320	0.5340	0.5440	+0.0120	+0.0020	+0.0100
condition-2-es-5k	es	456	2	csqa	ur	en	n	n	0.4170	0.4197	0.4200	+0.0030	+0.0027	+0.0003
condition-2-es-5k	es	456	2	csqa	ur	es	n	y	0.3930	0.3940	0.4050	+0.0120	+0.0010	+0.0110
condition-2-es-5k	es	456	2	csqa	zh	en	n	n	0.5320	0.5323	0.5450	+0.0130	+0.0003	+0.0127
condition-2-es-5k	es	456	2	csqa	zh	es	n	y	0.5100	0.5043	0.5140	+0.0040	-0.0057	+0.0097
condition-2-es-5k	es	456	2	sib200	en	en	y	n	0.7206	0.7092	0.6912	-0.0294	-0.0114	-0.0180
condition-2-es-5k	es	456	2	sib200	en	es	n	y	0.5539	0.5131	0.4902	-0.0637	-0.0408	-0.0229
condition-2-es-5k	es	456	2	sib200	es	en	n	n	0.6765	0.6585	0.6520	-0.0245	-0.0180	-0.0065
condition-2-es-5k	es	456	2	sib200	es	es	y	y	0.5147	0.5000	0.4902	-0.0245	-0.0147	-0.0098
condition-2-es-5k	es	456	2	sib200	ur	en	n	n	0.6814	0.6667	0.6667	-0.0147	-0.0147	+0.0000
condition-2-es-5k	es	456	2	sib200	ur	es	n	y	0.6127	0.5637	0.4755	-0.1373	-0.0490	-0.0882
condition-2-es-5k	es	456	2	sib200	zh	en	n	n	0.6961	0.6716	0.6569	-0.0392	-0.0245	-0.0147
condition-2-es-5k	es	456	2	sib200	zh	es	n	y	0.5588	0.5376	0.5098	-0.0490	-0.0212	-0.0278
condition-2-es-5k	es	456	2	xnli	en	en	y	n	0.3786	0.3565	0.3659	-0.0128	-0.0222	+0.0094
condition-2-es-5k	es	456	2	xnli	en	es	n	y	0.3806	0.3904	0.3890	+0.0084	+0.0097	-0.0013
condition-2-es-5k	es	456	2	xnli	es	en	n	n	0.3661	0.3547	0.3599	-0.0062	-0.0114	+0.0052
condition-2-es-5k	es	456	2	xnli	es	es	y	y	0.3770	0.3766	0.3764	-0.0006	-0.0004	-0.0002
condition-2-es-5k	es	456	2	xnli	ur	en	n	n	0.3357	0.3330	0.3345	-0.0012	-0.0027	+0.0015
condition-2-es-5k	es	456	2	xnli	ur	es	n	y	0.2499	0.3744	0.4012	+0.1513	+0.1245	+0.0268
condition-2-es-5k	es	456	2	xnli	zh	en	n	n	0.4649	0.4415	0.4130	-0.0519	-0.0234	-0.0285
condition-2-es-5k	es	456	2	xnli	zh	es	n	y	0.3637	0.3677	0.3553	-0.0084	+0.0041	-0.0124
condition-2-ur-20k	ur	42	1	belebele	en	en	y	n	0.7678	0.7781	0.7922	+0.0244	+0.0104	+0.0141
condition-2-ur-20k	ur	42	1	belebele	en	ur	n	y	0.7411	0.7548	0.7856	+0.0444	+0.0137	+0.0307
condition-2-ur-20k	ur	42	1	belebele	es	en	n	n	0.6911	0.7000	0.7144	+0.0233	+0.0089	+0.0144
condition-2-ur-20k	ur	42	1	belebele	es	ur	n	y	0.6389	0.6422	0.6889	+0.0500	+0.0033	+0.0467
condition-2-ur-20k	ur	42	1	belebele	ur	en	n	n	0.6044	0.6130	0.6000	-0.0044	+0.0085	-0.0130
condition-2-ur-20k	ur	42	1	belebele	ur	ur	y	y	0.5289	0.5367	0.5000	-0.0289	+0.0078	-0.0367
condition-2-ur-20k	ur	42	1	belebele	zh	en	n	n	0.7500	0.7596	0.7678	+0.0178	+0.0096	+0.0081
condition-2-ur-20k	ur	42	1	belebele	zh	ur	n	y	0.7011	0.7144	0.7500	+0.0489	+0.0133	+0.0356
condition-2-ur-20k	ur	42	1	csqa	en	en	y	n	0.6070	0.6120	0.6170	+0.0100	+0.0050	+0.0050
condition-2-ur-20k	ur	42	1	csqa	en	ur	n	y	0.5850	0.5920	0.6100	+0.0250	+0.0070	+0.0180
condition-2-ur-20k	ur	42	1	csqa	es	en	n	n	0.5240	0.5303	0.5430	+0.0190	+0.0063	+0.0127
condition-2-ur-20k	ur	42	1	csqa	es	ur	n	y	0.4730	0.4823	0.4990	+0.0260	+0.0093	+0.0167
condition-2-ur-20k	ur	42	1	csqa	ur	en	n	n	0.4240	0.4237	0.3740	-0.0500	-0.0003	-0.0497
condition-2-ur-20k	ur	42	1	csqa	ur	ur	y	y	0.4040	0.4090	0.3410	-0.0630	+0.0050	-0.0680
condition-2-ur-20k	ur	42	1	csqa	zh	en	n	n	0.5450	0.5527	0.5490	+0.0040	+0.0077	-0.0037
condition-2-ur-20k	ur	42	1	csqa	zh	ur	n	y	0.4810	0.4820	0.4970	+0.0160	+0.0010	+0.0150
condition-2-ur-20k	ur	42	1	sib200	en	en	y	n	0.7549	0.7533	0.7647	+0.0098	-0.0016	+0.0114
condition-2-ur-20k	ur	42	1	sib200	en	ur	n	y	0.4951	0.4804	0.3725	-0.1225	-0.0147	-0.1078
condition-2-ur-20k	ur	42	1	sib200	es	en	n	n	0.7745	0.7582	0.7304	-0.0441	-0.0163	-0.0278
condition-2-ur-20k	ur	42	1	sib200	es	ur	n	y	0.5343	0.4935	0.3137	-0.2206	-0.0408	-0.1797
condition-2-ur-20k	ur	42	1	sib200	ur	en	n	n	0.7255	0.6895	0.6569	-0.0686	-0.0359	-0.0327
condition-2-ur-20k	ur	42	1	sib200	ur	ur	y	y	0.5735	0.5588	0.2598	-0.3137	-0.0147	-0.2990
condition-2-ur-20k	ur	42	1	sib200	zh	en	n	n	0.7892	0.7500	0.7304	-0.0588	-0.0392	-0.0196
condition-2-ur-20k	ur	42	1	sib200	zh	ur	n	y	0.5294	0.5245	0.3971	-0.1324	-0.0049	-0.1275
condition-2-ur-20k	ur	42	1	xnli	en	en	y	n	0.4998	0.5226	0.5379	+0.0381	+0.0228	+0.0153
condition-2-ur-20k	ur	42	1	xnli	en	ur	n	y	0.3816	0.4253	0.4595	+0.0778	+0.0436	+0.0342
condition-2-ur-20k	ur	42	1	xnli	es	en	n	n	0.4525	0.4687	0.5002	+0.0477	+0.0162	+0.0315
condition-2-ur-20k	ur	42	1	xnli	es	ur	n	y	0.3433	0.3516	0.3673	+0.0240	+0.0083	+0.0157
condition-2-ur-20k	ur	42	1	xnli	ur	en	n	n	0.4343	0.4375	0.4439	+0.0096	+0.0032	+0.0064
condition-2-ur-20k	ur	42	1	xnli	ur	ur	y	y	0.3327	0.3336	0.3337	+0.0010	+0.0009	+0.0001
condition-2-ur-20k	ur	42	1	xnli	zh	en	n	n	0.3906	0.4034	0.4413	+0.0507	+0.0128	+0.0379
condition-2-ur-20k	ur	42	1	xnli	zh	ur	n	y	0.3345	0.3373	0.3403	+0.0058	+0.0027	+0.0031
condition-2-ur-20k	ur	42	2	belebele	en	en	y	n	0.7822	0.7870	0.7944	+0.0122	+0.0048	+0.0074
condition-2-ur-20k	ur	42	2	belebele	en	ur	n	y	0.7489	0.7611	0.7844	+0.0356	+0.0122	+0.0233
condition-2-ur-20k	ur	42	2	belebele	es	en	n	n	0.7011	0.7096	0.7300	+0.0289	+0.0085	+0.0204
condition-2-ur-20k	ur	42	2	belebele	es	ur	n	y	0.6389	0.6456	0.6889	+0.0500	+0.0067	+0.0433
condition-2-ur-20k	ur	42	2	belebele	ur	en	n	n	0.6144	0.6200	0.6056	-0.0089	+0.0056	-0.0144
condition-2-ur-20k	ur	42	2	belebele	ur	ur	y	y	0.5233	0.5256	0.4844	-0.0389	+0.0022	-0.0411
condition-2-ur-20k	ur	42	2	belebele	zh	en	n	n	0.7589	0.7637	0.7744	+0.0156	+0.0048	+0.0107
condition-2-ur-20k	ur	42	2	belebele	zh	ur	n	y	0.7000	0.7093	0.7467	+0.0467	+0.0093	+0.0374
condition-2-ur-20k	ur	42	2	csqa	en	en	y	n	0.6070	0.6113	0.6080	+0.0010	+0.0043	-0.0033
condition-2-ur-20k	ur	42	2	csqa	en	ur	n	y	0.5790	0.5860	0.6120	+0.0330	+0.0070	+0.0260
condition-2-ur-20k	ur	42	2	csqa	es	en	n	n	0.5170	0.5260	0.5420	+0.0250	+0.0090	+0.0160
condition-2-ur-20k	ur	42	2	csqa	es	ur	n	y	0.4800	0.4830	0.5020	+0.0220	+0.0030	+0.0190
condition-2-ur-20k	ur	42	2	csqa	ur	en	n	n	0.4170	0.4197	0.3430	-0.0740	+0.0027	-0.0767
condition-2-ur-20k	ur	42	2	csqa	ur	ur	y	y	0.3920	0.3920	0.3520	-0.0400	+0.0000	-0.0400
condition-2-ur-20k	ur	42	2	csqa	zh	en	n	n	0.5320	0.5323	0.5270	-0.0050	+0.0003	-0.0053
condition-2-ur-20k	ur	42	2	csqa	zh	ur	n	y	0.4660	0.4663	0.5070	+0.0410	+0.0003	+0.0407
condition-2-ur-20k	ur	42	2	sib200	en	en	y	n	0.7206	0.7092	0.6912	-0.0294	-0.0114	-0.0180
condition-2-ur-20k	ur	42	2	sib200	en	ur	n	y	0.3971	0.4232	0.7157	+0.3186	+0.0261	+0.2925
condition-2-ur-20k	ur	42	2	sib200	es	en	n	n	0.6765	0.6585	0.6520	-0.0245	-0.0180	-0.0065
condition-2-ur-20k	ur	42	2	sib200	es	ur	n	y	0.3088	0.3693	0.6127	+0.3039	+0.0605	+0.2435
condition-2-ur-20k	ur	42	2	sib200	ur	en	n	n	0.6814	0.6667	0.5980	-0.0833	-0.0147	-0.0686
condition-2-ur-20k	ur	42	2	sib200	ur	ur	y	y	0.5294	0.5441	0.3382	-0.1912	+0.0147	-0.2059
condition-2-ur-20k	ur	42	2	sib200	zh	en	n	n	0.6961	0.6716	0.6520	-0.0441	-0.0245	-0.0196
condition-2-ur-20k	ur	42	2	sib200	zh	ur	n	y	0.3971	0.4853	0.6176	+0.2206	+0.0882	+0.1324
condition-2-ur-20k	ur	42	2	xnli	en	en	y	n	0.3786	0.3565	0.3615	-0.0172	-0.0222	+0.0050
condition-2-ur-20k	ur	42	2	xnli	en	ur	n	y	0.2589	0.2512	0.3415	+0.0826	-0.0077	+0.0904
condition-2-ur-20k	ur	42	2	xnli	es	en	n	n	0.3661	0.3547	0.3687	+0.0026	-0.0114	+0.0140
condition-2-ur-20k	ur	42	2	xnli	es	ur	n	y	0.3319	0.3191	0.3812	+0.0493	-0.0128	+0.0621
condition-2-ur-20k	ur	42	2	xnli	ur	en	n	n	0.3357	0.3330	0.3363	+0.0006	-0.0027	+0.0033
condition-2-ur-20k	ur	42	2	xnli	ur	ur	y	y	0.3228	0.3246	0.3910	+0.0683	+0.0019	+0.0664
condition-2-ur-20k	ur	42	2	xnli	zh	en	n	n	0.4649	0.4415	0.4577	-0.0072	-0.0234	+0.0162
condition-2-ur-20k	ur	42	2	xnli	zh	ur	n	y	0.3341	0.3365	0.4501	+0.1160	+0.0023	+0.1136
condition-2-ur-5k	ur	123	1	belebele	en	en	y	n	0.7678	0.7781	0.7889	+0.0211	+0.0104	+0.0107
condition-2-ur-5k	ur	123	1	belebele	en	ur	n	y	0.7411	0.7548	0.8011	+0.0600	+0.0137	+0.0463
condition-2-ur-5k	ur	123	1	belebele	es	en	n	n	0.6911	0.7000	0.7233	+0.0322	+0.0089	+0.0233
condition-2-ur-5k	ur	123	1	belebele	es	ur	n	y	0.6389	0.6422	0.7211	+0.0822	+0.0033	+0.0789
condition-2-ur-5k	ur	123	1	belebele	ur	en	n	n	0.6044	0.6130	0.6322	+0.0278	+0.0085	+0.0193
condition-2-ur-5k	ur	123	1	belebele	ur	ur	y	y	0.5289	0.5367	0.5733	+0.0444	+0.0078	+0.0367
condition-2-ur-5k	ur	123	1	belebele	zh	en	n	n	0.7500	0.7596	0.7722	+0.0222	+0.0096	+0.0126
condition-2-ur-5k	ur	123	1	belebele	zh	ur	n	y	0.7011	0.7144	0.7578	+0.0567	+0.0133	+0.0433
condition-2-ur-5k	ur	123	1	csqa	en	en	y	n	0.6070	0.6120	0.6090	+0.0020	+0.0050	-0.0030
condition-2-ur-5k	ur	123	1	csqa	en	ur	n	y	0.5850	0.5920	0.6070	+0.0220	+0.0070	+0.0150
condition-2-ur-5k	ur	123	1	csqa	es	en	n	n	0.5240	0.5303	0.5370	+0.0130	+0.0063	+0.0067
condition-2-ur-5k	ur	123	1	csqa	es	ur	n	y	0.4730	0.4823	0.4930	+0.0200	+0.0093	+0.0107
condition-2-ur-5k	ur	123	1	csqa	ur	en	n	n	0.4240	0.4237	0.4030	-0.0210	-0.0003	-0.0207
condition-2-ur-5k	ur	123	1	csqa	ur	ur	y	y	0.4040	0.4090	0.3770	-0.0270	+0.0050	-0.0320
condition-2-ur-5k	ur	123	1	csqa	zh	en	n	n	0.5450	0.5527	0.5610	+0.0160	+0.0077	+0.0083
condition-2-ur-5k	ur	123	1	csqa	zh	ur	n	y	0.4810	0.4820	0.4960	+0.0150	+0.0010	+0.0140
condition-2-ur-5k	ur	123	1	sib200	en	en	y	n	0.7549	0.7533	0.7647	+0.0098	-0.0016	+0.0114
condition-2-ur-5k	ur	123	1	sib200	en	ur	n	y	0.4951	0.4804	0.6078	+0.1127	-0.0147	+0.1275
condition-2-ur-5k	ur	123	1	sib200	es	en	n	n	0.7745	0.7582	0.7108	-0.0637	-0.0163	-0.0474
condition-2-ur-5k	ur	123	1	sib200	es	ur	n	y	0.5343	0.4935	0.5931	+0.0588	-0.0408	+0.0997
condition-2-ur-5k	ur	123	1	sib200	ur	en	n	n	0.7255	0.6895	0.6667	-0.0588	-0.0359	-0.0229
condition-2-ur-5k	ur	123	1	sib200	ur	ur	y	y	0.5735	0.5588	0.4412	-0.1324	-0.0147	-0.1176
condition-2-ur-5k	ur	123	1	sib200	zh	en	n	n	0.7892	0.7500	0.7402	-0.0490	-0.0392	-0.0098
condition-2-ur-5k	ur	123	1	sib200	zh	ur	n	y	0.5294	0.5245	0.7059	+0.1765	-0.0049	+0.1814
condition-2-ur-5k	ur	123	1	xnli	en	en	y	n	0.4998	0.5226	0.5054	+0.0056	+0.0228	-0.0172
condition-2-ur-5k	ur	123	1	xnli	en	ur	n	y	0.3816	0.4253	0.3441	-0.0375	+0.0436	-0.0812
condition-2-ur-5k	ur	123	1	xnli	es	en	n	n	0.4525	0.4687	0.4395	-0.0130	+0.0162	-0.0292
condition-2-ur-5k	ur	123	1	xnli	es	ur	n	y	0.3433	0.3516	0.3373	-0.0060	+0.0083	-0.0142
condition-2-ur-5k	ur	123	1	xnli	ur	en	n	n	0.4343	0.4375	0.3904	-0.0439	+0.0032	-0.0471
condition-2-ur-5k	ur	123	1	xnli	ur	ur	y	y	0.3327	0.3336	0.3351	+0.0024	+0.0009	+0.0015
condition-2-ur-5k	ur	123	1	xnli	zh	en	n	n	0.3906	0.4034	0.3988	+0.0082	+0.0128	-0.0046
condition-2-ur-5k	ur	123	1	xnli	zh	ur	n	y	0.3345	0.3373	0.3335	-0.0010	+0.0027	-0.0037
condition-2-ur-5k	ur	123	2	belebele	en	en	y	n	0.7822	0.7870	0.7956	+0.0133	+0.0048	+0.0085
condition-2-ur-5k	ur	123	2	belebele	en	ur	n	y	0.7489	0.7611	0.8111	+0.0622	+0.0122	+0.0500
condition-2-ur-5k	ur	123	2	belebele	es	en	n	n	0.7011	0.7096	0.7356	+0.0344	+0.0085	+0.0259
condition-2-ur-5k	ur	123	2	belebele	es	ur	n	y	0.6389	0.6456	0.7156	+0.0767	+0.0067	+0.0700
condition-2-ur-5k	ur	123	2	belebele	ur	en	n	n	0.6144	0.6200	0.6411	+0.0267	+0.0056	+0.0211
condition-2-ur-5k	ur	123	2	belebele	ur	ur	y	y	0.5233	0.5256	0.5711	+0.0478	+0.0022	+0.0456
condition-2-ur-5k	ur	123	2	belebele	zh	en	n	n	0.7589	0.7637	0.7733	+0.0144	+0.0048	+0.0096
condition-2-ur-5k	ur	123	2	belebele	zh	ur	n	y	0.7000	0.7093	0.7656	+0.0656	+0.0093	+0.0563
condition-2-ur-5k	ur	123	2	csqa	en	en	y	n	0.6070	0.6113	0.6120	+0.0050	+0.0043	+0.0007
condition-2-ur-5k	ur	123	2	csqa	en	ur	n	y	0.5790	0.5860	0.6120	+0.0330	+0.0070	+0.0260
condition-2-ur-5k	ur	123	2	csqa	es	en	n	n	0.5170	0.5260	0.5290	+0.0120	+0.0090	+0.0030
condition-2-ur-5k	ur	123	2	csqa	es	ur	n	y	0.4800	0.4830	0.4970	+0.0170	+0.0030	+0.0140
condition-2-ur-5k	ur	123	2	csqa	ur	en	n	n	0.4170	0.4197	0.3830	-0.0340	+0.0027	-0.0367
condition-2-ur-5k	ur	123	2	csqa	ur	ur	y	y	0.3920	0.3920	0.4070	+0.0150	+0.0000	+0.0150
condition-2-ur-5k	ur	123	2	csqa	zh	en	n	n	0.5320	0.5323	0.5420	+0.0100	+0.0003	+0.0097
condition-2-ur-5k	ur	123	2	csqa	zh	ur	n	y	0.4660	0.4663	0.5030	+0.0370	+0.0003	+0.0367
condition-2-ur-5k	ur	123	2	sib200	en	en	y	n	0.7206	0.7092	0.6863	-0.0343	-0.0114	-0.0229
condition-2-ur-5k	ur	123	2	sib200	en	ur	n	y	0.3971	0.4232	0.7059	+0.3088	+0.0261	+0.2827
condition-2-ur-5k	ur	123	2	sib200	es	en	n	n	0.6765	0.6585	0.6618	-0.0147	-0.0180	+0.0033
condition-2-ur-5k	ur	123	2	sib200	es	ur	n	y	0.3088	0.3693	0.6618	+0.3529	+0.0605	+0.2925
condition-2-ur-5k	ur	123	2	sib200	ur	en	n	n	0.6814	0.6667	0.6765	-0.0049	-0.0147	+0.0098
condition-2-ur-5k	ur	123	2	sib200	ur	ur	y	y	0.5294	0.5441	0.4706	-0.0588	+0.0147	-0.0735
condition-2-ur-5k	ur	123	2	sib200	zh	en	n	n	0.6961	0.6716	0.6765	-0.0196	-0.0245	+0.0049
condition-2-ur-5k	ur	123	2	sib200	zh	ur	n	y	0.3971	0.4853	0.6912	+0.2941	+0.0882	+0.2059
condition-2-ur-5k	ur	123	2	xnli	en	en	y	n	0.3786	0.3565	0.4387	+0.0601	-0.0222	+0.0822
condition-2-ur-5k	ur	123	2	xnli	en	ur	n	y	0.2589	0.2512	0.3860	+0.1271	-0.0077	+0.1349
condition-2-ur-5k	ur	123	2	xnli	es	en	n	n	0.3661	0.3547	0.4389	+0.0729	-0.0114	+0.0842
condition-2-ur-5k	ur	123	2	xnli	es	ur	n	y	0.3319	0.3191	0.4283	+0.0964	-0.0128	+0.1092
condition-2-ur-5k	ur	123	2	xnli	ur	en	n	n	0.3357	0.3330	0.3569	+0.0212	-0.0027	+0.0239
condition-2-ur-5k	ur	123	2	xnli	ur	ur	y	y	0.3228	0.3246	0.3723	+0.0495	+0.0019	+0.0476
condition-2-ur-5k	ur	123	2	xnli	zh	en	n	n	0.4649	0.4415	0.4954	+0.0305	-0.0234	+0.0540
condition-2-ur-5k	ur	123	2	xnli	zh	ur	n	y	0.3341	0.3365	0.4615	+0.1273	+0.0023	+0.1250
condition-2-ur-5k	ur	42	1	belebele	en	en	y	n	0.7678	0.7781	0.7911	+0.0233	+0.0104	+0.0130
condition-2-ur-5k	ur	42	1	belebele	en	ur	n	y	0.7411	0.7548	0.8056	+0.0644	+0.0137	+0.0507
condition-2-ur-5k	ur	42	1	belebele	es	en	n	n	0.6911	0.7000	0.7289	+0.0378	+0.0089	+0.0289
condition-2-ur-5k	ur	42	1	belebele	es	ur	n	y	0.6389	0.6422	0.7244	+0.0856	+0.0033	+0.0822
condition-2-ur-5k	ur	42	1	belebele	ur	en	n	n	0.6044	0.6130	0.6322	+0.0278	+0.0085	+0.0193
condition-2-ur-5k	ur	42	1	belebele	ur	ur	y	y	0.5289	0.5367	0.5789	+0.0500	+0.0078	+0.0422
condition-2-ur-5k	ur	42	1	belebele	zh	en	n	n	0.7500	0.7596	0.7778	+0.0278	+0.0096	+0.0181
condition-2-ur-5k	ur	42	1	belebele	zh	ur	n	y	0.7011	0.7144	0.7589	+0.0578	+0.0133	+0.0444
condition-2-ur-5k	ur	42	1	csqa	en	en	y	n	0.6070	0.6120	0.6100	+0.0030	+0.0050	-0.0020
condition-2-ur-5k	ur	42	1	csqa	en	ur	n	y	0.5850	0.5920	0.5960	+0.0110	+0.0070	+0.0040
condition-2-ur-5k	ur	42	1	csqa	es	en	n	n	0.5240	0.5303	0.5360	+0.0120	+0.0063	+0.0057
condition-2-ur-5k	ur	42	1	csqa	es	ur	n	y	0.4730	0.4823	0.4840	+0.0110	+0.0093	+0.0017
condition-2-ur-5k	ur	42	1	csqa	ur	en	n	n	0.4240	0.4237	0.4100	-0.0140	-0.0003	-0.0137
condition-2-ur-5k	ur	42	1	csqa	ur	ur	y	y	0.4040	0.4090	0.3530	-0.0510	+0.0050	-0.0560
condition-2-ur-5k	ur	42	1	csqa	zh	en	n	n	0.5450	0.5527	0.5600	+0.0150	+0.0077	+0.0073
condition-2-ur-5k	ur	42	1	csqa	zh	ur	n	y	0.4810	0.4820	0.4840	+0.0030	+0.0010	+0.0020
condition-2-ur-5k	ur	42	1	sib200	en	en	y	n	0.7549	0.7533	0.7745	+0.0196	-0.0016	+0.0212
condition-2-ur-5k	ur	42	1	sib200	en	ur	n	y	0.4951	0.4804	0.5245	+0.0294	-0.0147	+0.0441
condition-2-ur-5k	ur	42	1	sib200	es	en	n	n	0.7745	0.7582	0.7059	-0.0686	-0.0163	-0.0523
condition-2-ur-5k	ur	42	1	sib200	es	ur	n	y	0.5343	0.4935	0.4951	-0.0392	-0.0408	+0.0016
condition-2-ur-5k	ur	42	1	sib200	ur	en	n	n	0.7255	0.6895	0.6667	-0.0588	-0.0359	-0.0229
condition-2-ur-5k	ur	42	1	sib200	ur	ur	y	y	0.5735	0.5588	0.3824	-0.1912	-0.0147	-0.1765
condition-2-ur-5k	ur	42	1	sib200	zh	en	n	n	0.7892	0.7500	0.7206	-0.0686	-0.0392	-0.0294
condition-2-ur-5k	ur	42	1	sib200	zh	ur	n	y	0.5294	0.5245	0.6520	+0.1225	-0.0049	+0.1275
condition-2-ur-5k	ur	42	1	xnli	en	en	y	n	0.4998	0.5226	0.5399	+0.0401	+0.0228	+0.0173
condition-2-ur-5k	ur	42	1	xnli	en	ur	n	y	0.3816	0.4253	0.3760	-0.0056	+0.0436	-0.0492
condition-2-ur-5k	ur	42	1	xnli	es	en	n	n	0.4525	0.4687	0.4938	+0.0413	+0.0162	+0.0251
condition-2-ur-5k	ur	42	1	xnli	es	ur	n	y	0.3433	0.3516	0.3583	+0.0150	+0.0083	+0.0067
condition-2-ur-5k	ur	42	1	xnli	ur	en	n	n	0.4343	0.4375	0.4439	+0.0096	+0.0032	+0.0064
condition-2-ur-5k	ur	42	1	xnli	ur	ur	y	y	0.3327	0.3336	0.3363	+0.0036	+0.0009	+0.0027
condition-2-ur-5k	ur	42	1	xnli	zh	en	n	n	0.3906	0.4034	0.4481	+0.0575	+0.0128	+0.0447
condition-2-ur-5k	ur	42	1	xnli	zh	ur	n	y	0.3345	0.3373	0.3353	+0.0008	+0.0027	-0.0019
condition-2-ur-5k	ur	42	2	belebele	en	en	y	n	0.7822	0.7870	0.8000	+0.0178	+0.0048	+0.0130
condition-2-ur-5k	ur	42	2	belebele	en	ur	n	y	0.7489	0.7611	0.8111	+0.0622	+0.0122	+0.0500
condition-2-ur-5k	ur	42	2	belebele	es	en	n	n	0.7011	0.7096	0.7422	+0.0411	+0.0085	+0.0326
condition-2-ur-5k	ur	42	2	belebele	es	ur	n	y	0.6389	0.6456	0.7144	+0.0756	+0.0067	+0.0689
condition-2-ur-5k	ur	42	2	belebele	ur	en	n	n	0.6144	0.6200	0.6422	+0.0278	+0.0056	+0.0222
condition-2-ur-5k	ur	42	2	belebele	ur	ur	y	y	0.5233	0.5256	0.5856	+0.0622	+0.0022	+0.0600
condition-2-ur-5k	ur	42	2	belebele	zh	en	n	n	0.7589	0.7637	0.7800	+0.0211	+0.0048	+0.0163
condition-2-ur-5k	ur	42	2	belebele	zh	ur	n	y	0.7000	0.7093	0.7656	+0.0656	+0.0093	+0.0563
condition-2-ur-5k	ur	42	2	csqa	en	en	y	n	0.6070	0.6113	0.6110	+0.0040	+0.0043	-0.0003
condition-2-ur-5k	ur	42	2	csqa	en	ur	n	y	0.5790	0.5860	0.6020	+0.0230	+0.0070	+0.0160
condition-2-ur-5k	ur	42	2	csqa	es	en	n	n	0.5170	0.5260	0.5260	+0.0090	+0.0090	+0.0000
condition-2-ur-5k	ur	42	2	csqa	es	ur	n	y	0.4800	0.4830	0.4910	+0.0110	+0.0030	+0.0080
condition-2-ur-5k	ur	42	2	csqa	ur	en	n	n	0.4170	0.4197	0.3880	-0.0290	+0.0027	-0.0317
condition-2-ur-5k	ur	42	2	csqa	ur	ur	y	y	0.3920	0.3920	0.3690	-0.0230	+0.0000	-0.0230
condition-2-ur-5k	ur	42	2	csqa	zh	en	n	n	0.5320	0.5323	0.5480	+0.0160	+0.0003	+0.0157
condition-2-ur-5k	ur	42	2	csqa	zh	ur	n	y	0.4660	0.4663	0.4940	+0.0280	+0.0003	+0.0277
condition-2-ur-5k	ur	42	2	sib200	en	en	y	n	0.7206	0.7092	0.6912	-0.0294	-0.0114	-0.0180
condition-2-ur-5k	ur	42	2	sib200	en	ur	n	y	0.3971	0.4232	0.6863	+0.2892	+0.0261	+0.2631
condition-2-ur-5k	ur	42	2	sib200	es	en	n	n	0.6765	0.6585	0.6569	-0.0196	-0.0180	-0.0016
condition-2-ur-5k	ur	42	2	sib200	es	ur	n	y	0.3088	0.3693	0.6520	+0.3431	+0.0605	+0.2827
condition-2-ur-5k	ur	42	2	sib200	ur	en	n	n	0.6814	0.6667	0.6520	-0.0294	-0.0147	-0.0147
condition-2-ur-5k	ur	42	2	sib200	ur	ur	y	y	0.5294	0.5441	0.4608	-0.0686	+0.0147	-0.0833
condition-2-ur-5k	ur	42	2	sib200	zh	en	n	n	0.6961	0.6716	0.6814	-0.0147	-0.0245	+0.0098
condition-2-ur-5k	ur	42	2	sib200	zh	ur	n	y	0.3971	0.4853	0.6667	+0.2696	+0.0882	+0.1814
condition-2-ur-5k	ur	42	2	xnli	en	en	y	n	0.3786	0.3565	0.3986	+0.0200	-0.0222	+0.0421
condition-2-ur-5k	ur	42	2	xnli	en	ur	n	y	0.2589	0.2512	0.3459	+0.0870	-0.0077	+0.0947
condition-2-ur-5k	ur	42	2	xnli	es	en	n	n	0.3661	0.3547	0.3972	+0.0311	-0.0114	+0.0425
condition-2-ur-5k	ur	42	2	xnli	es	ur	n	y	0.3319	0.3191	0.3491	+0.0172	-0.0128	+0.0300
condition-2-ur-5k	ur	42	2	xnli	ur	en	n	n	0.3357	0.3330	0.3383	+0.0026	-0.0027	+0.0053
condition-2-ur-5k	ur	42	2	xnli	ur	ur	y	y	0.3228	0.3246	0.3816	+0.0589	+0.0019	+0.0570
condition-2-ur-5k	ur	42	2	xnli	zh	en	n	n	0.4649	0.4415	0.4749	+0.0100	-0.0234	+0.0334
condition-2-ur-5k	ur	42	2	xnli	zh	ur	n	y	0.3341	0.3365	0.4226	+0.0884	+0.0023	+0.0861
condition-2-ur-5k	ur	456	1	belebele	en	en	y	n	0.7678	0.7781	0.7922	+0.0244	+0.0104	+0.0141
condition-2-ur-5k	ur	456	1	belebele	en	ur	n	y	0.7411	0.7548	0.7989	+0.0578	+0.0137	+0.0441
condition-2-ur-5k	ur	456	1	belebele	es	en	n	n	0.6911	0.7000	0.7200	+0.0289	+0.0089	+0.0200
condition-2-ur-5k	ur	456	1	belebele	es	ur	n	y	0.6389	0.6422	0.7056	+0.0667	+0.0033	+0.0633
condition-2-ur-5k	ur	456	1	belebele	ur	en	n	n	0.6044	0.6130	0.6222	+0.0178	+0.0085	+0.0093
condition-2-ur-5k	ur	456	1	belebele	ur	ur	y	y	0.5289	0.5367	0.5378	+0.0089	+0.0078	+0.0011
condition-2-ur-5k	ur	456	1	belebele	zh	en	n	n	0.7500	0.7596	0.7722	+0.0222	+0.0096	+0.0126
condition-2-ur-5k	ur	456	1	belebele	zh	ur	n	y	0.7011	0.7144	0.7633	+0.0622	+0.0133	+0.0489
condition-2-ur-5k	ur	456	1	csqa	en	en	y	n	0.6070	0.6120	0.6120	+0.0050	+0.0050	+0.0000
condition-2-ur-5k	ur	456	1	csqa	en	ur	n	y	0.5850	0.5920	0.5900	+0.0050	+0.0070	-0.0020
condition-2-ur-5k	ur	456	1	csqa	es	en	n	n	0.5240	0.5303	0.5450	+0.0210	+0.0063	+0.0147
condition-2-ur-5k	ur	456	1	csqa	es	ur	n	y	0.4730	0.4823	0.4900	+0.0170	+0.0093	+0.0077
condition-2-ur-5k	ur	456	1	csqa	ur	en	n	n	0.4240	0.4237	0.3960	-0.0280	-0.0003	-0.0277
condition-2-ur-5k	ur	456	1	csqa	ur	ur	y	y	0.4040	0.4090	0.3690	-0.0350	+0.0050	-0.0400
condition-2-ur-5k	ur	456	1	csqa	zh	en	n	n	0.5450	0.5527	0.5610	+0.0160	+0.0077	+0.0083
condition-2-ur-5k	ur	456	1	csqa	zh	ur	n	y	0.4810	0.4820	0.4850	+0.0040	+0.0010	+0.0030
condition-2-ur-5k	ur	456	1	sib200	en	en	y	n	0.7549	0.7533	0.7794	+0.0245	-0.0016	+0.0261
condition-2-ur-5k	ur	456	1	sib200	en	ur	n	y	0.4951	0.4804	0.5833	+0.0882	-0.0147	+0.1029
condition-2-ur-5k	ur	456	1	sib200	es	en	n	n	0.7745	0.7582	0.7402	-0.0343	-0.0163	-0.0180
condition-2-ur-5k	ur	456	1	sib200	es	ur	n	y	0.5343	0.4935	0.5294	-0.0049	-0.0408	+0.0359
condition-2-ur-5k	ur	456	1	sib200	ur	en	n	n	0.7255	0.6895	0.6961	-0.0294	-0.0359	+0.0065
condition-2-ur-5k	ur	456	1	sib200	ur	ur	y	y	0.5735	0.5588	0.4461	-0.1275	-0.0147	-0.1127
condition-2-ur-5k	ur	456	1	sib200	zh	en	n	n	0.7892	0.7500	0.7451	-0.0441	-0.0392	-0.0049
condition-2-ur-5k	ur	456	1	sib200	zh	ur	n	y	0.5294	0.5245	0.6765	+0.1471	-0.0049	+0.1520
condition-2-ur-5k	ur	456	1	xnli	en	en	y	n	0.4998	0.5226	0.5383	+0.0385	+0.0228	+0.0157
condition-2-ur-5k	ur	456	1	xnli	en	ur	n	y	0.3816	0.4253	0.3451	-0.0365	+0.0436	-0.0802
condition-2-ur-5k	ur	456	1	xnli	es	en	n	n	0.4525	0.4687	0.4878	+0.0353	+0.0162	+0.0191
condition-2-ur-5k	ur	456	1	xnli	es	ur	n	y	0.3433	0.3516	0.3399	-0.0034	+0.0083	-0.0116
condition-2-ur-5k	ur	456	1	xnli	ur	en	n	n	0.4343	0.4375	0.4315	-0.0028	+0.0032	-0.0060
condition-2-ur-5k	ur	456	1	xnli	ur	ur	y	y	0.3327	0.3336	0.3381	+0.0054	+0.0009	+0.0045
condition-2-ur-5k	ur	456	1	xnli	zh	en	n	n	0.3906	0.4034	0.4485	+0.0579	+0.0128	+0.0451
condition-2-ur-5k	ur	456	1	xnli	zh	ur	n	y	0.3345	0.3373	0.3341	-0.0004	+0.0027	-0.0031
condition-2-ur-5k	ur	456	2	belebele	en	en	y	n	0.7822	0.7870	0.7900	+0.0078	+0.0048	+0.0030
condition-2-ur-5k	ur	456	2	belebele	en	ur	n	y	0.7489	0.7611	0.8067	+0.0578	+0.0122	+0.0456
condition-2-ur-5k	ur	456	2	belebele	es	en	n	n	0.7011	0.7096	0.7400	+0.0389	+0.0085	+0.0304
condition-2-ur-5k	ur	456	2	belebele	es	ur	n	y	0.6389	0.6456	0.6933	+0.0544	+0.0067	+0.0478
condition-2-ur-5k	ur	456	2	belebele	ur	en	n	n	0.6144	0.6200	0.6311	+0.0167	+0.0056	+0.0111
condition-2-ur-5k	ur	456	2	belebele	ur	ur	y	y	0.5233	0.5256	0.5544	+0.0311	+0.0022	+0.0289
condition-2-ur-5k	ur	456	2	belebele	zh	en	n	n	0.7589	0.7637	0.7778	+0.0189	+0.0048	+0.0141
condition-2-ur-5k	ur	456	2	belebele	zh	ur	n	y	0.7000	0.7093	0.7611	+0.0611	+0.0093	+0.0519
condition-2-ur-5k	ur	456	2	csqa	en	en	y	n	0.6070	0.6113	0.6160	+0.0090	+0.0043	+0.0047
condition-2-ur-5k	ur	456	2	csqa	en	ur	n	y	0.5790	0.5860	0.6100	+0.0310	+0.0070	+0.0240
condition-2-ur-5k	ur	456	2	csqa	es	en	n	n	0.5170	0.5260	0.5390	+0.0220	+0.0090	+0.0130
condition-2-ur-5k	ur	456	2	csqa	es	ur	n	y	0.4800	0.4830	0.5030	+0.0230	+0.0030	+0.0200
condition-2-ur-5k	ur	456	2	csqa	ur	en	n	n	0.4170	0.4197	0.3900	-0.0270	+0.0027	-0.0297
condition-2-ur-5k	ur	456	2	csqa	ur	ur	y	y	0.3920	0.3920	0.3770	-0.0150	+0.0000	-0.0150
condition-2-ur-5k	ur	456	2	csqa	zh	en	n	n	0.5320	0.5323	0.5390	+0.0070	+0.0003	+0.0067
condition-2-ur-5k	ur	456	2	csqa	zh	ur	n	y	0.4660	0.4663	0.5020	+0.0360	+0.0003	+0.0357
condition-2-ur-5k	ur	456	2	sib200	en	en	y	n	0.7206	0.7092	0.6961	-0.0245	-0.0114	-0.0131
condition-2-ur-5k	ur	456	2	sib200	en	ur	n	y	0.3971	0.4232	0.6765	+0.2794	+0.0261	+0.2533
condition-2-ur-5k	ur	456	2	sib200	es	en	n	n	0.6765	0.6585	0.6618	-0.0147	-0.0180	+0.0033
condition-2-ur-5k	ur	456	2	sib200	es	ur	n	y	0.3088	0.3693	0.6373	+0.3284	+0.0605	+0.2680
condition-2-ur-5k	ur	456	2	sib200	ur	en	n	n	0.6814	0.6667	0.6667	-0.0147	-0.0147	+0.0000
condition-2-ur-5k	ur	456	2	sib200	ur	ur	y	y	0.5294	0.5441	0.5686	+0.0392	+0.0147	+0.0245
condition-2-ur-5k	ur	456	2	sib200	zh	en	n	n	0.6961	0.6716	0.6863	-0.0098	-0.0245	+0.0147
condition-2-ur-5k	ur	456	2	sib200	zh	ur	n	y	0.3971	0.4853	0.6716	+0.2745	+0.0882	+0.1863
condition-2-ur-5k	ur	456	2	xnli	en	en	y	n	0.3786	0.3565	0.3786	+0.0000	-0.0222	+0.0222
condition-2-ur-5k	ur	456	2	xnli	en	ur	n	y	0.2589	0.2512	0.3525	+0.0936	-0.0077	+0.1013
condition-2-ur-5k	ur	456	2	xnli	es	en	n	n	0.3661	0.3547	0.3848	+0.0188	-0.0114	+0.0301
condition-2-ur-5k	ur	456	2	xnli	es	ur	n	y	0.3319	0.3191	0.3657	+0.0337	-0.0128	+0.0466
condition-2-ur-5k	ur	456	2	xnli	ur	en	n	n	0.3357	0.3330	0.3399	+0.0042	-0.0027	+0.0069
condition-2-ur-5k	ur	456	2	xnli	ur	ur	y	y	0.3228	0.3246	0.3435	+0.0208	+0.0019	+0.0189
condition-2-ur-5k	ur	456	2	xnli	zh	en	n	n	0.4649	0.4415	0.4405	-0.0244	-0.0234	-0.0009
condition-2-ur-5k	ur	456	2	xnli	zh	ur	n	y	0.3341	0.3365	0.4385	+0.1044	+0.0023	+0.1021
condition-2-zh-20k	zh	42	1	belebele	en	en	y	n	0.7678	0.7781	0.7889	+0.0211	+0.0104	+0.0107
condition-2-zh-20k	zh	42	1	belebele	en	zh	n	y	0.7889	0.7885	0.7978	+0.0089	-0.0004	+0.0093
condition-2-zh-20k	zh	42	1	belebele	es	en	n	n	0.6911	0.7000	0.6978	+0.0067	+0.0089	-0.0022
condition-2-zh-20k	zh	42	1	belebele	es	zh	n	y	0.6956	0.6937	0.7144	+0.0189	-0.0019	+0.0207
condition-2-zh-20k	zh	42	1	belebele	ur	en	n	n	0.6044	0.6130	0.6156	+0.0111	+0.0085	+0.0026
condition-2-zh-20k	zh	42	1	belebele	ur	zh	n	y	0.5922	0.5996	0.6278	+0.0356	+0.0074	+0.0281
condition-2-zh-20k	zh	42	1	belebele	zh	en	n	n	0.7500	0.7596	0.7700	+0.0200	+0.0096	+0.0104
condition-2-zh-20k	zh	42	1	belebele	zh	zh	y	y	0.7756	0.7752	0.7722	-0.0033	-0.0004	-0.0030
condition-2-zh-20k	zh	42	1	csqa	en	en	y	n	0.6070	0.6120	0.6160	+0.0090	+0.0050	+0.0040
condition-2-zh-20k	zh	42	1	csqa	en	zh	n	y	0.6410	0.6447	0.6460	+0.0050	+0.0037	+0.0013
condition-2-zh-20k	zh	42	1	csqa	es	en	n	n	0.5240	0.5303	0.5290	+0.0050	+0.0063	-0.0013
condition-2-zh-20k	zh	42	1	csqa	es	zh	n	y	0.5470	0.5480	0.5710	+0.0240	+0.0010	+0.0230
condition-2-zh-20k	zh	42	1	csqa	ur	en	n	n	0.4240	0.4237	0.4250	+0.0010	-0.0003	+0.0013
condition-2-zh-20k	zh	42	1	csqa	ur	zh	n	y	0.3760	0.3867	0.4360	+0.0600	+0.0107	+0.0493
condition-2-zh-20k	zh	42	1	csqa	zh	en	n	n	0.5450	0.5527	0.5520	+0.0070	+0.0077	-0.0007
condition-2-zh-20k	zh	42	1	csqa	zh	zh	y	y	0.5340	0.5267	0.5410	+0.0070	-0.0073	+0.0143
condition-2-zh-20k	zh	42	1	sib200	en	en	y	n	0.7549	0.7533	0.7451	-0.0098	-0.0016	-0.0082
condition-2-zh-20k	zh	42	1	sib200	en	zh	n	y	0.7157	0.7059	0.6667	-0.0490	-0.0098	-0.0392
condition-2-zh-20k	zh	42	1	sib200	es	en	n	n	0.7745	0.7582	0.7549	-0.0196	-0.0163	-0.0033
condition-2-zh-20k	zh	42	1	sib200	es	zh	n	y	0.6373	0.6324	0.6520	+0.0147	-0.0049	+0.0196
condition-2-zh-20k	zh	42	1	sib200	ur	en	n	n	0.7255	0.6895	0.6863	-0.0392	-0.0359	-0.0033
condition-2-zh-20k	zh	42	1	sib200	ur	zh	n	y	0.5735	0.5539	0.5931	+0.0196	-0.0196	+0.0392
condition-2-zh-20k	zh	42	1	sib200	zh	en	n	n	0.7892	0.7500	0.7598	-0.0294	-0.0392	+0.0098
condition-2-zh-20k	zh	42	1	sib200	zh	zh	y	y	0.6667	0.6650	0.6471	-0.0196	-0.0016	-0.0180
condition-2-zh-20k	zh	42	1	xnli	en	en	y	n	0.4998	0.5226	0.5301	+0.0303	+0.0228	+0.0075
condition-2-zh-20k	zh	42	1	xnli	en	zh	n	y	0.3333	0.3340	0.3333	+0.0000	+0.0007	-0.0007
condition-2-zh-20k	zh	42	1	xnli	es	en	n	n	0.4525	0.4687	0.4754	+0.0230	+0.0162	+0.0067
condition-2-zh-20k	zh	42	1	xnli	es	zh	n	y	0.3337	0.3343	0.3333	-0.0004	+0.0005	-0.0009
condition-2-zh-20k	zh	42	1	xnli	ur	en	n	n	0.4343	0.4375	0.4565	+0.0222	+0.0032	+0.0190
condition-2-zh-20k	zh	42	1	xnli	ur	zh	n	y	0.3311	0.3331	0.3335	+0.0024	+0.0020	+0.0004
condition-2-zh-20k	zh	42	1	xnli	zh	en	n	n	0.3906	0.4034	0.4126	+0.0220	+0.0128	+0.0092
condition-2-zh-20k	zh	42	1	xnli	zh	zh	y	y	0.3329	0.3349	0.3331	+0.0002	+0.0020	-0.0018
condition-2-zh-20k	zh	42	2	belebele	en	en	y	n	0.7822	0.7870	0.7933	+0.0111	+0.0048	+0.0063
condition-2-zh-20k	zh	42	2	belebele	en	zh	n	y	0.8000	0.8015	0.8022	+0.0022	+0.0015	+0.0007
condition-2-zh-20k	zh	42	2	belebele	es	en	n	n	0.7011	0.7096	0.7233	+0.0222	+0.0085	+0.0137
condition-2-zh-20k	zh	42	2	belebele	es	zh	n	y	0.7167	0.7193	0.7200	+0.0033	+0.0026	+0.0007
condition-2-zh-20k	zh	42	2	belebele	ur	en	n	n	0.6144	0.6200	0.6256	+0.0111	+0.0056	+0.0056
condition-2-zh-20k	zh	42	2	belebele	ur	zh	n	y	0.6067	0.6030	0.6267	+0.0200	-0.0037	+0.0237
condition-2-zh-20k	zh	42	2	belebele	zh	en	n	n	0.7589	0.7637	0.7767	+0.0178	+0.0048	+0.0130
condition-2-zh-20k	zh	42	2	belebele	zh	zh	y	y	0.7611	0.7578	0.7767	+0.0156	-0.0033	+0.0189
condition-2-zh-20k	zh	42	2	csqa	en	en	y	n	0.6070	0.6113	0.6070	+0.0000	+0.0043	-0.0043
condition-2-zh-20k	zh	42	2	csqa	en	zh	n	y	0.6310	0.6363	0.6330	+0.0020	+0.0053	-0.0033
condition-2-zh-20k	zh	42	2	csqa	es	en	n	n	0.5170	0.5260	0.5280	+0.0110	+0.0090	+0.0020
condition-2-zh-20k	zh	42	2	csqa	es	zh	n	y	0.5300	0.5293	0.5500	+0.0200	-0.0007	+0.0207
condition-2-zh-20k	zh	42	2	csqa	ur	en	n	n	0.4170	0.4197	0.4230	+0.0060	+0.0027	+0.0033
condition-2-zh-20k	zh	42	2	csqa	ur	zh	n	y	0.4020	0.4030	0.4130	+0.0110	+0.0010	+0.0100
condition-2-zh-20k	zh	42	2	csqa	zh	en	n	n	0.5320	0.5323	0.5380	+0.0060	+0.0003	+0.0057
condition-2-zh-20k	zh	42	2	csqa	zh	zh	y	y	0.5320	0.5343	0.5400	+0.0080	+0.0023	+0.0057
condition-2-zh-20k	zh	42	2	sib200	en	en	y	n	0.7206	0.7092	0.7108	-0.0098	-0.0114	+0.0016
condition-2-zh-20k	zh	42	2	sib200	en	zh	n	y	0.6520	0.6503	0.6520	+0.0000	-0.0016	+0.0016
condition-2-zh-20k	zh	42	2	sib200	es	en	n	n	0.6765	0.6585	0.6569	-0.0196	-0.0180	-0.0016
condition-2-zh-20k	zh	42	2	sib200	es	zh	n	y	0.5931	0.5752	0.6176	+0.0245	-0.0180	+0.0425
condition-2-zh-20k	zh	42	2	sib200	ur	en	n	n	0.6814	0.6667	0.6618	-0.0196	-0.0147	-0.0049
condition-2-zh-20k	zh	42	2	sib200	ur	zh	n	y	0.5343	0.5294	0.5931	+0.0588	-0.0049	+0.0637
condition-2-zh-20k	zh	42	2	sib200	zh	en	n	n	0.6961	0.6716	0.6520	-0.0441	-0.0245	-0.0196
condition-2-zh-20k	zh	42	2	sib200	zh	zh	y	y	0.6225	0.6242	0.6471	+0.0245	+0.0016	+0.0229
condition-2-zh-20k	zh	42	2	xnli	en	en	y	n	0.3786	0.3565	0.3573	-0.0214	-0.0222	+0.0008
condition-2-zh-20k	zh	42	2	xnli	en	zh	n	y	0.3337	0.3840	0.3417	+0.0080	+0.0502	-0.0422
condition-2-zh-20k	zh	42	2	xnli	es	en	n	n	0.3661	0.3547	0.3591	-0.0070	-0.0114	+0.0044
condition-2-zh-20k	zh	42	2	xnli	es	zh	n	y	0.2369	0.3463	0.3363	+0.0994	+0.1094	-0.0100
condition-2-zh-20k	zh	42	2	xnli	ur	en	n	n	0.3357	0.3330	0.3337	-0.0020	-0.0027	+0.0007
condition-2-zh-20k	zh	42	2	xnli	ur	zh	n	y	0.2078	0.2758	0.3277	+0.1200	+0.0681	+0.0519
condition-2-zh-20k	zh	42	2	xnli	zh	en	n	n	0.4649	0.4415	0.4407	-0.0242	-0.0234	-0.0007
condition-2-zh-20k	zh	42	2	xnli	zh	zh	y	y	0.2491	0.2910	0.3737	+0.1246	+0.0418	+0.0827
condition-2-zh-5k	zh	123	1	belebele	en	en	y	n	0.7678	0.7781	0.7800	+0.0122	+0.0104	+0.0019
condition-2-zh-5k	zh	123	1	belebele	en	zh	n	y	0.7889	0.7885	0.7989	+0.0100	-0.0004	+0.0104
condition-2-zh-5k	zh	123	1	belebele	es	en	n	n	0.6911	0.7000	0.7044	+0.0133	+0.0089	+0.0044
condition-2-zh-5k	zh	123	1	belebele	es	zh	n	y	0.6956	0.6937	0.7344	+0.0389	-0.0019	+0.0407
condition-2-zh-5k	zh	123	1	belebele	ur	en	n	n	0.6044	0.6130	0.6233	+0.0189	+0.0085	+0.0104
condition-2-zh-5k	zh	123	1	belebele	ur	zh	n	y	0.5922	0.5996	0.6222	+0.0300	+0.0074	+0.0226
condition-2-zh-5k	zh	123	1	belebele	zh	en	n	n	0.7500	0.7596	0.7656	+0.0156	+0.0096	+0.0059
condition-2-zh-5k	zh	123	1	belebele	zh	zh	y	y	0.7756	0.7752	0.7811	+0.0056	-0.0004	+0.0059
condition-2-zh-5k	zh	123	1	csqa	en	en	y	n	0.6070	0.6120	0.6000	-0.0070	+0.0050	-0.0120
condition-2-zh-5k	zh	123	1	csqa	en	zh	n	y	0.6410	0.6447	0.6400	-0.0010	+0.0037	-0.0047
condition-2-zh-5k	zh	123	1	csqa	es	en	n	n	0.5240	0.5303	0.5140	-0.0100	+0.0063	-0.0163
condition-2-zh-5k	zh	123	1	csqa	es	zh	n	y	0.5470	0.5480	0.5670	+0.0200	+0.0010	+0.0190
condition-2-zh-5k	zh	123	1	csqa	ur	en	n	n	0.4240	0.4237	0.4230	-0.0010	-0.0003	-0.0007
condition-2-zh-5k	zh	123	1	csqa	ur	zh	n	y	0.3760	0.3867	0.4270	+0.0510	+0.0107	+0.0403
condition-2-zh-5k	zh	123	1	csqa	zh	en	n	n	0.5450	0.5527	0.5410	-0.0040	+0.0077	-0.0117
condition-2-zh-5k	zh	123	1	csqa	zh	zh	y	y	0.5340	0.5267	0.5530	+0.0190	-0.0073	+0.0263
condition-2-zh-5k	zh	123	1	sib200	en	en	y	n	0.7549	0.7533	0.7549	+0.0000	-0.0016	+0.0016
condition-2-zh-5k	zh	123	1	sib200	en	zh	n	y	0.7157	0.7059	0.7206	+0.0049	-0.0098	+0.0147
condition-2-zh-5k	zh	123	1	sib200	es	en	n	n	0.7745	0.7582	0.7745	+0.0000	-0.0163	+0.0163
condition-2-zh-5k	zh	123	1	sib200	es	zh	n	y	0.6373	0.6324	0.6961	+0.0588	-0.0049	+0.0637
condition-2-zh-5k	zh	123	1	sib200	ur	en	n	n	0.7255	0.6895	0.7255	+0.0000	-0.0359	+0.0359
condition-2-zh-5k	zh	123	1	sib200	ur	zh	n	y	0.5735	0.5539	0.6716	+0.0980	-0.0196	+0.1176
condition-2-zh-5k	zh	123	1	sib200	zh	en	n	n	0.7892	0.7500	0.7647	-0.0245	-0.0392	+0.0147
condition-2-zh-5k	zh	123	1	sib200	zh	zh	y	y	0.6667	0.6650	0.7010	+0.0343	-0.0016	+0.0359
condition-2-zh-5k	zh	123	1	xnli	en	en	y	n	0.4998	0.5226	0.4950	-0.0048	+0.0228	-0.0276
condition-2-zh-5k	zh	123	1	xnli	en	zh	n	y	0.3333	0.3340	0.3327	-0.0006	+0.0007	-0.0013
condition-2-zh-5k	zh	123	1	xnli	es	en	n	n	0.4525	0.4687	0.4335	-0.0190	+0.0162	-0.0352
condition-2-zh-5k	zh	123	1	xnli	es	zh	n	y	0.3337	0.3343	0.3331	-0.0006	+0.0005	-0.0011
condition-2-zh-5k	zh	123	1	xnli	ur	en	n	n	0.4343	0.4375	0.4389	+0.0046	+0.0032	+0.0014
condition-2-zh-5k	zh	123	1	xnli	ur	zh	n	y	0.3311	0.3331	0.3319	+0.0008	+0.0020	-0.0012
condition-2-zh-5k	zh	123	1	xnli	zh	en	n	n	0.3906	0.4034	0.3946	+0.0040	+0.0128	-0.0088
condition-2-zh-5k	zh	123	1	xnli	zh	zh	y	y	0.3329	0.3349	0.3323	-0.0006	+0.0020	-0.0026
condition-2-zh-5k	zh	123	2	belebele	en	en	y	n	0.7822	0.7870	0.7867	+0.0044	+0.0048	-0.0004
condition-2-zh-5k	zh	123	2	belebele	en	zh	n	y	0.8000	0.8015	0.8122	+0.0122	+0.0015	+0.0107
condition-2-zh-5k	zh	123	2	belebele	es	en	n	n	0.7011	0.7096	0.7189	+0.0178	+0.0085	+0.0093
condition-2-zh-5k	zh	123	2	belebele	es	zh	n	y	0.7167	0.7193	0.7433	+0.0267	+0.0026	+0.0241
condition-2-zh-5k	zh	123	2	belebele	ur	en	n	n	0.6144	0.6200	0.6278	+0.0133	+0.0056	+0.0078
condition-2-zh-5k	zh	123	2	belebele	ur	zh	n	y	0.6067	0.6030	0.6378	+0.0311	-0.0037	+0.0348
condition-2-zh-5k	zh	123	2	belebele	zh	en	n	n	0.7589	0.7637	0.7756	+0.0167	+0.0048	+0.0119
condition-2-zh-5k	zh	123	2	belebele	zh	zh	y	y	0.7611	0.7578	0.7844	+0.0233	-0.0033	+0.0267
condition-2-zh-5k	zh	123	2	csqa	en	en	y	n	0.6070	0.6113	0.6060	-0.0010	+0.0043	-0.0053
condition-2-zh-5k	zh	123	2	csqa	en	zh	n	y	0.6310	0.6363	0.6280	-0.0030	+0.0053	-0.0083
condition-2-zh-5k	zh	123	2	csqa	es	en	n	n	0.5170	0.5260	0.5250	+0.0080	+0.0090	-0.0010
condition-2-zh-5k	zh	123	2	csqa	es	zh	n	y	0.5300	0.5293	0.5380	+0.0080	-0.0007	+0.0087
condition-2-zh-5k	zh	123	2	csqa	ur	en	n	n	0.4170	0.4197	0.4170	+0.0000	+0.0027	-0.0027
condition-2-zh-5k	zh	123	2	csqa	ur	zh	n	y	0.4020	0.4030	0.3940	-0.0080	+0.0010	-0.0090
condition-2-zh-5k	zh	123	2	csqa	zh	en	n	n	0.5320	0.5323	0.5200	-0.0120	+0.0003	-0.0123
condition-2-zh-5k	zh	123	2	csqa	zh	zh	y	y	0.5320	0.5343	0.5400	+0.0080	+0.0023	+0.0057
condition-2-zh-5k	zh	123	2	sib200	en	en	y	n	0.7206	0.7092	0.6716	-0.0490	-0.0114	-0.0376
condition-2-zh-5k	zh	123	2	sib200	en	zh	n	y	0.6520	0.6503	0.6716	+0.0196	-0.0016	+0.0212
condition-2-zh-5k	zh	123	2	sib200	es	en	n	n	0.6765	0.6585	0.6373	-0.0392	-0.0180	-0.0212
condition-2-zh-5k	zh	123	2	sib200	es	zh	n	y	0.5931	0.5752	0.6324	+0.0392	-0.0180	+0.0572
condition-2-zh-5k	zh	123	2	sib200	ur	en	n	n	0.6814	0.6667	0.6618	-0.0196	-0.0147	-0.0049
condition-2-zh-5k	zh	123	2	sib200	ur	zh	n	y	0.5343	0.5294	0.6127	+0.0784	-0.0049	+0.0833
condition-2-zh-5k	zh	123	2	sib200	zh	en	n	n	0.6961	0.6716	0.6569	-0.0392	-0.0245	-0.0147
condition-2-zh-5k	zh	123	2	sib200	zh	zh	y	y	0.6225	0.6242	0.6471	+0.0245	+0.0016	+0.0229
condition-2-zh-5k	zh	123	2	xnli	en	en	y	n	0.3786	0.3565	0.3928	+0.0142	-0.0222	+0.0363
condition-2-zh-5k	zh	123	2	xnli	en	zh	n	y	0.3337	0.3840	0.3347	+0.0010	+0.0502	-0.0492
condition-2-zh-5k	zh	123	2	xnli	es	en	n	n	0.3661	0.3547	0.3984	+0.0323	-0.0114	+0.0437
condition-2-zh-5k	zh	123	2	xnli	es	zh	n	y	0.2369	0.3463	0.3333	+0.0964	+0.1094	-0.0130
condition-2-zh-5k	zh	123	2	xnli	ur	en	n	n	0.3357	0.3330	0.3351	-0.0006	-0.0027	+0.0021
condition-2-zh-5k	zh	123	2	xnli	ur	zh	n	y	0.2078	0.2758	0.3132	+0.1054	+0.0681	+0.0373
condition-2-zh-5k	zh	123	2	xnli	zh	en	n	n	0.4649	0.4415	0.4774	+0.0126	-0.0234	+0.0360
condition-2-zh-5k	zh	123	2	xnli	zh	zh	y	y	0.2491	0.2910	0.3705	+0.1214	+0.0418	+0.0795
condition-2-zh-5k	zh	42	1	belebele	en	en	y	n	0.7678	0.7781	0.7767	+0.0089	+0.0104	-0.0015
condition-2-zh-5k	zh	42	1	belebele	en	zh	n	y	0.7889	0.7885	0.7967	+0.0078	-0.0004	+0.0081
condition-2-zh-5k	zh	42	1	belebele	es	en	n	n	0.6911	0.7000	0.7056	+0.0144	+0.0089	+0.0056
condition-2-zh-5k	zh	42	1	belebele	es	zh	n	y	0.6956	0.6937	0.7322	+0.0367	-0.0019	+0.0385
condition-2-zh-5k	zh	42	1	belebele	ur	en	n	n	0.6044	0.6130	0.6133	+0.0089	+0.0085	+0.0004
condition-2-zh-5k	zh	42	1	belebele	ur	zh	n	y	0.5922	0.5996	0.6211	+0.0289	+0.0074	+0.0215
condition-2-zh-5k	zh	42	1	belebele	zh	en	n	n	0.7500	0.7596	0.7622	+0.0122	+0.0096	+0.0026
condition-2-zh-5k	zh	42	1	belebele	zh	zh	y	y	0.7756	0.7752	0.7811	+0.0056	-0.0004	+0.0059
condition-2-zh-5k	zh	42	1	csqa	en	en	y	n	0.6070	0.6120	0.6060	-0.0010	+0.0050	-0.0060
condition-2-zh-5k	zh	42	1	csqa	en	zh	n	y	0.6410	0.6447	0.6420	+0.0010	+0.0037	-0.0027
condition-2-zh-5k	zh	42	1	csqa	es	en	n	n	0.5240	0.5303	0.5300	+0.0060	+0.0063	-0.0003
condition-2-zh-5k	zh	42	1	csqa	es	zh	n	y	0.5470	0.5480	0.5640	+0.0170	+0.0010	+0.0160
condition-2-zh-5k	zh	42	1	csqa	ur	en	n	n	0.4240	0.4237	0.4200	-0.0040	-0.0003	-0.0037
condition-2-zh-5k	zh	42	1	csqa	ur	zh	n	y	0.3760	0.3867	0.4280	+0.0520	+0.0107	+0.0413
condition-2-zh-5k	zh	42	1	csqa	zh	en	n	n	0.5450	0.5527	0.5450	+0.0000	+0.0077	-0.0077
condition-2-zh-5k	zh	42	1	csqa	zh	zh	y	y	0.5340	0.5267	0.5480	+0.0140	-0.0073	+0.0213
condition-2-zh-5k	zh	42	1	sib200	en	en	y	n	0.7549	0.7533	0.7647	+0.0098	-0.0016	+0.0114
condition-2-zh-5k	zh	42	1	sib200	en	zh	n	y	0.7157	0.7059	0.6863	-0.0294	-0.0098	-0.0196
condition-2-zh-5k	zh	42	1	sib200	es	en	n	n	0.7745	0.7582	0.7598	-0.0147	-0.0163	+0.0016
condition-2-zh-5k	zh	42	1	sib200	es	zh	n	y	0.6373	0.6324	0.6618	+0.0245	-0.0049	+0.0294
condition-2-zh-5k	zh	42	1	sib200	ur	en	n	n	0.7255	0.6895	0.7059	-0.0196	-0.0359	+0.0163
condition-2-zh-5k	zh	42	1	sib200	ur	zh	n	y	0.5735	0.5539	0.5931	+0.0196	-0.0196	+0.0392
condition-2-zh-5k	zh	42	1	sib200	zh	en	n	n	0.7892	0.7500	0.7451	-0.0441	-0.0392	-0.0049
condition-2-zh-5k	zh	42	1	sib200	zh	zh	y	y	0.6667	0.6650	0.6814	+0.0147	-0.0016	+0.0163
condition-2-zh-5k	zh	42	1	xnli	en	en	y	n	0.4998	0.5226	0.5190	+0.0192	+0.0228	-0.0037
condition-2-zh-5k	zh	42	1	xnli	en	zh	n	y	0.3333	0.3340	0.3327	-0.0006	+0.0007	-0.0013
condition-2-zh-5k	zh	42	1	xnli	es	en	n	n	0.4525	0.4687	0.4585	+0.0060	+0.0162	-0.0102
condition-2-zh-5k	zh	42	1	xnli	es	zh	n	y	0.3337	0.3343	0.3333	-0.0004	+0.0005	-0.0009
condition-2-zh-5k	zh	42	1	xnli	ur	en	n	n	0.4343	0.4375	0.4521	+0.0178	+0.0032	+0.0146
condition-2-zh-5k	zh	42	1	xnli	ur	zh	n	y	0.3311	0.3331	0.3381	+0.0070	+0.0020	+0.0050
condition-2-zh-5k	zh	42	1	xnli	zh	en	n	n	0.3906	0.4034	0.4120	+0.0214	+0.0128	+0.0086
condition-2-zh-5k	zh	42	1	xnli	zh	zh	y	y	0.3329	0.3349	0.3395	+0.0066	+0.0020	+0.0046
condition-2-zh-5k	zh	42	2	belebele	en	en	y	n	0.7822	0.7870	0.7867	+0.0044	+0.0048	-0.0004
condition-2-zh-5k	zh	42	2	belebele	en	zh	n	y	0.8000	0.8015	0.8100	+0.0100	+0.0015	+0.0085
condition-2-zh-5k	zh	42	2	belebele	es	en	n	n	0.7011	0.7096	0.7256	+0.0244	+0.0085	+0.0159
condition-2-zh-5k	zh	42	2	belebele	es	zh	n	y	0.7167	0.7193	0.7411	+0.0244	+0.0026	+0.0219
condition-2-zh-5k	zh	42	2	belebele	ur	en	n	n	0.6144	0.6200	0.6300	+0.0156	+0.0056	+0.0100
condition-2-zh-5k	zh	42	2	belebele	ur	zh	n	y	0.6067	0.6030	0.6389	+0.0322	-0.0037	+0.0359
condition-2-zh-5k	zh	42	2	belebele	zh	en	n	n	0.7589	0.7637	0.7778	+0.0189	+0.0048	+0.0141
condition-2-zh-5k	zh	42	2	belebele	zh	zh	y	y	0.7611	0.7578	0.7911	+0.0300	-0.0033	+0.0333
condition-2-zh-5k	zh	42	2	csqa	en	en	y	n	0.6070	0.6113	0.6160	+0.0090	+0.0043	+0.0047
condition-2-zh-5k	zh	42	2	csqa	en	zh	n	y	0.6310	0.6363	0.6300	-0.0010	+0.0053	-0.0063
condition-2-zh-5k	zh	42	2	csqa	es	en	n	n	0.5170	0.5260	0.5280	+0.0110	+0.0090	+0.0020
condition-2-zh-5k	zh	42	2	csqa	es	zh	n	y	0.5300	0.5293	0.5360	+0.0060	-0.0007	+0.0067
condition-2-zh-5k	zh	42	2	csqa	ur	en	n	n	0.4170	0.4197	0.4180	+0.0010	+0.0027	-0.0017
condition-2-zh-5k	zh	42	2	csqa	ur	zh	n	y	0.4020	0.4030	0.4000	-0.0020	+0.0010	-0.0030
condition-2-zh-5k	zh	42	2	csqa	zh	en	n	n	0.5320	0.5323	0.5310	-0.0010	+0.0003	-0.0013
condition-2-zh-5k	zh	42	2	csqa	zh	zh	y	y	0.5320	0.5343	0.5470	+0.0150	+0.0023	+0.0127
condition-2-zh-5k	zh	42	2	sib200	en	en	y	n	0.7206	0.7092	0.6814	-0.0392	-0.0114	-0.0278
condition-2-zh-5k	zh	42	2	sib200	en	zh	n	y	0.6520	0.6503	0.6667	+0.0147	-0.0016	+0.0163
condition-2-zh-5k	zh	42	2	sib200	es	en	n	n	0.6765	0.6585	0.6520	-0.0245	-0.0180	-0.0065
condition-2-zh-5k	zh	42	2	sib200	es	zh	n	y	0.5931	0.5752	0.6225	+0.0294	-0.0180	+0.0474
condition-2-zh-5k	zh	42	2	sib200	ur	en	n	n	0.6814	0.6667	0.6667	-0.0147	-0.0147	+0.0000
condition-2-zh-5k	zh	42	2	sib200	ur	zh	n	y	0.5343	0.5294	0.5931	+0.0588	-0.0049	+0.0637
condition-2-zh-5k	zh	42	2	sib200	zh	en	n	n	0.6961	0.6716	0.6520	-0.0441	-0.0245	-0.0196
condition-2-zh-5k	zh	42	2	sib200	zh	zh	y	y	0.6225	0.6242	0.6275	+0.0049	+0.0016	+0.0033
condition-2-zh-5k	zh	42	2	xnli	en	en	y	n	0.3786	0.3565	0.3685	-0.0102	-0.0222	+0.0120
condition-2-zh-5k	zh	42	2	xnli	en	zh	n	y	0.3337	0.3840	0.3357	+0.0020	+0.0502	-0.0482
condition-2-zh-5k	zh	42	2	xnli	es	en	n	n	0.3661	0.3547	0.3750	+0.0090	-0.0114	+0.0204
condition-2-zh-5k	zh	42	2	xnli	es	zh	n	y	0.2369	0.3463	0.3345	+0.0976	+0.1094	-0.0118
condition-2-zh-5k	zh	42	2	xnli	ur	en	n	n	0.3357	0.3330	0.3343	-0.0014	-0.0027	+0.0013
condition-2-zh-5k	zh	42	2	xnli	ur	zh	n	y	0.2078	0.2758	0.2495	+0.0417	+0.0681	-0.0263
condition-2-zh-5k	zh	42	2	xnli	zh	en	n	n	0.4649	0.4415	0.4443	-0.0206	-0.0234	+0.0029
condition-2-zh-5k	zh	42	2	xnli	zh	zh	y	y	0.2491	0.2910	0.3517	+0.1026	+0.0418	+0.0607
condition-2-zh-5k	zh	456	1	belebele	en	en	y	n	0.7678	0.7781	0.7822	+0.0144	+0.0104	+0.0041
condition-2-zh-5k	zh	456	1	belebele	en	zh	n	y	0.7889	0.7885	0.8067	+0.0178	-0.0004	+0.0181
condition-2-zh-5k	zh	456	1	belebele	es	en	n	n	0.6911	0.7000	0.7044	+0.0133	+0.0089	+0.0044
condition-2-zh-5k	zh	456	1	belebele	es	zh	n	y	0.6956	0.6937	0.7333	+0.0378	-0.0019	+0.0396
condition-2-zh-5k	zh	456	1	belebele	ur	en	n	n	0.6044	0.6130	0.6133	+0.0089	+0.0085	+0.0004
condition-2-zh-5k	zh	456	1	belebele	ur	zh	n	y	0.5922	0.5996	0.6211	+0.0289	+0.0074	+0.0215
condition-2-zh-5k	zh	456	1	belebele	zh	en	n	n	0.7500	0.7596	0.7700	+0.0200	+0.0096	+0.0104
condition-2-zh-5k	zh	456	1	belebele	zh	zh	y	y	0.7756	0.7752	0.7800	+0.0044	-0.0004	+0.0048
condition-2-zh-5k	zh	456	1	csqa	en	en	y	n	0.6070	0.6120	0.6020	-0.0050	+0.0050	-0.0100
condition-2-zh-5k	zh	456	1	csqa	en	zh	n	y	0.6410	0.6447	0.6500	+0.0090	+0.0037	+0.0053
condition-2-zh-5k	zh	456	1	csqa	es	en	n	n	0.5240	0.5303	0.5230	-0.0010	+0.0063	-0.0073
condition-2-zh-5k	zh	456	1	csqa	es	zh	n	y	0.5470	0.5480	0.5700	+0.0230	+0.0010	+0.0220
condition-2-zh-5k	zh	456	1	csqa	ur	en	n	n	0.4240	0.4237	0.4160	-0.0080	-0.0003	-0.0077
condition-2-zh-5k	zh	456	1	csqa	ur	zh	n	y	0.3760	0.3867	0.4310	+0.0550	+0.0107	+0.0443
condition-2-zh-5k	zh	456	1	csqa	zh	en	n	n	0.5450	0.5527	0.5440	-0.0010	+0.0077	-0.0087
condition-2-zh-5k	zh	456	1	csqa	zh	zh	y	y	0.5340	0.5267	0.5500	+0.0160	-0.0073	+0.0233
condition-2-zh-5k	zh	456	1	sib200	en	en	y	n	0.7549	0.7533	0.7745	+0.0196	-0.0016	+0.0212
condition-2-zh-5k	zh	456	1	sib200	en	zh	n	y	0.7157	0.7059	0.7206	+0.0049	-0.0098	+0.0147
condition-2-zh-5k	zh	456	1	sib200	es	en	n	n	0.7745	0.7582	0.7794	+0.0049	-0.0163	+0.0212
condition-2-zh-5k	zh	456	1	sib200	es	zh	n	y	0.6373	0.6324	0.6863	+0.0490	-0.0049	+0.0539
condition-2-zh-5k	zh	456	1	sib200	ur	en	n	n	0.7255	0.6895	0.7059	-0.0196	-0.0359	+0.0163
condition-2-zh-5k	zh	456	1	sib200	ur	zh	n	y	0.5735	0.5539	0.6520	+0.0784	-0.0196	+0.0980
condition-2-zh-5k	zh	456	1	sib200	zh	en	n	n	0.7892	0.7500	0.7647	-0.0245	-0.0392	+0.0147
condition-2-zh-5k	zh	456	1	sib200	zh	zh	y	y	0.6667	0.6650	0.6863	+0.0196	-0.0016	+0.0212
condition-2-zh-5k	zh	456	1	xnli	en	en	y	n	0.4998	0.5226	0.5234	+0.0236	+0.0228	+0.0007
condition-2-zh-5k	zh	456	1	xnli	en	zh	n	y	0.3333	0.3340	0.3331	-0.0002	+0.0007	-0.0009
condition-2-zh-5k	zh	456	1	xnli	es	en	n	n	0.4525	0.4687	0.4651	+0.0126	+0.0162	-0.0037
condition-2-zh-5k	zh	456	1	xnli	es	zh	n	y	0.3337	0.3343	0.3331	-0.0006	+0.0005	-0.0011
condition-2-zh-5k	zh	456	1	xnli	ur	en	n	n	0.4343	0.4375	0.4485	+0.0142	+0.0032	+0.0110
condition-2-zh-5k	zh	456	1	xnli	ur	zh	n	y	0.3311	0.3331	0.3337	+0.0026	+0.0020	+0.0006
condition-2-zh-5k	zh	456	1	xnli	zh	en	n	n	0.3906	0.4034	0.4168	+0.0261	+0.0128	+0.0134
condition-2-zh-5k	zh	456	1	xnli	zh	zh	y	y	0.3329	0.3349	0.3331	+0.0002	+0.0020	-0.0018
condition-2-zh-5k	zh	456	2	belebele	en	en	y	n	0.7822	0.7870	0.7878	+0.0056	+0.0048	+0.0007
condition-2-zh-5k	zh	456	2	belebele	en	zh	n	y	0.8000	0.8015	0.8133	+0.0133	+0.0015	+0.0119
condition-2-zh-5k	zh	456	2	belebele	es	en	n	n	0.7011	0.7096	0.7167	+0.0156	+0.0085	+0.0070
condition-2-zh-5k	zh	456	2	belebele	es	zh	n	y	0.7167	0.7193	0.7344	+0.0178	+0.0026	+0.0152
condition-2-zh-5k	zh	456	2	belebele	ur	en	n	n	0.6144	0.6200	0.6200	+0.0056	+0.0056	+0.0000
condition-2-zh-5k	zh	456	2	belebele	ur	zh	n	y	0.6067	0.6030	0.6344	+0.0278	-0.0037	+0.0315
condition-2-zh-5k	zh	456	2	belebele	zh	en	n	n	0.7589	0.7637	0.7811	+0.0222	+0.0048	+0.0174
condition-2-zh-5k	zh	456	2	belebele	zh	zh	y	y	0.7611	0.7578	0.7811	+0.0200	-0.0033	+0.0233
condition-2-zh-5k	zh	456	2	csqa	en	en	y	n	0.6070	0.6113	0.6110	+0.0040	+0.0043	-0.0003
condition-2-zh-5k	zh	456	2	csqa	en	zh	n	y	0.6310	0.6363	0.6350	+0.0040	+0.0053	-0.0013
condition-2-zh-5k	zh	456	2	csqa	es	en	n	n	0.5170	0.5260	0.5280	+0.0110	+0.0090	+0.0020
condition-2-zh-5k	zh	456	2	csqa	es	zh	n	y	0.5300	0.5293	0.5470	+0.0170	-0.0007	+0.0177
condition-2-zh-5k	zh	456	2	csqa	ur	en	n	n	0.4170	0.4197	0.4150	-0.0020	+0.0027	-0.0047
condition-2-zh-5k	zh	456	2	csqa	ur	zh	n	y	0.4020	0.4030	0.4060	+0.0040	+0.0010	+0.0030
condition-2-zh-5k	zh	456	2	csqa	zh	en	n	n	0.5320	0.5323	0.5290	-0.0030	+0.0003	-0.0033
condition-2-zh-5k	zh	456	2	csqa	zh	zh	y	y	0.5320	0.5343	0.5470	+0.0150	+0.0023	+0.0127
condition-2-zh-5k	zh	456	2	sib200	en	en	y	n	0.7206	0.7092	0.6814	-0.0392	-0.0114	-0.0278
condition-2-zh-5k	zh	456	2	sib200	en	zh	n	y	0.6520	0.6503	0.6765	+0.0245	-0.0016	+0.0261
condition-2-zh-5k	zh	456	2	sib200	es	en	n	n	0.6765	0.6585	0.6471	-0.0294	-0.0180	-0.0114
condition-2-zh-5k	zh	456	2	sib200	es	zh	n	y	0.5931	0.5752	0.6324	+0.0392	-0.0180	+0.0572
condition-2-zh-5k	zh	456	2	sib200	ur	en	n	n	0.6814	0.6667	0.6765	-0.0049	-0.0147	+0.0098
condition-2-zh-5k	zh	456	2	sib200	ur	zh	n	y	0.5343	0.5294	0.6176	+0.0833	-0.0049	+0.0882
condition-2-zh-5k	zh	456	2	sib200	zh	en	n	n	0.6961	0.6716	0.6667	-0.0294	-0.0245	-0.0049
condition-2-zh-5k	zh	456	2	sib200	zh	zh	y	y	0.6225	0.6242	0.6569	+0.0343	+0.0016	+0.0327
condition-2-zh-5k	zh	456	2	xnli	en	en	y	n	0.3786	0.3565	0.3627	-0.0160	-0.0222	+0.0062
condition-2-zh-5k	zh	456	2	xnli	en	zh	n	y	0.3337	0.3840	0.3303	-0.0034	+0.0502	-0.0536
condition-2-zh-5k	zh	456	2	xnli	es	en	n	n	0.3661	0.3547	0.3675	+0.0014	-0.0114	+0.0128
condition-2-zh-5k	zh	456	2	xnli	es	zh	n	y	0.2369	0.3463	0.3289	+0.0920	+0.1094	-0.0174
condition-2-zh-5k	zh	456	2	xnli	ur	en	n	n	0.3357	0.3330	0.3339	-0.0018	-0.0027	+0.0009
condition-2-zh-5k	zh	456	2	xnli	ur	zh	n	y	0.2078	0.2758	0.3016	+0.0938	+0.0681	+0.0257
condition-2-zh-5k	zh	456	2	xnli	zh	en	n	n	0.4649	0.4415	0.4212	-0.0437	-0.0234	-0.0203
condition-2-zh-5k	zh	456	2	xnli	zh	zh	y	y	0.2491	0.2910	0.3507	+0.1016	+0.0418	+0.0597
condition-3-zh-5k	zh	42	1	belebele	en	en	y	n	0.7678	0.7781	0.7911	+0.0233	+0.0104	+0.0130
condition-3-zh-5k	zh	42	1	belebele	en	zh	n	y	0.7889	0.7885	0.7889	+0.0000	-0.0004	+0.0004
condition-3-zh-5k	zh	42	1	belebele	es	en	n	n	0.6911	0.7000	0.7056	+0.0144	+0.0089	+0.0056
condition-3-zh-5k	zh	42	1	belebele	es	zh	n	y	0.6956	0.6937	0.7133	+0.0178	-0.0019	+0.0196
condition-3-zh-5k	zh	42	1	belebele	ur	en	n	n	0.6044	0.6130	0.6100	+0.0056	+0.0085	-0.0030
condition-3-zh-5k	zh	42	1	belebele	ur	zh	n	y	0.5922	0.5996	0.6144	+0.0222	+0.0074	+0.0148
condition-3-zh-5k	zh	42	1	belebele	zh	en	n	n	0.7500	0.7596	0.7644	+0.0144	+0.0096	+0.0048
condition-3-zh-5k	zh	42	1	belebele	zh	zh	y	y	0.7756	0.7752	0.7789	+0.0033	-0.0004	+0.0037
condition-3-zh-5k	zh	42	1	csqa	en	en	y	n	0.6070	0.6120	0.6090	+0.0020	+0.0050	-0.0030
condition-3-zh-5k	zh	42	1	csqa	en	zh	n	y	0.6410	0.6447	0.6440	+0.0030	+0.0037	-0.0007
condition-3-zh-5k	zh	42	1	csqa	es	en	n	n	0.5240	0.5303	0.5500	+0.0260	+0.0063	+0.0197
condition-3-zh-5k	zh	42	1	csqa	es	zh	n	y	0.5470	0.5480	0.5430	-0.0040	+0.0010	-0.0050
condition-3-zh-5k	zh	42	1	csqa	ur	en	n	n	0.4240	0.4237	0.4240	+0.0000	-0.0003	+0.0003
condition-3-zh-5k	zh	42	1	csqa	ur	zh	n	y	0.3760	0.3867	0.4140	+0.0380	+0.0107	+0.0273
condition-3-zh-5k	zh	42	1	csqa	zh	en	n	n	0.5450	0.5527	0.5570	+0.0120	+0.0077	+0.0043
condition-3-zh-5k	zh	42	1	csqa	zh	zh	y	y	0.5340	0.5267	0.5410	+0.0070	-0.0073	+0.0143
condition-3-zh-5k	zh	42	1	sib200	en	en	y	n	0.7549	0.7533	0.7451	-0.0098	-0.0016	-0.0082
condition-3-zh-5k	zh	42	1	sib200	en	zh	n	y	0.7157	0.7059	0.6814	-0.0343	-0.0098	-0.0245
condition-3-zh-5k	zh	42	1	sib200	es	en	n	n	0.7745	0.7582	0.7402	-0.0343	-0.0163	-0.0180
condition-3-zh-5k	zh	42	1	sib200	es	zh	n	y	0.6373	0.6324	0.6912	+0.0539	-0.0049	+0.0588
condition-3-zh-5k	zh	42	1	sib200	ur	en	n	n	0.7255	0.6895	0.6912	-0.0343	-0.0359	+0.0016
condition-3-zh-5k	zh	42	1	sib200	ur	zh	n	y	0.5735	0.5539	0.6078	+0.0343	-0.0196	+0.0539
condition-3-zh-5k	zh	42	1	sib200	zh	en	n	n	0.7892	0.7500	0.7549	-0.0343	-0.0392	+0.0049
condition-3-zh-5k	zh	42	1	sib200	zh	zh	y	y	0.6667	0.6650	0.6863	+0.0196	-0.0016	+0.0212
condition-3-zh-5k	zh	42	1	xnli	en	en	y	n	0.4998	0.5226	0.5347	+0.0349	+0.0228	+0.0121
condition-3-zh-5k	zh	42	1	xnli	en	zh	n	y	0.3333	0.3340	0.3325	-0.0008	+0.0007	-0.0015
condition-3-zh-5k	zh	42	1	xnli	es	en	n	n	0.4525	0.4687	0.4858	+0.0333	+0.0162	+0.0171
condition-3-zh-5k	zh	42	1	xnli	es	zh	n	y	0.3337	0.3343	0.3325	-0.0012	+0.0005	-0.0017
condition-3-zh-5k	zh	42	1	xnli	ur	en	n	n	0.4343	0.4375	0.4409	+0.0066	+0.0032	+0.0034
condition-3-zh-5k	zh	42	1	xnli	ur	zh	n	y	0.3311	0.3331	0.3311	+0.0000	+0.0020	-0.0020
condition-3-zh-5k	zh	42	1	xnli	zh	en	n	n	0.3906	0.4034	0.4429	+0.0523	+0.0128	+0.0395
condition-3-zh-5k	zh	42	1	xnli	zh	zh	y	y	0.3329	0.3349	0.3323	-0.0006	+0.0020	-0.0026
condition-3-zh-5k	zh	42	2	belebele	en	en	y	n	0.7822	0.7870	0.7911	+0.0089	+0.0048	+0.0041
condition-3-zh-5k	zh	42	2	belebele	en	zh	n	y	0.8000	0.8015	0.8022	+0.0022	+0.0015	+0.0007
condition-3-zh-5k	zh	42	2	belebele	es	en	n	n	0.7011	0.7096	0.7222	+0.0211	+0.0085	+0.0126
condition-3-zh-5k	zh	42	2	belebele	es	zh	n	y	0.7167	0.7193	0.7278	+0.0111	+0.0026	+0.0085
condition-3-zh-5k	zh	42	2	belebele	ur	en	n	n	0.6144	0.6200	0.6289	+0.0144	+0.0056	+0.0089
condition-3-zh-5k	zh	42	2	belebele	ur	zh	n	y	0.6067	0.6030	0.6167	+0.0100	-0.0037	+0.0137
condition-3-zh-5k	zh	42	2	belebele	zh	en	n	n	0.7589	0.7637	0.7733	+0.0144	+0.0048	+0.0096
condition-3-zh-5k	zh	42	2	belebele	zh	zh	y	y	0.7611	0.7578	0.7711	+0.0100	-0.0033	+0.0133
condition-3-zh-5k	zh	42	2	csqa	en	en	y	n	0.6070	0.6113	0.6100	+0.0030	+0.0043	-0.0013
condition-3-zh-5k	zh	42	2	csqa	en	zh	n	y	0.6310	0.6363	0.6440	+0.0130	+0.0053	+0.0077
condition-3-zh-5k	zh	42	2	csqa	es	en	n	n	0.5170	0.5260	0.5380	+0.0210	+0.0090	+0.0120
condition-3-zh-5k	zh	42	2	csqa	es	zh	n	y	0.5300	0.5293	0.5250	-0.0050	-0.0007	-0.0043
condition-3-zh-5k	zh	42	2	csqa	ur	en	n	n	0.4170	0.4197	0.4400	+0.0230	+0.0027	+0.0203
condition-3-zh-5k	zh	42	2	csqa	ur	zh	n	y	0.4020	0.4030	0.4170	+0.0150	+0.0010	+0.0140
condition-3-zh-5k	zh	42	2	csqa	zh	en	n	n	0.5320	0.5323	0.5460	+0.0140	+0.0003	+0.0137
condition-3-zh-5k	zh	42	2	csqa	zh	zh	y	y	0.5320	0.5343	0.5220	-0.0100	+0.0023	-0.0123
condition-3-zh-5k	zh	42	2	sib200	en	en	y	n	0.7206	0.7092	0.6618	-0.0588	-0.0114	-0.0474
condition-3-zh-5k	zh	42	2	sib200	en	zh	n	y	0.6520	0.6503	0.6471	-0.0049	-0.0016	-0.0033
condition-3-zh-5k	zh	42	2	sib200	es	en	n	n	0.6765	0.6585	0.6373	-0.0392	-0.0180	-0.0212
condition-3-zh-5k	zh	42	2	sib200	es	zh	n	y	0.5931	0.5752	0.6078	+0.0147	-0.0180	+0.0327
condition-3-zh-5k	zh	42	2	sib200	ur	en	n	n	0.6814	0.6667	0.6569	-0.0245	-0.0147	-0.0098
condition-3-zh-5k	zh	42	2	sib200	ur	zh	n	y	0.5343	0.5294	0.5441	+0.0098	-0.0049	+0.0147
condition-3-zh-5k	zh	42	2	sib200	zh	en	n	n	0.6961	0.6716	0.6667	-0.0294	-0.0245	-0.0049
condition-3-zh-5k	zh	42	2	sib200	zh	zh	y	y	0.6225	0.6242	0.6078	-0.0147	+0.0016	-0.0163
condition-3-zh-5k	zh	42	2	xnli	en	en	y	n	0.3786	0.3565	0.4006	+0.0220	-0.0222	+0.0441
condition-3-zh-5k	zh	42	2	xnli	en	zh	n	y	0.3337	0.3840	0.3313	-0.0024	+0.0502	-0.0526
condition-3-zh-5k	zh	42	2	xnli	es	en	n	n	0.3661	0.3547	0.4114	+0.0453	-0.0114	+0.0567
condition-3-zh-5k	zh	42	2	xnli	es	zh	n	y	0.2369	0.3463	0.3289	+0.0920	+0.1094	-0.0174
condition-3-zh-5k	zh	42	2	xnli	ur	en	n	n	0.3357	0.3330	0.3455	+0.0098	-0.0027	+0.0125
condition-3-zh-5k	zh	42	2	xnli	ur	zh	n	y	0.2078	0.2758	0.3240	+0.1162	+0.0681	+0.0481
condition-3-zh-5k	zh	42	2	xnli	zh	en	n	n	0.4649	0.4415	0.4840	+0.0192	-0.0234	+0.0426
condition-3-zh-5k	zh	42	2	xnli	zh	zh	y	y	0.2491	0.2910	0.3066	+0.0575	+0.0418	+0.0156
condition-5-es-5k	es	42	1	belebele	en	en	y	n	0.7678	0.7781	0.7833	+0.0156	+0.0104	+0.0052
condition-5-es-5k	es	42	1	belebele	en	es	n	y	0.7611	0.7604	0.7822	+0.0211	-0.0007	+0.0219
condition-5-es-5k	es	42	1	belebele	es	en	n	n	0.6911	0.7000	0.6956	+0.0044	+0.0089	-0.0044
condition-5-es-5k	es	42	1	belebele	es	es	y	y	0.6722	0.6719	0.6744	+0.0022	-0.0004	+0.0026
condition-5-es-5k	es	42	1	belebele	ur	en	n	n	0.6044	0.6130	0.6056	+0.0011	+0.0085	-0.0074
condition-5-es-5k	es	42	1	belebele	ur	es	n	y	0.5389	0.5356	0.5333	-0.0056	-0.0033	-0.0022
condition-5-es-5k	es	42	1	belebele	zh	en	n	n	0.7500	0.7596	0.7522	+0.0022	+0.0096	-0.0074
condition-5-es-5k	es	42	1	belebele	zh	es	n	y	0.7033	0.7044	0.7256	+0.0222	+0.0011	+0.0211
condition-5-es-5k	es	42	1	csqa	en	en	y	n	0.6070	0.6120	0.6020	-0.0050	+0.0050	-0.0100
condition-5-es-5k	es	42	1	csqa	en	es	n	y	0.6040	0.6117	0.5920	-0.0120	+0.0077	-0.0197
condition-5-es-5k	es	42	1	csqa	es	en	n	n	0.5240	0.5303	0.5000	-0.0240	+0.0063	-0.0303
condition-5-es-5k	es	42	1	csqa	es	es	y	y	0.5290	0.5333	0.5220	-0.0070	+0.0043	-0.0113
condition-5-es-5k	es	42	1	csqa	ur	en	n	n	0.4240	0.4237	0.3830	-0.0410	-0.0003	-0.0407
condition-5-es-5k	es	42	1	csqa	ur	es	n	y	0.3960	0.3970	0.3910	-0.0050	+0.0010	-0.0060
condition-5-es-5k	es	42	1	csqa	zh	en	n	n	0.5450	0.5527	0.5070	-0.0380	+0.0077	-0.0457
condition-5-es-5k	es	42	1	csqa	zh	es	n	y	0.5000	0.5067	0.4960	-0.0040	+0.0067	-0.0107
condition-5-es-5k	es	42	1	sib200	en	en	y	n	0.7549	0.7533	0.5980	-0.1569	-0.0016	-0.1552
condition-5-es-5k	es	42	1	sib200	en	es	n	y	0.6618	0.6487	0.5196	-0.1422	-0.0131	-0.1291
condition-5-es-5k	es	42	1	sib200	es	en	n	n	0.7745	0.7582	0.5539	-0.2206	-0.0163	-0.2042
condition-5-es-5k	es	42	1	sib200	es	es	y	y	0.6520	0.6389	0.5245	-0.1275	-0.0131	-0.1144
condition-5-es-5k	es	42	1	sib200	ur	en	n	n	0.7255	0.6895	0.5000	-0.2255	-0.0359	-0.1895
condition-5-es-5k	es	42	1	sib200	ur	es	n	y	0.5343	0.5180	0.4804	-0.0539	-0.0163	-0.0376
condition-5-es-5k	es	42	1	sib200	zh	en	n	n	0.7892	0.7500	0.6127	-0.1765	-0.0392	-0.1373
condition-5-es-5k	es	42	1	sib200	zh	es	n	y	0.5882	0.5735	0.5882	+0.0000	-0.0147	+0.0147
condition-5-es-5k	es	42	1	xnli	en	en	y	n	0.4998	0.5226	0.4319	-0.0679	+0.0228	-0.0907
condition-5-es-5k	es	42	1	xnli	en	es	n	y	0.3980	0.4161	0.4102	+0.0122	+0.0181	-0.0059
condition-5-es-5k	es	42	1	xnli	es	en	n	n	0.4525	0.4687	0.3479	-0.1046	+0.0162	-0.1208
condition-5-es-5k	es	42	1	xnli	es	es	y	y	0.4547	0.4623	0.4479	-0.0068	+0.0077	-0.0144
condition-5-es-5k	es	42	1	xnli	ur	en	n	n	0.4343	0.4375	0.3840	-0.0503	+0.0032	-0.0535
condition-5-es-5k	es	42	1	xnli	ur	es	n	y	0.3727	0.3844	0.3920	+0.0194	+0.0117	+0.0077
condition-5-es-5k	es	42	1	xnli	zh	en	n	n	0.3906	0.4034	0.3525	-0.0381	+0.0128	-0.0509
condition-5-es-5k	es	42	1	xnli	zh	es	n	y	0.3333	0.3333	0.3365	+0.0032	+0.0000	+0.0032
condition-5-es-5k	es	42	2	belebele	en	en	y	n	0.7822	0.7870	0.7956	+0.0133	+0.0048	+0.0085
condition-5-es-5k	es	42	2	belebele	en	es	n	y	0.7756	0.7830	0.8022	+0.0267	+0.0074	+0.0193
condition-5-es-5k	es	42	2	belebele	es	en	n	n	0.7011	0.7096	0.7089	+0.0078	+0.0085	-0.0007
condition-5-es-5k	es	42	2	belebele	es	es	y	y	0.6989	0.6952	0.6978	-0.0011	-0.0037	+0.0026
condition-5-es-5k	es	42	2	belebele	ur	en	n	n	0.6144	0.6200	0.6078	-0.0067	+0.0056	-0.0122
condition-5-es-5k	es	42	2	belebele	ur	es	n	y	0.5544	0.5622	0.5600	+0.0056	+0.0078	-0.0022
condition-5-es-5k	es	42	2	belebele	zh	en	n	n	0.7589	0.7637	0.7478	-0.0111	+0.0048	-0.0159
condition-5-es-5k	es	42	2	belebele	zh	es	n	y	0.7367	0.7352	0.7478	+0.0111	-0.0015	+0.0126
condition-5-es-5k	es	42	2	csqa	en	en	y	n	0.6070	0.6113	0.6040	-0.0030	+0.0043	-0.0073
condition-5-es-5k	es	42	2	csqa	en	es	n	y	0.6230	0.6187	0.6090	-0.0140	-0.0043	-0.0097
condition-5-es-5k	es	42	2	csqa	es	en	n	n	0.5170	0.5260	0.4940	-0.0230	+0.0090	-0.0320
condition-5-es-5k	es	42	2	csqa	es	es	y	y	0.5320	0.5340	0.5310	-0.0010	+0.0020	-0.0030
condition-5-es-5k	es	42	2	csqa	ur	en	n	n	0.4170	0.4197	0.3850	-0.0320	+0.0027	-0.0347
condition-5-es-5k	es	42	2	csqa	ur	es	n	y	0.3930	0.3940	0.3920	-0.0010	+0.0010	-0.0020
condition-5-es-5k	es	42	2	csqa	zh	en	n	n	0.5320	0.5323	0.5080	-0.0240	+0.0003	-0.0243
condition-5-es-5k	es	42	2	csqa	zh	es	n	y	0.5100	0.5043	0.5000	-0.0100	-0.0057	-0.0043
condition-5-es-5k	es	42	2	sib200	en	en	y	n	0.7206	0.7092	0.7010	-0.0196	-0.0114	-0.0082
condition-5-es-5k	es	42	2	sib200	en	es	n	y	0.5539	0.5131	0.3725	-0.1814	-0.0408	-0.1405
condition-5-es-5k	es	42	2	sib200	es	en	n	n	0.6765	0.6585	0.6471	-0.0294	-0.0180	-0.0114
condition-5-es-5k	es	42	2	sib200	es	es	y	y	0.5147	0.5000	0.3382	-0.1765	-0.0147	-0.1618
condition-5-es-5k	es	42	2	sib200	ur	en	n	n	0.6814	0.6667	0.6275	-0.0539	-0.0147	-0.0392
condition-5-es-5k	es	42	2	sib200	ur	es	n	y	0.6127	0.5637	0.3873	-0.2255	-0.0490	-0.1765
condition-5-es-5k	es	42	2	sib200	zh	en	n	n	0.6961	0.6716	0.6667	-0.0294	-0.0245	-0.0049
condition-5-es-5k	es	42	2	sib200	zh	es	n	y	0.5588	0.5376	0.4608	-0.0980	-0.0212	-0.0768
condition-5-es-5k	es	42	2	xnli	en	en	y	n	0.3786	0.3565	0.4267	+0.0481	-0.0222	+0.0703
condition-5-es-5k	es	42	2	xnli	en	es	n	y	0.3806	0.3904	0.3886	+0.0080	+0.0097	-0.0017
condition-5-es-5k	es	42	2	xnli	es	en	n	n	0.3661	0.3547	0.3946	+0.0285	-0.0114	+0.0399
condition-5-es-5k	es	42	2	xnli	es	es	y	y	0.3770	0.3766	0.3643	-0.0128	-0.0004	-0.0124
condition-5-es-5k	es	42	2	xnli	ur	en	n	n	0.3357	0.3330	0.3367	+0.0010	-0.0027	+0.0037
condition-5-es-5k	es	42	2	xnli	ur	es	n	y	0.2499	0.3744	0.3525	+0.1026	+0.1245	-0.0219
condition-5-es-5k	es	42	2	xnli	zh	en	n	n	0.4649	0.4415	0.4403	-0.0246	-0.0234	-0.0011
condition-5-es-5k	es	42	2	xnli	zh	es	n	y	0.3637	0.3677	0.3549	-0.0088	+0.0041	-0.0128
condition-5-ur-5k	ur	42	1	belebele	en	en	y	n	0.7678	0.7781	0.7922	+0.0244	+0.0104	+0.0141
condition-5-ur-5k	ur	42	1	belebele	en	ur	n	y	0.7411	0.7548	0.7567	+0.0156	+0.0137	+0.0019
condition-5-ur-5k	ur	42	1	belebele	es	en	n	n	0.6911	0.7000	0.7200	+0.0289	+0.0089	+0.0200
condition-5-ur-5k	ur	42	1	belebele	es	ur	n	y	0.6389	0.6422	0.6711	+0.0322	+0.0033	+0.0289
condition-5-ur-5k	ur	42	1	belebele	ur	en	n	n	0.6044	0.6130	0.5967	-0.0078	+0.0085	-0.0163
condition-5-ur-5k	ur	42	1	belebele	ur	ur	y	y	0.5289	0.5367	0.5433	+0.0144	+0.0078	+0.0067
condition-5-ur-5k	ur	42	1	belebele	zh	en	n	n	0.7500	0.7596	0.7611	+0.0111	+0.0096	+0.0015
condition-5-ur-5k	ur	42	1	belebele	zh	ur	n	y	0.7011	0.7144	0.7033	+0.0022	+0.0133	-0.0111
condition-5-ur-5k	ur	42	1	csqa	en	en	y	n	0.6070	0.6120	0.6010	-0.0060	+0.0050	-0.0110
condition-5-ur-5k	ur	42	1	csqa	en	ur	n	y	0.5850	0.5920	0.5640	-0.0210	+0.0070	-0.0280
condition-5-ur-5k	ur	42	1	csqa	es	en	n	n	0.5240	0.5303	0.5030	-0.0210	+0.0063	-0.0273
condition-5-ur-5k	ur	42	1	csqa	es	ur	n	y	0.4730	0.4823	0.4460	-0.0270	+0.0093	-0.0363
condition-5-ur-5k	ur	42	1	csqa	ur	en	n	n	0.4240	0.4237	0.3390	-0.0850	-0.0003	-0.0847
condition-5-ur-5k	ur	42	1	csqa	ur	ur	y	y	0.4040	0.4090	0.3300	-0.0740	+0.0050	-0.0790
condition-5-ur-5k	ur	42	1	csqa	zh	en	n	n	0.5450	0.5527	0.5140	-0.0310	+0.0077	-0.0387
condition-5-ur-5k	ur	42	1	csqa	zh	ur	n	y	0.4810	0.4820	0.4280	-0.0530	+0.0010	-0.0540
condition-5-ur-5k	ur	42	1	sib200	en	en	y	n	0.7549	0.7533	0.7010	-0.0539	-0.0016	-0.0523
condition-5-ur-5k	ur	42	1	sib200	en	ur	n	y	0.4951	0.4804	0.4706	-0.0245	-0.0147	-0.0098
condition-5-ur-5k	ur	42	1	sib200	es	en	n	n	0.7745	0.7582	0.6961	-0.0784	-0.0163	-0.0621
condition-5-ur-5k	ur	42	1	sib200	es	ur	n	y	0.5343	0.4935	0.4510	-0.0833	-0.0408	-0.0425
condition-5-ur-5k	ur	42	1	sib200	ur	en	n	n	0.7255	0.6895	0.5392	-0.1863	-0.0359	-0.1503
condition-5-ur-5k	ur	42	1	sib200	ur	ur	y	y	0.5735	0.5588	0.4951	-0.0784	-0.0147	-0.0637
condition-5-ur-5k	ur	42	1	sib200	zh	en	n	n	0.7892	0.7500	0.7059	-0.0833	-0.0392	-0.0441
condition-5-ur-5k	ur	42	1	sib200	zh	ur	n	y	0.5294	0.5245	0.5049	-0.0245	-0.0049	-0.0196
condition-5-ur-5k	ur	42	1	xnli	en	en	y	n	0.4998	0.5226	0.5060	+0.0062	+0.0228	-0.0166
condition-5-ur-5k	ur	42	1	xnli	en	ur	n	y	0.3816	0.4253	0.3261	-0.0555	+0.0436	-0.0991
condition-5-ur-5k	ur	42	1	xnli	es	en	n	n	0.4525	0.4687	0.4671	+0.0146	+0.0162	-0.0017
condition-5-ur-5k	ur	42	1	xnli	es	ur	n	y	0.3433	0.3516	0.3283	-0.0150	+0.0083	-0.0232
condition-5-ur-5k	ur	42	1	xnli	ur	en	n	n	0.4343	0.4375	0.4174	-0.0170	+0.0032	-0.0202
condition-5-ur-5k	ur	42	1	xnli	ur	ur	y	y	0.3327	0.3336	0.3263	-0.0064	+0.0009	-0.0073
condition-5-ur-5k	ur	42	1	xnli	zh	en	n	n	0.3906	0.4034	0.4794	+0.0888	+0.0128	+0.0760
condition-5-ur-5k	ur	42	1	xnli	zh	ur	n	y	0.3345	0.3373	0.3333	-0.0012	+0.0027	-0.0039
condition-5-ur-5k	ur	42	2	belebele	en	en	y	n	0.7822	0.7870	0.8100	+0.0278	+0.0048	+0.0230
condition-5-ur-5k	ur	42	2	belebele	en	ur	n	y	0.7489	0.7611	0.7544	+0.0056	+0.0122	-0.0067
condition-5-ur-5k	ur	42	2	belebele	es	en	n	n	0.7011	0.7096	0.7444	+0.0433	+0.0085	+0.0348
condition-5-ur-5k	ur	42	2	belebele	es	ur	n	y	0.6389	0.6456	0.6911	+0.0522	+0.0067	+0.0456
condition-5-ur-5k	ur	42	2	belebele	ur	en	n	n	0.6144	0.6200	0.6267	+0.0122	+0.0056	+0.0067
condition-5-ur-5k	ur	42	2	belebele	ur	ur	y	y	0.5233	0.5256	0.5511	+0.0278	+0.0022	+0.0256
condition-5-ur-5k	ur	42	2	belebele	zh	en	n	n	0.7589	0.7637	0.7722	+0.0133	+0.0048	+0.0085
condition-5-ur-5k	ur	42	2	belebele	zh	ur	n	y	0.7000	0.7093	0.7044	+0.0044	+0.0093	-0.0048
condition-5-ur-5k	ur	42	2	csqa	en	en	y	n	0.6070	0.6113	0.5830	-0.0240	+0.0043	-0.0283
condition-5-ur-5k	ur	42	2	csqa	en	ur	n	y	0.5790	0.5860	0.5600	-0.0190	+0.0070	-0.0260
condition-5-ur-5k	ur	42	2	csqa	es	en	n	n	0.5170	0.5260	0.4780	-0.0390	+0.0090	-0.0480
condition-5-ur-5k	ur	42	2	csqa	es	ur	n	y	0.4800	0.4830	0.4470	-0.0330	+0.0030	-0.0360
condition-5-ur-5k	ur	42	2	csqa	ur	en	n	n	0.4170	0.4197	0.3140	-0.1030	+0.0027	-0.1057
condition-5-ur-5k	ur	42	2	csqa	ur	ur	y	y	0.3920	0.3920	0.3180	-0.0740	+0.0000	-0.0740
condition-5-ur-5k	ur	42	2	csqa	zh	en	n	n	0.5320	0.5323	0.4800	-0.0520	+0.0003	-0.0523
condition-5-ur-5k	ur	42	2	csqa	zh	ur	n	y	0.4660	0.4663	0.4150	-0.0510	+0.0003	-0.0513
condition-5-ur-5k	ur	42	2	sib200	en	en	y	n	0.7206	0.7092	0.6814	-0.0392	-0.0114	-0.0278
condition-5-ur-5k	ur	42	2	sib200	en	ur	n	y	0.3971	0.4232	0.5784	+0.1814	+0.0261	+0.1552
condition-5-ur-5k	ur	42	2	sib200	es	en	n	n	0.6765	0.6585	0.6569	-0.0196	-0.0180	-0.0016
condition-5-ur-5k	ur	42	2	sib200	es	ur	n	y	0.3088	0.3693	0.5637	+0.2549	+0.0605	+0.1944
condition-5-ur-5k	ur	42	2	sib200	ur	en	n	n	0.6814	0.6667	0.5686	-0.1127	-0.0147	-0.0980
condition-5-ur-5k	ur	42	2	sib200	ur	ur	y	y	0.5294	0.5441	0.5490	+0.0196	+0.0147	+0.0049
condition-5-ur-5k	ur	42	2	sib200	zh	en	n	n	0.6961	0.6716	0.6716	-0.0245	-0.0245	+0.0000
condition-5-ur-5k	ur	42	2	sib200	zh	ur	n	y	0.3971	0.4853	0.5343	+0.1373	+0.0882	+0.0490
condition-5-ur-5k	ur	42	2	xnli	en	en	y	n	0.3786	0.3565	0.3405	-0.0381	-0.0222	-0.0160
condition-5-ur-5k	ur	42	2	xnli	en	ur	n	y	0.2589	0.2512	0.3577	+0.0988	-0.0077	+0.1065
condition-5-ur-5k	ur	42	2	xnli	es	en	n	n	0.3661	0.3547	0.3437	-0.0224	-0.0114	-0.0110
condition-5-ur-5k	ur	42	2	xnli	es	ur	n	y	0.3319	0.3191	0.3377	+0.0058	-0.0128	+0.0186
condition-5-ur-5k	ur	42	2	xnli	ur	en	n	n	0.3357	0.3330	0.3236	-0.0122	-0.0027	-0.0094
condition-5-ur-5k	ur	42	2	xnli	ur	ur	y	y	0.3228	0.3246	0.3327	+0.0100	+0.0019	+0.0081
condition-5-ur-5k	ur	42	2	xnli	zh	en	n	n	0.4649	0.4415	0.4301	-0.0347	-0.0234	-0.0113
condition-5-ur-5k	ur	42	2	xnli	zh	ur	n	y	0.3341	0.3365	0.3345	+0.0004	+0.0023	-0.0019
condition-5-zh-5k	zh	42	1	belebele	en	en	y	n	0.7678	0.7781	0.7778	+0.0100	+0.0104	-0.0004
condition-5-zh-5k	zh	42	1	belebele	en	zh	n	y	0.7889	0.7885	0.8056	+0.0167	-0.0004	+0.0170
condition-5-zh-5k	zh	42	1	belebele	es	en	n	n	0.6911	0.7000	0.7044	+0.0133	+0.0089	+0.0044
condition-5-zh-5k	zh	42	1	belebele	es	zh	n	y	0.6956	0.6937	0.7478	+0.0522	-0.0019	+0.0541
condition-5-zh-5k	zh	42	1	belebele	ur	en	n	n	0.6044	0.6130	0.6189	+0.0144	+0.0085	+0.0059
condition-5-zh-5k	zh	42	1	belebele	ur	zh	n	y	0.5922	0.5996	0.6089	+0.0167	+0.0074	+0.0093
condition-5-zh-5k	zh	42	1	belebele	zh	en	n	n	0.7500	0.7596	0.7633	+0.0133	+0.0096	+0.0037
condition-5-zh-5k	zh	42	1	belebele	zh	zh	y	y	0.7756	0.7752	0.7822	+0.0067	-0.0004	+0.0070
condition-5-zh-5k	zh	42	1	csqa	en	en	y	n	0.6070	0.6120	0.5920	-0.0150	+0.0050	-0.0200
condition-5-zh-5k	zh	42	1	csqa	en	zh	n	y	0.6410	0.6447	0.6160	-0.0250	+0.0037	-0.0287
condition-5-zh-5k	zh	42	1	csqa	es	en	n	n	0.5240	0.5303	0.5110	-0.0130	+0.0063	-0.0193
condition-5-zh-5k	zh	42	1	csqa	es	zh	n	y	0.5470	0.5480	0.5370	-0.0100	+0.0010	-0.0110
condition-5-zh-5k	zh	42	1	csqa	ur	en	n	n	0.4240	0.4237	0.3780	-0.0460	-0.0003	-0.0457
condition-5-zh-5k	zh	42	1	csqa	ur	zh	n	y	0.3760	0.3867	0.3990	+0.0230	+0.0107	+0.0123
condition-5-zh-5k	zh	42	1	csqa	zh	en	n	n	0.5450	0.5527	0.5160	-0.0290	+0.0077	-0.0367
condition-5-zh-5k	zh	42	1	csqa	zh	zh	y	y	0.5340	0.5267	0.5310	-0.0030	-0.0073	+0.0043
condition-5-zh-5k	zh	42	1	sib200	en	en	y	n	0.7549	0.7533	0.6569	-0.0980	-0.0016	-0.0964
condition-5-zh-5k	zh	42	1	sib200	en	zh	n	y	0.7157	0.7059	0.4559	-0.2598	-0.0098	-0.2500
condition-5-zh-5k	zh	42	1	sib200	es	en	n	n	0.7745	0.7582	0.7059	-0.0686	-0.0163	-0.0523
condition-5-zh-5k	zh	42	1	sib200	es	zh	n	y	0.6373	0.6324	0.4118	-0.2255	-0.0049	-0.2206
condition-5-zh-5k	zh	42	1	sib200	ur	en	n	n	0.7255	0.6895	0.5588	-0.1667	-0.0359	-0.1307
condition-5-zh-5k	zh	42	1	sib200	ur	zh	n	y	0.5735	0.5539	0.3186	-0.2549	-0.0196	-0.2353
condition-5-zh-5k	zh	42	1	sib200	zh	en	n	n	0.7892	0.7500	0.6422	-0.1471	-0.0392	-0.1078
condition-5-zh-5k	zh	42	1	sib200	zh	zh	y	y	0.6667	0.6650	0.5343	-0.1324	-0.0016	-0.1307
condition-5-zh-5k	zh	42	1	xnli	en	en	y	n	0.4998	0.5226	0.3731	-0.1267	+0.0228	-0.1496
condition-5-zh-5k	zh	42	1	xnli	en	zh	n	y	0.3333	0.3340	0.3545	+0.0212	+0.0007	+0.0205
condition-5-zh-5k	zh	42	1	xnli	es	en	n	n	0.4525	0.4687	0.3387	-0.1138	+0.0162	-0.1300
condition-5-zh-5k	zh	42	1	xnli	es	zh	n	y	0.3337	0.3343	0.3840	+0.0503	+0.0005	+0.0498
condition-5-zh-5k	zh	42	1	xnli	ur	en	n	n	0.4343	0.4375	0.3431	-0.0912	+0.0032	-0.0944
condition-5-zh-5k	zh	42	1	xnli	ur	zh	n	y	0.3311	0.3331	0.3377	+0.0066	+0.0020	+0.0046
condition-5-zh-5k	zh	42	1	xnli	zh	en	n	n	0.3906	0.4034	0.3737	-0.0170	+0.0128	-0.0297
condition-5-zh-5k	zh	42	1	xnli	zh	zh	y	y	0.3329	0.3349	0.3525	+0.0196	+0.0020	+0.0176
condition-5-zh-5k	zh	42	2	belebele	en	en	y	n	0.7822	0.7870	0.8044	+0.0222	+0.0048	+0.0174
condition-5-zh-5k	zh	42	2	belebele	en	zh	n	y	0.8000	0.8015	0.8144	+0.0144	+0.0015	+0.0130
condition-5-zh-5k	zh	42	2	belebele	es	en	n	n	0.7011	0.7096	0.7289	+0.0278	+0.0085	+0.0193
condition-5-zh-5k	zh	42	2	belebele	es	zh	n	y	0.7167	0.7193	0.7356	+0.0189	+0.0026	+0.0163
condition-5-zh-5k	zh	42	2	belebele	ur	en	n	n	0.6144	0.6200	0.6278	+0.0133	+0.0056	+0.0078
condition-5-zh-5k	zh	42	2	belebele	ur	zh	n	y	0.6067	0.6030	0.6233	+0.0167	-0.0037	+0.0204
condition-5-zh-5k	zh	42	2	belebele	zh	en	n	n	0.7589	0.7637	0.7756	+0.0167	+0.0048	+0.0119
condition-5-zh-5k	zh	42	2	belebele	zh	zh	y	y	0.7611	0.7578	0.7789	+0.0178	-0.0033	+0.0211
condition-5-zh-5k	zh	42	2	csqa	en	en	y	n	0.6070	0.6113	0.5950	-0.0120	+0.0043	-0.0163
condition-5-zh-5k	zh	42	2	csqa	en	zh	n	y	0.6310	0.6363	0.6020	-0.0290	+0.0053	-0.0343
condition-5-zh-5k	zh	42	2	csqa	es	en	n	n	0.5170	0.5260	0.5060	-0.0110	+0.0090	-0.0200
condition-5-zh-5k	zh	42	2	csqa	es	zh	n	y	0.5300	0.5293	0.5190	-0.0110	-0.0007	-0.0103
condition-5-zh-5k	zh	42	2	csqa	ur	en	n	n	0.4170	0.4197	0.3660	-0.0510	+0.0027	-0.0537
condition-5-zh-5k	zh	42	2	csqa	ur	zh	n	y	0.4020	0.4030	0.3780	-0.0240	+0.0010	-0.0250
condition-5-zh-5k	zh	42	2	csqa	zh	en	n	n	0.5320	0.5323	0.4950	-0.0370	+0.0003	-0.0373
condition-5-zh-5k	zh	42	2	csqa	zh	zh	y	y	0.5320	0.5343	0.5020	-0.0300	+0.0023	-0.0323
condition-5-zh-5k	zh	42	2	sib200	en	en	y	n	0.7206	0.7092	0.7010	-0.0196	-0.0114	-0.0082
condition-5-zh-5k	zh	42	2	sib200	en	zh	n	y	0.6520	0.6503	0.5049	-0.1471	-0.0016	-0.1454
condition-5-zh-5k	zh	42	2	sib200	es	en	n	n	0.6765	0.6585	0.6618	-0.0147	-0.0180	+0.0033
condition-5-zh-5k	zh	42	2	sib200	es	zh	n	y	0.5931	0.5752	0.4559	-0.1373	-0.0180	-0.1193
condition-5-zh-5k	zh	42	2	sib200	ur	en	n	n	0.6814	0.6667	0.6078	-0.0735	-0.0147	-0.0588
condition-5-zh-5k	zh	42	2	sib200	ur	zh	n	y	0.5343	0.5294	0.3039	-0.2304	-0.0049	-0.2255
condition-5-zh-5k	zh	42	2	sib200	zh	en	n	n	0.6961	0.6716	0.7010	+0.0049	-0.0245	+0.0294
condition-5-zh-5k	zh	42	2	sib200	zh	zh	y	y	0.6225	0.6242	0.5392	-0.0833	+0.0016	-0.0850
condition-5-zh-5k	zh	42	2	xnli	en	en	y	n	0.3786	0.3565	0.4842	+0.1056	-0.0222	+0.1277
condition-5-zh-5k	zh	42	2	xnli	en	zh	n	y	0.3337	0.3840	0.3064	-0.0273	+0.0502	-0.0776
condition-5-zh-5k	zh	42	2	xnli	es	en	n	n	0.3661	0.3547	0.4519	+0.0858	-0.0114	+0.0972
condition-5-zh-5k	zh	42	2	xnli	es	zh	n	y	0.2369	0.3463	0.3347	+0.0978	+0.1094	-0.0116
condition-5-zh-5k	zh	42	2	xnli	ur	en	n	n	0.3357	0.3330	0.3906	+0.0549	-0.0027	+0.0576
condition-5-zh-5k	zh	42	2	xnli	ur	zh	n	y	0.2078	0.2758	0.1655	-0.0423	+0.0681	-0.1104
condition-5-zh-5k	zh	42	2	xnli	zh	en	n	n	0.4649	0.4415	0.3872	-0.0776	-0.0234	-0.0542
condition-5-zh-5k	zh	42	2	xnli	zh	zh	y	y	0.2491	0.2910	0.3479	+0.0988	+0.0418	+0.0570
