condition	seed	template	data_lang	instr_lang	n	accuracy	top_pred	top_pred_count	top_pred_share	top_raw	top_raw_count	top_raw_share	correct_count	correct_via_constant_pred_count	correct_via_constant_pred_pct	correct_via_constant_raw_count	correct_via_constant_raw_pct
baseline	seednone	1	en	en	204	0.7549	science/technology	88	0.4314	Science/Technology	88	0.4314	154	51	0.3312	51	0.3312
baseline	seednone	1	en	es	204	0.6618	science/technology	110	0.5392	Science/Technology	110	0.5392	135	51	0.3778	51	0.3778
baseline	seednone	1	en	ur	204	0.4951	science/technology	97	0.4755	science/تکنالوجی	52	0.2549	101	50	0.4950	28	0.2772
baseline	seednone	1	en	zh	204	0.7157	science/technology	93	0.4559	science/technology	93	0.4559	146	50	0.3425	50	0.3425
baseline	seednone	1	es	en	204	0.7745	science/technology	80	0.3922	Science/Technology	78	0.3824	158	48	0.3038	46	0.2911
baseline	seednone	1	es	es	204	0.6520	science/technology	110	0.5392	Science/Technology	110	0.5392	133	51	0.3835	51	0.3835
baseline	seednone	1	es	ur	204	0.5343	science/technology	77	0.3775	سائنس/تکنالوجی	66	0.3235	109	45	0.4128	42	0.3853
baseline	seednone	1	es	zh	204	0.6373	science/technology	106	0.5196	science/technology	92	0.4510	130	51	0.3923	50	0.3846
baseline	seednone	1	ur	en	204	0.7255	science/technology	77	0.3775	science/technology	76	0.3725	148	46	0.3108	46	0.3108
baseline	seednone	1	ur	es	204	0.5343	science/technology	133	0.6520	Science/Technology	96	0.4706	109	50	0.4587	29	0.2661
baseline	seednone	1	ur	ur	204	0.5735	science/technology	109	0.5343	سائنس/تکنالوجی	54	0.2647	117	47	0.4017	24	0.2051
baseline	seednone	1	ur	zh	204	0.5735	science/technology	130	0.6373	science/technology	128	0.6275	117	51	0.4359	51	0.4359
baseline	seednone	1	zh	en	204	0.7892	science/technology	65	0.3186	Science/Technology	37	0.1814	161	46	0.2857	26	0.1615
baseline	seednone	1	zh	es	204	0.5882	science/technology	124	0.6078	Science/Technology	116	0.5686	120	51	0.4250	50	0.4167
baseline	seednone	1	zh	ur	204	0.5294	science/technology	81	0.3971	سائنس/تکنالوجی	68	0.3333	108	44	0.4074	41	0.3796
baseline	seednone	1	zh	zh	204	0.6667	science/technology	101	0.4951	science/technology	82	0.4020	136	50	0.3676	50	0.3676
baseline	seednone	2	en	en	204	0.7206	science/technology	88	0.4314	Science/Technology	87	0.4265	147	50	0.3401	50	0.3401
baseline	seednone	2	en	es	204	0.5539	science/technology	133	0.6520	Science/Technology	109	0.5343	113	51	0.4513	41	0.3628
baseline	seednone	2	en	ur	204	0.3971	science/technology	97	0.4755	سائنس/تکنالوجی	70	0.3431	81	49	0.6049	41	0.5062
baseline	seednone	2	en	zh	204	0.6520	science/technology	99	0.4853	science/technology	70	0.3431	133	48	0.3609	38	0.2857
baseline	seednone	2	es	en	204	0.6765	science/technology	93	0.4559	Science/Technology	93	0.4559	138	50	0.3623	50	0.3623
baseline	seednone	2	es	es	204	0.5147	science/technology	141	0.6912	Science/Technology	76	0.3725	105	51	0.4857	25	0.2381
baseline	seednone	2	es	ur	204	0.3088	science/technology	88	0.4314	سائنس/ٹیکنالوجی	48	0.2353	63	47	0.7460	29	0.4603
baseline	seednone	2	es	zh	204	0.5931	science/technology	114	0.5588	science/technology	59	0.2892	121	50	0.4132	34	0.2810
baseline	seednone	2	ur	en	204	0.6814	science/technology	85	0.4167	Science/Technology	78	0.3824	139	49	0.3525	43	0.3094
baseline	seednone	2	ur	es	204	0.6127	science/technology	110	0.5392	science/technology	61	0.2990	125	48	0.3840	26	0.2080
baseline	seednone	2	ur	ur	204	0.5294	science/technology	92	0.4510	سائنس/تکنالوجی	63	0.3088	108	45	0.4167	28	0.2593
baseline	seednone	2	ur	zh	204	0.5343	science/technology	123	0.6029	science/technology	121	0.5931	109	48	0.4404	48	0.4404
baseline	seednone	2	zh	en	204	0.6961	science/technology	88	0.4314	Science/Technology	88	0.4314	142	50	0.3521	50	0.3521
baseline	seednone	2	zh	es	204	0.5588	science/technology	122	0.5980	Science/Technology	92	0.4510	114	48	0.4211	35	0.3070
baseline	seednone	2	zh	ur	204	0.3971	science/technology	71	0.3480	سائنس/ٹیکنالوجی	39	0.1912	81	46	0.5679	28	0.3457
baseline	seednone	2	zh	zh	204	0.6225	science/technology	104	0.5098	science/technology	65	0.3186	127	47	0.3701	38	0.2992
condition-1-en-20k	seed42	1	en	en	204	0.7549	science/technology	90	0.4412	Science/Technology	90	0.4412	154	51	0.3312	51	0.3312
condition-1-en-20k	seed42	1	en	es	204	0.6176	science/technology	117	0.5735	Science/Technology	117	0.5735	126	51	0.4048	51	0.4048
condition-1-en-20k	seed42	1	en	ur	204	0.4951	science/technology	107	0.5245	science/تکنالوجی	74	0.3627	101	51	0.5050	35	0.3465
condition-1-en-20k	seed42	1	en	zh	204	0.6961	science/technology	100	0.4902	science/technology	100	0.4902	142	50	0.3521	50	0.3521
condition-1-en-20k	seed42	1	es	en	204	0.7745	science/technology	85	0.4167	Science/Technology	80	0.3922	158	50	0.3165	45	0.2848
condition-1-en-20k	seed42	1	es	es	204	0.6029	science/technology	123	0.6029	Science/Technology	123	0.6029	123	51	0.4146	51	0.4146
condition-1-en-20k	seed42	1	es	ur	204	0.5147	science/technology	78	0.3824	سائنس/تکنالوجی	58	0.2843	105	45	0.4286	37	0.3524
condition-1-en-20k	seed42	1	es	zh	204	0.6225	science/technology	109	0.5343	science/technology	104	0.5098	127	51	0.4016	51	0.4016
condition-1-en-20k	seed42	1	ur	en	204	0.6863	science/technology	88	0.4314	science/technology	87	0.4265	140	46	0.3286	46	0.3286
condition-1-en-20k	seed42	1	ur	es	204	0.5000	science/technology	140	0.6863	science/technology	75	0.3676	102	50	0.4902	35	0.3431
condition-1-en-20k	seed42	1	ur	ur	204	0.5686	science/technology	123	0.6029	science/تکنالوجی	70	0.3431	116	49	0.4224	29	0.2500
condition-1-en-20k	seed42	1	ur	zh	204	0.5245	science/technology	142	0.6961	science/technology	141	0.6912	107	51	0.4766	51	0.4766
condition-1-en-20k	seed42	1	zh	en	204	0.7647	science/technology	76	0.3725	science/technology	39	0.1912	156	47	0.3013	26	0.1667
condition-1-en-20k	seed42	1	zh	es	204	0.5490	science/technology	132	0.6471	Science/Technology	120	0.5882	112	51	0.4554	48	0.4286
condition-1-en-20k	seed42	1	zh	ur	204	0.5294	science/technology	86	0.4216	سائنس/تکنالوجی	59	0.2892	108	45	0.4167	36	0.3333
condition-1-en-20k	seed42	1	zh	zh	204	0.6471	science/technology	111	0.5441	science/technology	93	0.4559	132	51	0.3864	50	0.3788
condition-1-en-20k	seed42	2	en	en	204	0.6863	science/technology	96	0.4706	Science/Technology	96	0.4706	140	50	0.3571	50	0.3571
condition-1-en-20k	seed42	2	en	es	204	0.4657	science/technology	155	0.7598	Science/Technology	132	0.6471	95	51	0.5368	43	0.4526
condition-1-en-20k	seed42	2	en	ur	204	0.4559	science/technology	99	0.4853	سائنس/تکنالوجی	68	0.3333	93	49	0.5269	37	0.3978
condition-1-en-20k	seed42	2	en	zh	204	0.6373	science/technology	102	0.5000	science/technology	85	0.4167	130	49	0.3769	46	0.3538
condition-1-en-20k	seed42	2	es	en	204	0.6422	science/technology	103	0.5049	Science/Technology	103	0.5049	131	50	0.3817	50	0.3817
condition-1-en-20k	seed42	2	es	es	204	0.4608	science/technology	157	0.7696	Science/Technology	98	0.4804	94	51	0.5426	28	0.2979
condition-1-en-20k	seed42	2	es	ur	204	0.4118	science/technology	88	0.4314	سائنس/ٹیکنالوجی	69	0.3382	84	47	0.5595	41	0.4881
condition-1-en-20k	seed42	2	es	zh	204	0.5833	science/technology	117	0.5735	science/technology	73	0.3578	119	51	0.4286	39	0.3277
condition-1-en-20k	seed42	2	ur	en	204	0.6471	science/technology	95	0.4657	Science/Technology	70	0.3431	132	49	0.3712	32	0.2424
condition-1-en-20k	seed42	2	ur	es	204	0.5196	science/technology	136	0.6667	science/technology	73	0.3578	106	50	0.4717	26	0.2453
condition-1-en-20k	seed42	2	ur	ur	204	0.5637	science/technology	93	0.4559	سائنس/تکنالوجی	61	0.2990	115	44	0.3826	27	0.2348
condition-1-en-20k	seed42	2	ur	zh	204	0.5049	science/technology	126	0.6176	science/technology	123	0.6029	103	49	0.4757	47	0.4563
condition-1-en-20k	seed42	2	zh	en	204	0.6324	science/technology	104	0.5098	Science/Technology	103	0.5049	129	50	0.3876	49	0.3798
condition-1-en-20k	seed42	2	zh	es	204	0.5196	science/technology	140	0.6863	Science/Technology	107	0.5245	106	49	0.4623	36	0.3396
condition-1-en-20k	seed42	2	zh	ur	204	0.4951	science/technology	77	0.3775	سائنس/ٹیکنالوجی	50	0.2451	101	46	0.4554	33	0.3267
condition-1-en-20k	seed42	2	zh	zh	204	0.6176	science/technology	109	0.5343	science/technology	69	0.3382	126	48	0.3810	40	0.3175
condition-1-en-5k	seed123	1	en	en	204	0.7500	science/technology	89	0.4363	Science/Technology	87	0.4265	153	51	0.3333	50	0.3268
condition-1-en-5k	seed123	1	en	es	204	0.6618	science/technology	109	0.5343	Science/Technology	109	0.5343	135	51	0.3778	51	0.3778
condition-1-en-5k	seed123	1	en	ur	204	0.4902	science/technology	103	0.5049	science/تکنالوجی	74	0.3627	100	50	0.5000	39	0.3900
condition-1-en-5k	seed123	1	en	zh	204	0.7108	science/technology	95	0.4657	science/technology	95	0.4657	145	50	0.3448	50	0.3448
condition-1-en-5k	seed123	1	es	en	204	0.7549	science/technology	77	0.3775	Science/Technology	63	0.3088	154	45	0.2922	36	0.2338
condition-1-en-5k	seed123	1	es	es	204	0.6471	science/technology	114	0.5588	Science/Technology	114	0.5588	132	51	0.3864	51	0.3864
condition-1-en-5k	seed123	1	es	ur	204	0.4951	science/technology	77	0.3775	سائنس/تکنالوجی	57	0.2794	101	45	0.4455	37	0.3663
condition-1-en-5k	seed123	1	es	zh	204	0.6373	science/technology	105	0.5147	science/technology	102	0.5000	130	51	0.3923	51	0.3923
condition-1-en-5k	seed123	1	ur	en	204	0.6912	science/technology	89	0.4363	science/technology	88	0.4314	141	46	0.3262	46	0.3262
condition-1-en-5k	seed123	1	ur	es	204	0.5245	science/technology	134	0.6569	Science/Technology	68	0.3333	107	50	0.4673	16	0.1495
condition-1-en-5k	seed123	1	ur	ur	204	0.5637	science/technology	122	0.5980	science/تکنالوجی	80	0.3922	115	50	0.4348	34	0.2957
condition-1-en-5k	seed123	1	ur	zh	204	0.5539	science/technology	133	0.6520	science/technology	132	0.6471	113	51	0.4513	51	0.4513
condition-1-en-5k	seed123	1	zh	en	204	0.7451	science/technology	75	0.3676	science/technology	58	0.2843	152	44	0.2895	37	0.2434
condition-1-en-5k	seed123	1	zh	es	204	0.5882	science/technology	125	0.6127	Science/Technology	116	0.5686	120	51	0.4250	47	0.3917
condition-1-en-5k	seed123	1	zh	ur	204	0.5196	science/technology	93	0.4559	سائنس/تکنالوجی	49	0.2402	106	46	0.4340	28	0.2642
condition-1-en-5k	seed123	1	zh	zh	204	0.6716	science/technology	100	0.4902	science/technology	90	0.4412	137	50	0.3650	50	0.3650
condition-1-en-5k	seed123	2	en	en	204	0.7108	science/technology	90	0.4412	Science/Technology	89	0.4363	145	50	0.3448	50	0.3448
condition-1-en-5k	seed123	2	en	es	204	0.5245	science/technology	141	0.6912	Science/Technology	121	0.5931	107	51	0.4766	45	0.4206
condition-1-en-5k	seed123	2	en	ur	204	0.4167	science/technology	96	0.4706	سائنس/تکنالوجی	59	0.2892	85	48	0.5647	34	0.4000
condition-1-en-5k	seed123	2	en	zh	204	0.6471	science/technology	97	0.4755	science/technology	82	0.4020	132	49	0.3712	45	0.3409
condition-1-en-5k	seed123	2	es	en	204	0.6569	science/technology	96	0.4706	Science/Technology	96	0.4706	134	50	0.3731	50	0.3731
condition-1-en-5k	seed123	2	es	es	204	0.5000	science/technology	145	0.7108	Science/Technology	85	0.4167	102	51	0.5000	27	0.2647
condition-1-en-5k	seed123	2	es	ur	204	0.3529	science/technology	85	0.4167	سائنس/ٹیکنالوجی	50	0.2451	72	47	0.6528	35	0.4861
condition-1-en-5k	seed123	2	es	zh	204	0.5784	science/technology	110	0.5392	science/technology	71	0.3480	118	48	0.4068	38	0.3220
condition-1-en-5k	seed123	2	ur	en	204	0.6716	science/technology	84	0.4118	Science/Technology	66	0.3235	137	48	0.3504	35	0.2555
condition-1-en-5k	seed123	2	ur	es	204	0.5637	science/technology	121	0.5931	science/technology	71	0.3480	115	48	0.4174	27	0.2348
condition-1-en-5k	seed123	2	ur	ur	204	0.5441	science/technology	96	0.4706	سائنس/تکنالوجی	48	0.2353	111	45	0.4054	20	0.1802
condition-1-en-5k	seed123	2	ur	zh	204	0.5343	science/technology	119	0.5833	science/technology	117	0.5735	109	49	0.4495	47	0.4312
condition-1-en-5k	seed123	2	zh	en	204	0.6667	science/technology	94	0.4608	Science/Technology	93	0.4559	136	50	0.3676	49	0.3603
condition-1-en-5k	seed123	2	zh	es	204	0.5441	science/technology	126	0.6176	Science/Technology	105	0.5147	111	48	0.4324	39	0.3514
condition-1-en-5k	seed123	2	zh	ur	204	0.4853	science/technology	77	0.3775	سائنس/ٹیکنالوجی	36	0.1765	99	46	0.4646	27	0.2727
condition-1-en-5k	seed123	2	zh	zh	204	0.6275	science/technology	104	0.5098	science/technology	73	0.3578	128	47	0.3672	38	0.2969
condition-1-en-5k	seed42	1	en	en	204	0.7500	science/technology	90	0.4412	Science/Technology	87	0.4265	153	51	0.3333	49	0.3203
condition-1-en-5k	seed42	1	en	es	204	0.6373	science/technology	116	0.5686	Science/Technology	116	0.5686	130	51	0.3923	51	0.3923
condition-1-en-5k	seed42	1	en	ur	204	0.4755	science/technology	109	0.5343	science/تکنالوجی	82	0.4020	97	51	0.5258	40	0.4124
condition-1-en-5k	seed42	1	en	zh	204	0.6961	science/technology	100	0.4902	science/technology	100	0.4902	142	50	0.3521	50	0.3521
condition-1-en-5k	seed42	1	es	en	204	0.7647	science/technology	82	0.4020	Science/Technology	58	0.2843	156	48	0.3077	33	0.2115
condition-1-en-5k	seed42	1	es	es	204	0.6324	science/technology	118	0.5784	Science/Technology	118	0.5784	129	51	0.3953	51	0.3953
condition-1-en-5k	seed42	1	es	ur	204	0.5049	science/technology	80	0.3922	سائنس/تکنالوجی	58	0.2843	103	46	0.4466	37	0.3592
condition-1-en-5k	seed42	1	es	zh	204	0.6275	science/technology	108	0.5294	science/technology	103	0.5049	128	51	0.3984	51	0.3984
condition-1-en-5k	seed42	1	ur	en	204	0.6765	science/technology	95	0.4657	science/technology	94	0.4608	138	46	0.3333	46	0.3333
condition-1-en-5k	seed42	1	ur	es	204	0.5147	science/technology	138	0.6765	science/technology	84	0.4118	105	51	0.4857	42	0.4000
condition-1-en-5k	seed42	1	ur	ur	204	0.5539	science/technology	128	0.6275	science/تکنالوجی	88	0.4314	113	50	0.4425	35	0.3097
condition-1-en-5k	seed42	1	ur	zh	204	0.5441	science/technology	136	0.6667	science/technology	135	0.6618	111	51	0.4595	51	0.4595
condition-1-en-5k	seed42	1	zh	en	204	0.7500	science/technology	79	0.3873	science/technology	65	0.3186	153	45	0.2941	38	0.2484
condition-1-en-5k	seed42	1	zh	es	204	0.5588	science/technology	133	0.6520	Science/Technology	119	0.5833	114	51	0.4474	47	0.4123
condition-1-en-5k	seed42	1	zh	ur	204	0.5294	science/technology	93	0.4559	سائنس/تکنالوجی	50	0.2451	108	46	0.4259	30	0.2778
condition-1-en-5k	seed42	1	zh	zh	204	0.6618	science/technology	108	0.5294	science/technology	94	0.4608	135	51	0.3778	50	0.3704
condition-1-en-5k	seed42	2	en	en	204	0.7010	science/technology	94	0.4608	Science/Technology	93	0.4559	143	50	0.3497	50	0.3497
condition-1-en-5k	seed42	2	en	es	204	0.4951	science/technology	148	0.7255	Science/Technology	122	0.5980	101	51	0.5050	41	0.4059
condition-1-en-5k	seed42	2	en	ur	204	0.4363	science/technology	94	0.4608	سائنس/تکنالوجی	66	0.3235	89	48	0.5393	38	0.4270
condition-1-en-5k	seed42	2	en	zh	204	0.6520	science/technology	100	0.4902	science/technology	90	0.4412	133	49	0.3684	47	0.3534
condition-1-en-5k	seed42	2	es	en	204	0.6520	science/technology	99	0.4853	Science/Technology	99	0.4853	133	50	0.3759	50	0.3759
condition-1-en-5k	seed42	2	es	es	204	0.4951	science/technology	147	0.7206	Science/Technology	82	0.4020	101	51	0.5050	24	0.2376
condition-1-en-5k	seed42	2	es	ur	204	0.3873	science/technology	86	0.4216	سائنس/ٹیکنالوجی	45	0.2206	79	46	0.5823	27	0.3418
condition-1-en-5k	seed42	2	es	zh	204	0.5735	science/technology	116	0.5686	science/technology	80	0.3922	117	49	0.4188	41	0.3504
condition-1-en-5k	seed42	2	ur	en	204	0.6569	science/technology	91	0.4461	Science/Technology	61	0.2990	134	49	0.3657	29	0.2164
condition-1-en-5k	seed42	2	ur	es	204	0.5392	science/technology	134	0.6569	science/technology	81	0.3971	110	51	0.4636	30	0.2727
condition-1-en-5k	seed42	2	ur	ur	204	0.5392	science/technology	95	0.4657	سائنس/تکنالوجی	51	0.2500	110	44	0.4000	22	0.2000
condition-1-en-5k	seed42	2	ur	zh	204	0.5196	science/technology	124	0.6078	science/technology	122	0.5980	106	49	0.4623	47	0.4434
condition-1-en-5k	seed42	2	zh	en	204	0.6667	science/technology	97	0.4755	Science/Technology	96	0.4706	136	50	0.3676	49	0.3603
condition-1-en-5k	seed42	2	zh	es	204	0.5294	science/technology	129	0.6324	Science/Technology	101	0.4951	108	48	0.4444	36	0.3333
condition-1-en-5k	seed42	2	zh	ur	204	0.4951	science/technology	75	0.3676	سیاست	35	0.1716	101	46	0.4554	19	0.1881
condition-1-en-5k	seed42	2	zh	zh	204	0.6225	science/technology	109	0.5343	science/technology	79	0.3873	127	48	0.3780	40	0.3150
condition-1-en-5k	seed456	1	en	en	204	0.7598	science/technology	89	0.4363	Science/Technology	88	0.4314	155	51	0.3290	50	0.3226
condition-1-en-5k	seed456	1	en	es	204	0.6471	science/technology	113	0.5539	Science/Technology	113	0.5539	132	51	0.3864	51	0.3864
condition-1-en-5k	seed456	1	en	ur	204	0.4755	science/technology	102	0.5000	science/تکنالوجی	77	0.3775	97	50	0.5155	40	0.4124
condition-1-en-5k	seed456	1	en	zh	204	0.7108	science/technology	94	0.4608	science/technology	94	0.4608	145	50	0.3448	50	0.3448
condition-1-en-5k	seed456	1	es	en	204	0.7549	science/technology	78	0.3824	Science/Technology	67	0.3284	154	45	0.2922	37	0.2403
condition-1-en-5k	seed456	1	es	es	204	0.6373	science/technology	116	0.5686	Science/Technology	116	0.5686	130	51	0.3923	51	0.3923
condition-1-en-5k	seed456	1	es	ur	204	0.4804	science/technology	77	0.3775	سائنس/تکنالوجی	57	0.2794	98	45	0.4592	37	0.3776
condition-1-en-5k	seed456	1	es	zh	204	0.6324	science/technology	106	0.5196	science/technology	98	0.4804	129	51	0.3953	51	0.3953
condition-1-en-5k	seed456	1	ur	en	204	0.7010	science/technology	88	0.4314	science/technology	87	0.4265	143	46	0.3217	46	0.3217
condition-1-en-5k	seed456	1	ur	es	204	0.5147	science/technology	140	0.6863	Science/Technology	73	0.3578	105	51	0.4857	17	0.1619
condition-1-en-5k	seed456	1	ur	ur	204	0.5588	science/technology	123	0.6029	science/تکنالوجی	79	0.3873	114	50	0.4386	33	0.2895
condition-1-en-5k	seed456	1	ur	zh	204	0.5637	science/technology	133	0.6520	science/technology	132	0.6471	115	51	0.4435	51	0.4435
condition-1-en-5k	seed456	1	zh	en	204	0.7549	science/technology	73	0.3578	science/technology	47	0.2304	154	44	0.2857	31	0.2013
condition-1-en-5k	seed456	1	zh	es	204	0.5735	science/technology	126	0.6176	Science/Technology	119	0.5833	117	51	0.4359	49	0.4188
condition-1-en-5k	seed456	1	zh	ur	204	0.5245	science/technology	88	0.4314	سائنس/تکنالوجی	55	0.2696	107	46	0.4299	33	0.3084
condition-1-en-5k	seed456	1	zh	zh	204	0.6618	science/technology	103	0.5049	science/technology	88	0.4314	135	50	0.3704	50	0.3704
condition-1-en-5k	seed456	2	en	en	204	0.7157	science/technology	89	0.4363	Science/Technology	88	0.4314	146	50	0.3425	50	0.3425
condition-1-en-5k	seed456	2	en	es	204	0.5196	science/technology	143	0.7010	Science/Technology	114	0.5588	106	51	0.4811	39	0.3679
condition-1-en-5k	seed456	2	en	ur	204	0.4167	science/technology	94	0.4608	سائنس/تکنالوجی	69	0.3382	85	48	0.5647	39	0.4588
condition-1-en-5k	seed456	2	en	zh	204	0.6520	science/technology	98	0.4804	science/technology	78	0.3824	133	49	0.3684	45	0.3383
condition-1-en-5k	seed456	2	es	en	204	0.6667	science/technology	96	0.4706	Science/Technology	96	0.4706	136	50	0.3676	50	0.3676
condition-1-en-5k	seed456	2	es	es	204	0.5049	science/technology	144	0.7059	Science/Technology	65	0.3186	103	51	0.4951	19	0.1845
condition-1-en-5k	seed456	2	es	ur	204	0.3676	science/technology	85	0.4167	سائنس/ٹیکنالوجی	59	0.2892	75	47	0.6267	37	0.4933
condition-1-en-5k	seed456	2	es	zh	204	0.5735	science/technology	113	0.5539	science/technology	66	0.3235	117	49	0.4188	38	0.3248
condition-1-en-5k	seed456	2	ur	en	204	0.6716	science/technology	86	0.4216	Science/Technology	69	0.3382	137	49	0.3577	36	0.2628
condition-1-en-5k	seed456	2	ur	es	204	0.5882	science/technology	119	0.5833	science/technology	58	0.2843	120	50	0.4167	24	0.2000
condition-1-en-5k	seed456	2	ur	ur	204	0.5490	science/technology	90	0.4412	سائنس/تکنالوجی	55	0.2696	112	45	0.4018	26	0.2321
condition-1-en-5k	seed456	2	ur	zh	204	0.5343	science/technology	119	0.5833	science/technology	118	0.5784	109	49	0.4495	48	0.4404
condition-1-en-5k	seed456	2	zh	en	204	0.6814	science/technology	92	0.4510	Science/Technology	91	0.4461	139	50	0.3597	49	0.3525
condition-1-en-5k	seed456	2	zh	es	204	0.5392	science/technology	129	0.6324	Science/Technology	99	0.4853	110	49	0.4455	36	0.3273
condition-1-en-5k	seed456	2	zh	ur	204	0.4755	science/technology	75	0.3676	سائنس/ٹیکنالوجی	40	0.1961	97	46	0.4742	30	0.3093
condition-1-en-5k	seed456	2	zh	zh	204	0.6225	science/technology	105	0.5147	science/technology	67	0.3284	127	48	0.3780	41	0.3228
condition-2-es-20k	seed42	1	en	en	204	0.7549	science/technology	89	0.4363	Science/Technology	84	0.4118	154	51	0.3312	48	0.3117
condition-2-es-20k	seed42	1	en	es	204	0.6814	science/technology	99	0.4853	Science/Technology	99	0.4853	139	51	0.3669	51	0.3669
condition-2-es-20k	seed42	1	es	en	204	0.7598	science/technology	82	0.4020	Science/Technology	51	0.2500	155	47	0.3032	28	0.1806
condition-2-es-20k	seed42	1	es	es	204	0.6765	science/technology	105	0.5147	Science/Technology	105	0.5147	138	51	0.3696	51	0.3696
condition-2-es-20k	seed42	1	ur	en	204	0.7108	science/technology	93	0.4559	science/technology	92	0.4510	145	48	0.3310	48	0.3310
condition-2-es-20k	seed42	1	ur	es	204	0.5686	science/technology	118	0.5784	science/technology	104	0.5098	116	51	0.4397	49	0.4224
condition-2-es-20k	seed42	1	zh	en	204	0.7647	science/technology	75	0.3676	science/technology	64	0.3137	156	46	0.2949	40	0.2564
condition-2-es-20k	seed42	1	zh	es	204	0.6520	science/technology	89	0.4363	Science/Technology	57	0.2794	133	47	0.3534	24	0.1805
condition-2-es-20k	seed42	2	en	en	204	0.6912	science/technology	96	0.4706	Science/Technology	96	0.4706	141	50	0.3546	50	0.3546
condition-2-es-20k	seed42	2	en	es	204	0.5049	science/technology	142	0.6961	Science/Technology	142	0.6961	103	51	0.4951	51	0.4951
condition-2-es-20k	seed42	2	es	en	204	0.6520	science/technology	100	0.4902	Science/Technology	100	0.4902	133	49	0.3684	49	0.3684
condition-2-es-20k	seed42	2	es	es	204	0.5000	science/technology	143	0.7010	Science/Technology	143	0.7010	102	51	0.5000	51	0.5000
condition-2-es-20k	seed42	2	ur	en	204	0.6471	science/technology	95	0.4657	Science/Technology	48	0.2353	132	49	0.3712	19	0.1439
condition-2-es-20k	seed42	2	ur	es	204	0.4314	science/technology	143	0.7010	science/technology	140	0.6863	88	49	0.5568	49	0.5568
condition-2-es-20k	seed42	2	zh	en	204	0.6373	science/technology	100	0.4902	Science/Technology	97	0.4755	130	49	0.3769	46	0.3538
condition-2-es-20k	seed42	2	zh	es	204	0.5245	science/technology	112	0.5490	Science/Technology	77	0.3775	107	47	0.4393	25	0.2336
condition-2-es-5k	seed123	1	en	en	204	0.7647	science/technology	87	0.4265	Science/Technology	82	0.4020	156	51	0.3269	48	0.3077
condition-2-es-5k	seed123	1	en	es	204	0.6716	science/technology	102	0.5000	Science/Technology	102	0.5000	137	51	0.3723	51	0.3723
condition-2-es-5k	seed123	1	es	en	204	0.7549	science/technology	77	0.3775	Science/Technology	54	0.2647	154	45	0.2922	31	0.2013
condition-2-es-5k	seed123	1	es	es	204	0.6422	science/technology	111	0.5441	Science/Technology	110	0.5392	131	51	0.3893	50	0.3817
condition-2-es-5k	seed123	1	ur	en	204	0.6961	science/technology	91	0.4461	science/technology	90	0.4412	142	48	0.3380	48	0.3380
condition-2-es-5k	seed123	1	ur	es	204	0.5441	science/technology	124	0.6078	science/technology	109	0.5343	111	51	0.4595	50	0.4505
condition-2-es-5k	seed123	1	zh	en	204	0.7696	science/technology	75	0.3676	science/technology	70	0.3431	157	47	0.2994	44	0.2803
condition-2-es-5k	seed123	1	zh	es	204	0.6422	science/technology	102	0.5000	Science/Technology	67	0.3284	131	51	0.3893	24	0.1832
condition-2-es-5k	seed123	2	en	en	204	0.6912	science/technology	94	0.4608	Science/Technology	93	0.4559	141	50	0.3546	50	0.3546
condition-2-es-5k	seed123	2	en	es	204	0.4902	science/technology	147	0.7206	Science/Technology	147	0.7206	100	51	0.5100	51	0.5100
condition-2-es-5k	seed123	2	es	en	204	0.6471	science/technology	96	0.4706	Science/Technology	96	0.4706	132	49	0.3712	49	0.3712
condition-2-es-5k	seed123	2	es	es	204	0.4755	science/technology	151	0.7402	Science/Technology	149	0.7304	97	51	0.5258	51	0.5258
condition-2-es-5k	seed123	2	ur	en	204	0.6618	science/technology	87	0.4265	Science/Technology	49	0.2402	135	48	0.3556	23	0.1704
condition-2-es-5k	seed123	2	ur	es	204	0.4314	science/technology	148	0.7255	science/technology	146	0.7157	88	48	0.5455	48	0.5455
condition-2-es-5k	seed123	2	zh	en	204	0.6471	science/technology	91	0.4461	Science/Technology	88	0.4314	132	49	0.3712	46	0.3485
condition-2-es-5k	seed123	2	zh	es	204	0.5000	science/technology	117	0.5735	Science/Technology	62	0.3039	102	47	0.4608	18	0.1765
condition-2-es-5k	seed42	1	en	en	204	0.7598	science/technology	87	0.4265	Science/Technology	81	0.3971	155	50	0.3226	46	0.2968
condition-2-es-5k	seed42	1	en	es	204	0.6716	science/technology	104	0.5098	Science/Technology	102	0.5000	137	51	0.3723	49	0.3577
condition-2-es-5k	seed42	1	es	en	204	0.7696	science/technology	82	0.4020	science/technology	44	0.2157	157	48	0.3057	26	0.1656
condition-2-es-5k	seed42	1	es	es	204	0.6422	science/technology	113	0.5539	Science/Technology	111	0.5441	131	51	0.3893	49	0.3740
condition-2-es-5k	seed42	1	ur	en	204	0.7010	science/technology	92	0.4510	science/technology	91	0.4461	143	49	0.3427	49	0.3427
condition-2-es-5k	seed42	1	ur	es	204	0.5245	science/technology	128	0.6275	science/technology	116	0.5686	107	51	0.4766	50	0.4673
condition-2-es-5k	seed42	1	zh	en	204	0.7647	science/technology	80	0.3922	science/technology	76	0.3725	156	48	0.3077	45	0.2885
condition-2-es-5k	seed42	1	zh	es	204	0.6275	science/technology	96	0.4706	science/technology	52	0.2549	128	48	0.3750	35	0.2734
condition-2-es-5k	seed42	2	en	en	204	0.7059	science/technology	95	0.4657	Science/Technology	94	0.4608	144	50	0.3472	50	0.3472
condition-2-es-5k	seed42	2	en	es	204	0.4853	science/technology	148	0.7255	Science/Technology	146	0.7157	99	51	0.5152	50	0.5051
condition-2-es-5k	seed42	2	es	en	204	0.6520	science/technology	99	0.4853	Science/Technology	99	0.4853	133	50	0.3759	50	0.3759
condition-2-es-5k	seed42	2	es	es	204	0.4706	science/technology	153	0.7500	Science/Technology	151	0.7402	96	51	0.5312	51	0.5312
condition-2-es-5k	seed42	2	ur	en	204	0.6520	science/technology	93	0.4559	Science/Technology	64	0.3137	133	49	0.3684	30	0.2256
condition-2-es-5k	seed42	2	ur	es	204	0.4363	science/technology	150	0.7353	science/technology	148	0.7255	89	49	0.5506	49	0.5506
condition-2-es-5k	seed42	2	zh	en	204	0.6569	science/technology	96	0.4706	Science/Technology	93	0.4559	134	50	0.3731	47	0.3507
condition-2-es-5k	seed42	2	zh	es	204	0.5000	science/technology	120	0.5882	Science/Technology	66	0.3235	102	47	0.4608	20	0.1961
condition-2-es-5k	seed456	1	en	en	204	0.7696	science/technology	87	0.4265	Science/Technology	81	0.3971	157	51	0.3248	47	0.2994
condition-2-es-5k	seed456	1	en	es	204	0.6765	science/technology	103	0.5049	Science/Technology	103	0.5049	138	51	0.3696	51	0.3696
condition-2-es-5k	seed456	1	es	en	204	0.7647	science/technology	79	0.3873	Science/Technology	43	0.2108	156	47	0.3013	26	0.1667
condition-2-es-5k	seed456	1	es	es	204	0.6471	science/technology	112	0.5490	Science/Technology	112	0.5490	132	51	0.3864	51	0.3864
condition-2-es-5k	seed456	1	ur	en	204	0.7010	science/technology	91	0.4461	science/technology	90	0.4412	143	49	0.3427	49	0.3427
condition-2-es-5k	seed456	1	ur	es	204	0.5392	science/technology	128	0.6275	science/technology	104	0.5098	110	51	0.4636	48	0.4364
condition-2-es-5k	seed456	1	zh	en	204	0.7696	science/technology	79	0.3873	science/technology	75	0.3676	157	48	0.3057	45	0.2866
condition-2-es-5k	seed456	1	zh	es	204	0.6471	science/technology	107	0.5245	Science/Technology	88	0.4314	132	51	0.3864	36	0.2727
condition-2-es-5k	seed456	2	en	en	204	0.6912	science/technology	92	0.4510	Science/Technology	92	0.4510	141	50	0.3546	50	0.3546
condition-2-es-5k	seed456	2	en	es	204	0.4902	science/technology	147	0.7206	Science/Technology	145	0.7108	100	51	0.5100	50	0.5000
condition-2-es-5k	seed456	2	es	en	204	0.6520	science/technology	95	0.4657	Science/Technology	95	0.4657	133	49	0.3684	49	0.3684
condition-2-es-5k	seed456	2	es	es	204	0.4902	science/technology	149	0.7304	Science/Technology	148	0.7255	100	51	0.5100	51	0.5100
condition-2-es-5k	seed456	2	ur	en	204	0.6667	science/technology	89	0.4363	Science/Technology	61	0.2990	136	49	0.3603	30	0.2206
condition-2-es-5k	seed456	2	ur	es	204	0.4755	science/technology	149	0.7304	science/technology	145	0.7108	97	50	0.5155	50	0.5155
condition-2-es-5k	seed456	2	zh	en	204	0.6569	science/technology	91	0.4461	Science/Technology	89	0.4363	134	49	0.3657	47	0.3507
condition-2-es-5k	seed456	2	zh	es	204	0.5098	science/technology	130	0.6373	Science/Technology	100	0.4902	104	48	0.4615	31	0.2981
condition-2-ur-20k	seed42	1	en	en	204	0.7647	science/technology	80	0.3922	Science/Technology	46	0.2255	156	48	0.3077	25	0.1603
condition-2-ur-20k	seed42	1	en	ur	204	0.3725	science/technology	70	0.3431	science/health	73	0.3578	76	25	0.3289	0	0.0000
condition-2-ur-20k	seed42	1	es	en	204	0.7304	science/technology	66	0.3235	science/technology	60	0.2941	149	39	0.2617	36	0.2416
condition-2-ur-20k	seed42	1	es	ur	204	0.3137	science/technology	75	0.3676	science/health	83	0.4069	64	26	0.4062	0	0.0000
condition-2-ur-20k	seed42	1	ur	en	204	0.6569	science/technology	99	0.4853	science/technology	98	0.4804	134	44	0.3284	44	0.3284
condition-2-ur-20k	seed42	1	ur	ur	204	0.2598	science/technology	147	0.7206	science/physics	74	0.3627	53	45	0.8491	20	0.3774
condition-2-ur-20k	seed42	1	zh	en	204	0.7304	science/technology	79	0.3873	science/technology	79	0.3873	149	44	0.2953	44	0.2953
condition-2-ur-20k	seed42	1	zh	ur	204	0.3971	science/technology	40	0.1961	science/health	87	0.4265	81	20	0.2469	0	0.0000
condition-2-ur-20k	seed42	2	en	en	204	0.6912	science/technology	97	0.4755	Science/Technology	97	0.4755	141	50	0.3546	50	0.3546
condition-2-ur-20k	seed42	2	en	ur	204	0.7157	science/technology	58	0.2843	science/technology	38	0.1863	146	40	0.2740	31	0.2123
condition-2-ur-20k	seed42	2	es	en	204	0.6520	science/technology	97	0.4755	Science/Technology	96	0.4706	133	49	0.3684	48	0.3609
condition-2-ur-20k	seed42	2	es	ur	204	0.6127	science/technology	86	0.4216	Science/Technology	67	0.3284	125	42	0.3360	30	0.2400
condition-2-ur-20k	seed42	2	ur	en	204	0.5980	science/technology	103	0.5049	science/technology	91	0.4461	122	49	0.4016	48	0.3934
condition-2-ur-20k	seed42	2	ur	ur	204	0.3382	politics	61	0.2990	science/health	62	0.3039	69	27	0.3913	0	0.0000
condition-2-ur-20k	seed42	2	zh	en	204	0.6520	science/technology	85	0.4167	Science/Technology	64	0.3137	133	47	0.3534	30	0.2256
condition-2-ur-20k	seed42	2	zh	ur	204	0.6176	science/technology	55	0.2696	politics	51	0.2500	126	35	0.2778	29	0.2302
condition-2-ur-5k	seed123	1	en	en	204	0.7647	science/technology	76	0.3725	science/technology	46	0.2255	156	47	0.3013	27	0.1731
condition-2-ur-5k	seed123	1	en	ur	204	0.6078	science/technology	59	0.2892	science/health	35	0.1716	124	39	0.3145	0	0.0000
condition-2-ur-5k	seed123	1	es	en	204	0.7108	science/technology	65	0.3186	science/technology	65	0.3186	145	38	0.2621	38	0.2621
condition-2-ur-5k	seed123	1	es	ur	204	0.5931	science/technology	65	0.3186	science/health	39	0.1912	121	41	0.3388	0	0.0000
condition-2-ur-5k	seed123	1	ur	en	204	0.6667	science/technology	95	0.4657	science/technology	95	0.4657	136	44	0.3235	44	0.3235
condition-2-ur-5k	seed123	1	ur	ur	204	0.4412	science/technology	92	0.4510	science/health	52	0.2549	90	42	0.4667	0	0.0000
condition-2-ur-5k	seed123	1	zh	en	204	0.7402	science/technology	78	0.3824	science/technology	78	0.3824	151	45	0.2980	45	0.2980
condition-2-ur-5k	seed123	1	zh	ur	204	0.7059	science/technology	60	0.2941	travel	37	0.1814	144	40	0.2778	32	0.2222
condition-2-ur-5k	seed123	2	en	en	204	0.6863	science/technology	97	0.4755	Science/Technology	97	0.4755	140	50	0.3571	50	0.3571
condition-2-ur-5k	seed123	2	en	ur	204	0.7059	science/technology	58	0.2843	science/technology	36	0.1765	144	42	0.2917	30	0.2083
condition-2-ur-5k	seed123	2	es	en	204	0.6618	science/technology	94	0.4608	Science/Technology	93	0.4559	135	50	0.3704	49	0.3630
condition-2-ur-5k	seed123	2	es	ur	204	0.6618	science/technology	68	0.3333	Science/Technology	44	0.2157	135	43	0.3185	26	0.1926
condition-2-ur-5k	seed123	2	ur	en	204	0.6765	science/technology	89	0.4363	science/technology	82	0.4020	138	49	0.3551	49	0.3551
condition-2-ur-5k	seed123	2	ur	ur	204	0.4706	science/technology	85	0.4167	politics	54	0.2647	96	38	0.3958	28	0.2917
condition-2-ur-5k	seed123	2	zh	en	204	0.6765	science/technology	79	0.3873	Science/Technology	47	0.2304	138	47	0.3406	23	0.1667
condition-2-ur-5k	seed123	2	zh	ur	204	0.6912	politics	64	0.3137	politics	64	0.3137	141	30	0.2128	30	0.2128
condition-2-ur-5k	seed42	1	en	en	204	0.7745	science/technology	80	0.3922	Science/Technology	42	0.2059	158	48	0.3038	23	0.1456
condition-2-ur-5k	seed42	1	en	ur	204	0.5245	science/technology	44	0.2157	science/health	65	0.3186	107	30	0.2804	0	0.0000
condition-2-ur-5k	seed42	1	es	en	204	0.7059	science/technology	62	0.3039	science/technology	58	0.2843	144	36	0.2500	35	0.2431
condition-2-ur-5k	seed42	1	es	ur	204	0.4951	science/technology	42	0.2059	science/health	70	0.3431	101	29	0.2871	0	0.0000
condition-2-ur-5k	seed42	1	ur	en	204	0.6667	science/technology	93	0.4559	science/technology	92	0.4510	136	44	0.3235	44	0.3235
condition-2-ur-5k	seed42	1	ur	ur	204	0.3824	science/technology	95	0.4657	science/health	59	0.2892	78	40	0.5128	0	0.0000
condition-2-ur-5k	seed42	1	zh	en	204	0.7206	science/technology	73	0.3578	science/technology	73	0.3578	147	41	0.2789	41	0.2789
condition-2-ur-5k	seed42	1	zh	ur	204	0.6520	science/technology	45	0.2206	science/health	43	0.2108	133	31	0.2331	0	0.0000
condition-2-ur-5k	seed42	2	en	en	204	0.6912	science/technology	96	0.4706	Science/Technology	96	0.4706	141	50	0.3546	50	0.3546
condition-2-ur-5k	seed42	2	en	ur	204	0.6863	science/technology	55	0.2696	politics	29	0.1422	140	40	0.2857	19	0.1357
condition-2-ur-5k	seed42	2	es	en	204	0.6569	science/technology	96	0.4706	Science/Technology	96	0.4706	134	50	0.3731	50	0.3731
condition-2-ur-5k	seed42	2	es	ur	204	0.6520	science/technology	66	0.3235	Science/Technology	51	0.2500	133	42	0.3158	29	0.2180
condition-2-ur-5k	seed42	2	ur	en	204	0.6520	science/technology	91	0.4461	science/technology	81	0.3971	133	49	0.3684	49	0.3684
condition-2-ur-5k	seed42	2	ur	ur	204	0.4608	science/technology	94	0.4608	politics	52	0.2549	94	41	0.4362	28	0.2979
condition-2-ur-5k	seed42	2	zh	en	204	0.6814	science/technology	80	0.3922	Science/Technology	50	0.2451	139	47	0.3381	24	0.1727
condition-2-ur-5k	seed42	2	zh	ur	204	0.6667	science/technology	60	0.2941	politics	59	0.2892	136	41	0.3015	29	0.2132
condition-2-ur-5k	seed456	1	en	en	204	0.7794	science/technology	80	0.3922	Science/Technology	46	0.2255	159	48	0.3019	28	0.1761
condition-2-ur-5k	seed456	1	en	ur	204	0.5833	science/technology	54	0.2647	science/health	38	0.1863	119	38	0.3193	0	0.0000
condition-2-ur-5k	seed456	1	es	en	204	0.7402	science/technology	69	0.3382	science/technology	64	0.3137	151	43	0.2848	42	0.2781
condition-2-ur-5k	seed456	1	es	ur	204	0.5294	science/technology	66	0.3235	science/health	44	0.2157	108	40	0.3704	0	0.0000
condition-2-ur-5k	seed456	1	ur	en	204	0.6961	science/technology	95	0.4657	science/technology	94	0.4608	142	47	0.3310	47	0.3310
condition-2-ur-5k	seed456	1	ur	ur	204	0.4461	science/technology	80	0.3922	science/health	58	0.2843	91	39	0.4286	0	0.0000
condition-2-ur-5k	seed456	1	zh	en	204	0.7451	science/technology	76	0.3725	science/technology	76	0.3725	152	45	0.2961	45	0.2961
condition-2-ur-5k	seed456	1	zh	ur	204	0.6765	science/technology	64	0.3137	travel	35	0.1716	138	40	0.2899	32	0.2319
condition-2-ur-5k	seed456	2	en	en	204	0.6961	science/technology	94	0.4608	Science/Technology	94	0.4608	142	50	0.3521	50	0.3521
condition-2-ur-5k	seed456	2	en	ur	204	0.6765	science/technology	56	0.2745	science/technology	30	0.1471	138	40	0.2899	27	0.1957
condition-2-ur-5k	seed456	2	es	en	204	0.6618	science/technology	95	0.4657	Science/Technology	95	0.4657	135	50	0.3704	50	0.3704
condition-2-ur-5k	seed456	2	es	ur	204	0.6373	science/technology	78	0.3824	Science/Technology	55	0.2696	130	45	0.3462	28	0.2154
condition-2-ur-5k	seed456	2	ur	en	204	0.6667	science/technology	88	0.4314	science/technology	76	0.3725	136	49	0.3603	47	0.3456
condition-2-ur-5k	seed456	2	ur	ur	204	0.5686	science/technology	86	0.4216	science/technology	64	0.3137	116	44	0.3793	28	0.2414
condition-2-ur-5k	seed456	2	zh	en	204	0.6863	science/technology	80	0.3922	Science/Technology	55	0.2696	140	48	0.3429	27	0.1929
condition-2-ur-5k	seed456	2	zh	ur	204	0.6716	politics	63	0.3088	politics	63	0.3088	137	29	0.2117	29	0.2117
condition-2-zh-20k	seed42	1	en	en	204	0.7451	science/technology	90	0.4412	Science/Technology	81	0.3971	152	50	0.3289	45	0.2961
condition-2-zh-20k	seed42	1	en	zh	204	0.6667	science/technology	101	0.4951	science/technology	101	0.4951	136	50	0.3676	50	0.3676
condition-2-zh-20k	seed42	1	es	en	204	0.7549	science/technology	84	0.4118	science/technology	47	0.2304	154	48	0.3117	27	0.1753
condition-2-zh-20k	seed42	1	es	zh	204	0.6520	science/technology	103	0.5049	science/technology	103	0.5049	133	50	0.3759	50	0.3759
condition-2-zh-20k	seed42	1	ur	en	204	0.6863	science/technology	102	0.5000	science/technology	101	0.4951	140	49	0.3500	49	0.3500
condition-2-zh-20k	seed42	1	ur	zh	204	0.5931	science/technology	127	0.6225	science/technology	127	0.6225	121	51	0.4215	51	0.4215
condition-2-zh-20k	seed42	1	zh	en	204	0.7598	science/technology	84	0.4118	science/technology	79	0.3873	155	48	0.3097	46	0.2968
condition-2-zh-20k	seed42	1	zh	zh	204	0.6471	science/technology	107	0.5245	science/technology	107	0.5245	132	50	0.3788	50	0.3788
condition-2-zh-20k	seed42	2	en	en	204	0.7108	science/technology	94	0.4608	Science/Technology	94	0.4608	145	50	0.3448	50	0.3448
condition-2-zh-20k	seed42	2	en	zh	204	0.6520	science/technology	101	0.4951	science/technology	99	0.4853	133	49	0.3684	49	0.3684
condition-2-zh-20k	seed42	2	es	en	204	0.6569	science/technology	100	0.4902	Science/Technology	100	0.4902	134	50	0.3731	50	0.3731
condition-2-zh-20k	seed42	2	es	zh	204	0.6176	science/technology	103	0.5049	science/technology	99	0.4853	126	48	0.3810	47	0.3730
condition-2-zh-20k	seed42	2	ur	en	204	0.6618	science/technology	93	0.4559	science/technology	56	0.2745	135	49	0.3630	36	0.2667
condition-2-zh-20k	seed42	2	ur	zh	204	0.5931	science/technology	118	0.5784	science/technology	118	0.5784	121	49	0.4050	49	0.4050
condition-2-zh-20k	seed42	2	zh	en	204	0.6520	science/technology	93	0.4559	Science/Technology	86	0.4216	133	49	0.3684	43	0.3233
condition-2-zh-20k	seed42	2	zh	zh	204	0.6471	science/technology	107	0.5245	science/technology	106	0.5196	132	50	0.3788	50	0.3788
condition-2-zh-5k	seed123	1	en	en	204	0.7549	science/technology	87	0.4265	Science/Technology	78	0.3824	154	50	0.3247	45	0.2922
condition-2-zh-5k	seed123	1	en	zh	204	0.7206	science/technology	88	0.4314	science/technology	88	0.4314	147	50	0.3401	50	0.3401
condition-2-zh-5k	seed123	1	es	en	204	0.7745	science/technology	77	0.3775	science/technology	51	0.2500	158	48	0.3038	34	0.2152
condition-2-zh-5k	seed123	1	es	zh	204	0.6961	science/technology	91	0.4461	science/technology	91	0.4461	142	50	0.3521	50	0.3521
condition-2-zh-5k	seed123	1	ur	en	204	0.7255	science/technology	90	0.4412	science/technology	89	0.4363	148	49	0.3311	49	0.3311
condition-2-zh-5k	seed123	1	ur	zh	204	0.6716	science/technology	108	0.5294	science/technology	108	0.5294	137	51	0.3723	51	0.3723
condition-2-zh-5k	seed123	1	zh	en	204	0.7647	science/technology	81	0.3971	science/technology	80	0.3922	156	48	0.3077	48	0.3077
condition-2-zh-5k	seed123	1	zh	zh	204	0.7010	science/technology	95	0.4657	science/technology	95	0.4657	143	50	0.3497	50	0.3497
condition-2-zh-5k	seed123	2	en	en	204	0.6716	science/technology	97	0.4755	Science/Technology	97	0.4755	137	50	0.3650	50	0.3650
condition-2-zh-5k	seed123	2	en	zh	204	0.6716	science/technology	90	0.4412	science/technology	89	0.4363	137	49	0.3577	49	0.3577
condition-2-zh-5k	seed123	2	es	en	204	0.6373	science/technology	101	0.4951	Science/Technology	101	0.4951	130	50	0.3846	50	0.3846
condition-2-zh-5k	seed123	2	es	zh	204	0.6324	science/technology	84	0.4118	science/technology	83	0.4069	129	45	0.3488	44	0.3411
condition-2-zh-5k	seed123	2	ur	en	204	0.6618	science/technology	86	0.4216	science/technology	53	0.2598	135	48	0.3556	36	0.2667
condition-2-zh-5k	seed123	2	ur	zh	204	0.6127	science/technology	98	0.4804	science/technology	98	0.4804	125	48	0.3840	48	0.3840
condition-2-zh-5k	seed123	2	zh	en	204	0.6569	science/technology	86	0.4216	Science/Technology	82	0.4020	134	48	0.3582	44	0.3284
condition-2-zh-5k	seed123	2	zh	zh	204	0.6471	science/technology	96	0.4706	science/technology	95	0.4657	132	49	0.3712	49	0.3712
condition-2-zh-5k	seed42	1	en	en	204	0.7647	science/technology	87	0.4265	Science/Technology	69	0.3382	156	50	0.3205	39	0.2500
condition-2-zh-5k	seed42	1	en	zh	204	0.6863	science/technology	99	0.4853	science/technology	99	0.4853	140	50	0.3571	50	0.3571
condition-2-zh-5k	seed42	1	es	en	204	0.7598	science/technology	81	0.3971	science/technology	63	0.3088	155	47	0.3032	40	0.2581
condition-2-zh-5k	seed42	1	es	zh	204	0.6618	science/technology	101	0.4951	science/technology	101	0.4951	135	50	0.3704	50	0.3704
condition-2-zh-5k	seed42	1	ur	en	204	0.7059	science/technology	97	0.4755	science/technology	96	0.4706	144	49	0.3403	49	0.3403
condition-2-zh-5k	seed42	1	ur	zh	204	0.5931	science/technology	127	0.6225	science/technology	127	0.6225	121	51	0.4215	51	0.4215
condition-2-zh-5k	seed42	1	zh	en	204	0.7451	science/technology	87	0.4265	science/technology	86	0.4216	152	49	0.3224	49	0.3224
condition-2-zh-5k	seed42	1	zh	zh	204	0.6814	science/technology	102	0.5000	science/technology	102	0.5000	139	50	0.3597	50	0.3597
condition-2-zh-5k	seed42	2	en	en	204	0.6814	science/technology	97	0.4755	Science/Technology	97	0.4755	139	50	0.3597	50	0.3597
condition-2-zh-5k	seed42	2	en	zh	204	0.6667	science/technology	96	0.4706	science/technology	95	0.4657	136	49	0.3603	49	0.3603
condition-2-zh-5k	seed42	2	es	en	204	0.6520	science/technology	101	0.4951	Science/Technology	101	0.4951	133	50	0.3759	50	0.3759
condition-2-zh-5k	seed42	2	es	zh	204	0.6225	science/technology	94	0.4608	science/technology	91	0.4461	127	46	0.3622	44	0.3465
condition-2-zh-5k	seed42	2	ur	en	204	0.6667	science/technology	92	0.4510	science/technology	63	0.3088	136	49	0.3603	40	0.2941
condition-2-zh-5k	seed42	2	ur	zh	204	0.5931	science/technology	110	0.5392	science/technology	110	0.5392	121	49	0.4050	49	0.4050
condition-2-zh-5k	seed42	2	zh	en	204	0.6520	science/technology	93	0.4559	Science/Technology	87	0.4265	133	49	0.3684	43	0.3233
condition-2-zh-5k	seed42	2	zh	zh	204	0.6275	science/technology	102	0.5000	science/technology	100	0.4902	128	47	0.3672	47	0.3672
condition-2-zh-5k	seed456	1	en	en	204	0.7745	science/technology	85	0.4167	Science/Technology	76	0.3725	158	50	0.3165	45	0.2848
condition-2-zh-5k	seed456	1	en	zh	204	0.7206	science/technology	90	0.4412	science/technology	90	0.4412	147	50	0.3401	50	0.3401
condition-2-zh-5k	seed456	1	es	en	204	0.7794	science/technology	78	0.3824	science/technology	53	0.2598	159	49	0.3082	35	0.2201
condition-2-zh-5k	seed456	1	es	zh	204	0.6863	science/technology	94	0.4608	science/technology	94	0.4608	140	50	0.3571	50	0.3571
condition-2-zh-5k	seed456	1	ur	en	204	0.7059	science/technology	92	0.4510	science/technology	91	0.4461	144	49	0.3403	49	0.3403
condition-2-zh-5k	seed456	1	ur	zh	204	0.6520	science/technology	113	0.5539	science/technology	113	0.5539	133	51	0.3835	51	0.3835
condition-2-zh-5k	seed456	1	zh	en	204	0.7647	science/technology	81	0.3971	science/technology	81	0.3971	156	49	0.3141	49	0.3141
condition-2-zh-5k	seed456	1	zh	zh	204	0.6863	science/technology	99	0.4853	science/technology	99	0.4853	140	50	0.3571	50	0.3571
condition-2-zh-5k	seed456	2	en	en	204	0.6814	science/technology	95	0.4657	Science/Technology	95	0.4657	139	50	0.3597	50	0.3597
condition-2-zh-5k	seed456	2	en	zh	204	0.6765	science/technology	89	0.4363	science/technology	88	0.4314	138	48	0.3478	48	0.3478
condition-2-zh-5k	seed456	2	es	en	204	0.6471	science/technology	99	0.4853	Science/Technology	99	0.4853	132	50	0.3788	50	0.3788
condition-2-zh-5k	seed456	2	es	zh	204	0.6324	science/technology	86	0.4216	science/technology	85	0.4167	129	45	0.3488	45	0.3488
condition-2-zh-5k	seed456	2	ur	en	204	0.6765	science/technology	86	0.4216	science/technology	52	0.2549	138	49	0.3551	36	0.2609
condition-2-zh-5k	seed456	2	ur	zh	204	0.6176	science/technology	99	0.4853	science/technology	99	0.4853	126	48	0.3810	48	0.3810
condition-2-zh-5k	seed456	2	zh	en	204	0.6667	science/technology	85	0.4167	Science/Technology	80	0.3922	136	49	0.3603	44	0.3235
condition-2-zh-5k	seed456	2	zh	zh	204	0.6569	science/technology	95	0.4657	science/technology	94	0.4608	134	49	0.3657	49	0.3657
condition-3-zh-5k	seed42	1	en	en	204	0.7451	science/technology	91	0.4461	Science/Technology	85	0.4167	152	50	0.3289	46	0.3026
condition-3-zh-5k	seed42	1	en	zh	204	0.6814	science/technology	99	0.4853	science/technology	99	0.4853	139	51	0.3669	51	0.3669
condition-3-zh-5k	seed42	1	es	en	204	0.7402	science/technology	86	0.4216	Science/Technology	45	0.2206	151	48	0.3179	25	0.1656
condition-3-zh-5k	seed42	1	es	zh	204	0.6912	science/technology	97	0.4755	science/technology	97	0.4755	141	51	0.3617	51	0.3617
condition-3-zh-5k	seed42	1	ur	en	204	0.6912	science/technology	98	0.4804	science/technology	97	0.4755	141	49	0.3475	49	0.3475
condition-3-zh-5k	seed42	1	ur	zh	204	0.6078	science/technology	121	0.5931	science/technology	121	0.5931	124	51	0.4113	51	0.4113
condition-3-zh-5k	seed42	1	zh	en	204	0.7549	science/technology	80	0.3922	science/technology	75	0.3676	154	47	0.3052	44	0.2857
condition-3-zh-5k	seed42	1	zh	zh	204	0.6863	science/technology	97	0.4755	science/technology	97	0.4755	140	51	0.3643	51	0.3643
condition-3-zh-5k	seed42	2	en	en	204	0.6618	science/technology	101	0.4951	Science/Technology	100	0.4902	135	50	0.3704	50	0.3704
condition-3-zh-5k	seed42	2	en	zh	204	0.6471	science/technology	95	0.4657	science/technology	94	0.4608	132	49	0.3712	49	0.3712
condition-3-zh-5k	seed42	2	es	en	204	0.6373	science/technology	99	0.4853	Science/Technology	98	0.4804	130	50	0.3846	49	0.3769
condition-3-zh-5k	seed42	2	es	zh	204	0.6078	science/technology	93	0.4559	science/technology	93	0.4559	124	47	0.3790	47	0.3790
condition-3-zh-5k	seed42	2	ur	en	204	0.6569	science/technology	84	0.4118	science/technology	80	0.3922	134	46	0.3433	46	0.3433
condition-3-zh-5k	seed42	2	ur	zh	204	0.5441	science/technology	117	0.5735	science/technology	116	0.5686	111	48	0.4324	47	0.4234
condition-3-zh-5k	seed42	2	zh	en	204	0.6667	science/technology	81	0.3971	politics	52	0.2549	136	47	0.3456	28	0.2059
condition-3-zh-5k	seed42	2	zh	zh	204	0.6078	science/technology	98	0.4804	science/technology	96	0.4706	124	48	0.3871	48	0.3871
condition-5-es-5k	seed42	1	en	en	204	0.5980	science/technology	124	0.6078	Science/Technology	116	0.5686	122	51	0.4180	48	0.3934
condition-5-es-5k	seed42	1	en	es	204	0.5196	science/technology	113	0.5539	Ciencia y Tecnología	86	0.4216	106	51	0.4811	31	0.2925
condition-5-es-5k	seed42	1	es	en	204	0.5539	science/technology	130	0.6373	Science/Technology	126	0.6176	113	50	0.4425	48	0.4248
condition-5-es-5k	seed42	1	es	es	204	0.5245	science/technology	115	0.5637	Ciencia y Tecnología	80	0.3922	107	50	0.4673	23	0.2150
condition-5-es-5k	seed42	1	ur	en	204	0.5000	science/technology	137	0.6716	science/technology	136	0.6667	102	49	0.4804	49	0.4804
condition-5-es-5k	seed42	1	ur	es	204	0.4804	science/technology	132	0.6471	ciencia y tecnología	95	0.4657	98	50	0.5102	30	0.3061
condition-5-es-5k	seed42	1	zh	en	204	0.6127	science/technology	113	0.5539	science/technology	76	0.3725	125	49	0.3920	38	0.3040
condition-5-es-5k	seed42	1	zh	es	204	0.5882	science/technology	92	0.4510	entretenimiento	39	0.1912	120	51	0.4250	16	0.1333
condition-5-es-5k	seed42	2	en	en	204	0.7010	science/technology	90	0.4412	Science/Technology	90	0.4412	143	50	0.3497	50	0.3497
condition-5-es-5k	seed42	2	en	es	204	0.3725	science/technology	174	0.8529	Ciencia y Tecnología	169	0.8284	76	51	0.6711	49	0.6447
condition-5-es-5k	seed42	2	es	en	204	0.6471	science/technology	97	0.4755	Science/Technology	97	0.4755	132	50	0.3788	50	0.3788
condition-5-es-5k	seed42	2	es	es	204	0.3382	science/technology	185	0.9069	Ciencia y Tecnología	184	0.9020	69	51	0.7391	51	0.7391
condition-5-es-5k	seed42	2	ur	en	204	0.6275	science/technology	88	0.4314	Science/Technology	68	0.3333	128	49	0.3828	34	0.2656
condition-5-es-5k	seed42	2	ur	es	204	0.3873	science/technology	170	0.8333	ciencia y tecnología	130	0.6373	79	51	0.6456	34	0.4304
condition-5-es-5k	seed42	2	zh	en	204	0.6667	science/technology	91	0.4461	Science/Technology	90	0.4412	136	50	0.3676	49	0.3603
condition-5-es-5k	seed42	2	zh	es	204	0.4608	science/technology	150	0.7353	Ciencia y Tecnología	139	0.6814	94	51	0.5426	47	0.5000
condition-5-ur-5k	seed42	1	en	en	204	0.7010	science/technology	98	0.4804	science/technology	57	0.2794	143	50	0.3497	29	0.2028
condition-5-ur-5k	seed42	1	en	ur	204	0.4706	science/technology	136	0.6667	سائنس/تکنالوجی	108	0.5294	96	50	0.5208	39	0.4062
condition-5-ur-5k	seed42	1	es	en	204	0.6961	science/technology	100	0.4902	science/technology	83	0.4069	142	50	0.3521	46	0.3239
condition-5-ur-5k	seed42	1	es	ur	204	0.4510	science/technology	136	0.6667	سائنس/تکنالوجی	96	0.4706	92	51	0.5543	34	0.3696
condition-5-ur-5k	seed42	1	ur	en	204	0.5392	science/technology	130	0.6373	science/technology	128	0.6275	110	49	0.4455	49	0.4455
condition-5-ur-5k	seed42	1	ur	ur	204	0.4951	science/technology	135	0.6618	سائنس/تکنالوجی	125	0.6127	101	47	0.4653	44	0.4356
condition-5-ur-5k	seed42	1	zh	en	204	0.7059	science/technology	91	0.4461	science/technology	87	0.4265	144	48	0.3333	48	0.3333
condition-5-ur-5k	seed42	1	zh	ur	204	0.5049	science/technology	128	0.6275	سائنس/تکنالوجی	87	0.4265	103	49	0.4757	33	0.3204
condition-5-ur-5k	seed42	2	en	en	204	0.6814	science/technology	91	0.4461	Science/Technology	91	0.4461	139	50	0.3597	50	0.3597
condition-5-ur-5k	seed42	2	en	ur	204	0.5784	science/technology	83	0.4069	سیاست	45	0.2206	118	47	0.3983	27	0.2288
condition-5-ur-5k	seed42	2	es	en	204	0.6569	science/technology	91	0.4461	Science/Technology	91	0.4461	134	50	0.3731	50	0.3731
condition-5-ur-5k	seed42	2	es	ur	204	0.5637	science/technology	84	0.4118	سیاست	49	0.2402	115	46	0.4000	27	0.2348
condition-5-ur-5k	seed42	2	ur	en	204	0.5686	science/technology	88	0.4314	science/technology	87	0.4265	116	48	0.4138	48	0.4138
condition-5-ur-5k	seed42	2	ur	ur	204	0.5490	science/technology	71	0.3480	سائنس/تکنالوجی	49	0.2402	112	38	0.3393	22	0.1964
condition-5-ur-5k	seed42	2	zh	en	204	0.6716	science/technology	74	0.3627	politics	62	0.3039	137	47	0.3431	29	0.2117
condition-5-ur-5k	seed42	2	zh	ur	204	0.5343	science/technology	74	0.3627	سیاست	72	0.3529	109	40	0.3670	29	0.2661
condition-5-zh-5k	seed42	1	en	en	204	0.6569	science/technology	110	0.5392	Science/Technology	76	0.3725	134	51	0.3806	33	0.2463
condition-5-zh-5k	seed42	1	en	zh	204	0.4559	science/technology	160	0.7843	科学/技术	121	0.5931	93	51	0.5484	22	0.2366
condition-5-zh-5k	seed42	1	es	en	204	0.7059	science/technology	102	0.5000	science/technology	65	0.3186	144	51	0.3542	40	0.2778
condition-5-zh-5k	seed42	1	es	zh	204	0.4118	science/technology	170	0.8333	科学/技术	149	0.7304	84	51	0.6071	38	0.4524
condition-5-zh-5k	seed42	1	ur	en	204	0.5588	science/technology	124	0.6078	science/technology	101	0.4951	114	49	0.4298	49	0.4298
condition-5-zh-5k	seed42	1	ur	zh	204	0.3186	science/technology	188	0.9216	科学和技术	102	0.5000	65	51	0.7846	11	0.1692
condition-5-zh-5k	seed42	1	zh	en	204	0.6422	science/technology	112	0.5490	科学/技术	68	0.3333	131	51	0.3893	18	0.1374
condition-5-zh-5k	seed42	1	zh	zh	204	0.5343	science/technology	143	0.7010	科学/技术	120	0.5882	109	51	0.4679	32	0.2936
condition-5-zh-5k	seed42	2	en	en	204	0.7010	science/technology	92	0.4510	Science/Technology	92	0.4510	143	50	0.3497	50	0.3497
condition-5-zh-5k	seed42	2	en	zh	204	0.5049	science/technology	138	0.6765	科学/技术	138	0.6765	103	51	0.4951	51	0.4951
condition-5-zh-5k	seed42	2	es	en	204	0.6618	science/technology	94	0.4608	Science/Technology	93	0.4559	135	50	0.3704	49	0.3630
condition-5-zh-5k	seed42	2	es	zh	204	0.4559	science/technology	158	0.7745	科学/技术	157	0.7696	93	51	0.5484	51	0.5484
condition-5-zh-5k	seed42	2	ur	en	204	0.6078	science/technology	82	0.4020	science/technology	77	0.3775	124	47	0.3790	47	0.3790
condition-5-zh-5k	seed42	2	ur	zh	204	0.3039	science/technology	188	0.9216	科学和技术	104	0.5098	62	51	0.8226	17	0.2742
condition-5-zh-5k	seed42	2	zh	en	204	0.7010	science/technology	89	0.4363	科学/技术	52	0.2549	143	49	0.3427	19	0.1329
condition-5-zh-5k	seed42	2	zh	zh	204	0.5392	science/technology	136	0.6667	科学/技术	136	0.6667	110	51	0.4636	51	0.4636
