condition	seed	template	benchmark	data_lang	instr_lang	extractor	gold	n_gold	pred_entailment	pred_neutral	pred_contradiction	pred_none	acc_on_gold	via_tier1a_english	via_tier1b_native	via_tier2_glued	via_tier3_paraphrase	tier2_pred_entailment	tier2_cjk_frame
baseline	none	1	xnli	en	en	refined	entailment	1670	1463	91	111	5	0.8760	1665	0	0	0	0	0
baseline	none	1	xnli	en	en	refined	contradiction	1670	477	245	947	1	0.5671	1669	0	0	0	0	0
baseline	none	1	xnli	en	en	refined	neutral	1670	1305	94	270	1	0.0563	1669	0	0	0	0	0
baseline	none	1	xnli	en	es	refined	entailment	1670	1657	2	11	0	0.9922	1670	0	0	0	0	0
baseline	none	1	xnli	en	es	refined	contradiction	1670	1285	47	337	1	0.2018	1668	1	0	0	0	0
baseline	none	1	xnli	en	es	refined	neutral	1670	1641	0	29	0	0.0000	1670	0	0	0	0	0
baseline	none	1	xnli	en	ur	refined	entailment	1670	1637	6	26	1	0.9802	1668	0	0	1	0	0
baseline	none	1	xnli	en	ur	refined	contradiction	1670	1377	18	274	1	0.1641	1669	0	0	0	0	0
baseline	none	1	xnli	en	ur	refined	neutral	1670	1650	1	17	2	0.0006	1667	1	0	0	0	0
baseline	none	1	xnli	en	zh	refined	entailment	1670	1668	2	0	0	0.9988	1670	0	0	0	0	0
baseline	none	1	xnli	en	zh	refined	contradiction	1670	1659	9	2	0	0.0012	1670	0	0	0	0	0
baseline	none	1	xnli	en	zh	refined	neutral	1670	1670	0	0	0	0.0000	1670	0	0	0	0	0
baseline	none	1	xnli	es	en	refined	entailment	1670	1441	155	73	1	0.8629	1669	0	0	0	0	0
baseline	none	1	xnli	es	en	refined	contradiction	1670	617	377	675	1	0.4042	1669	0	0	0	0	0
baseline	none	1	xnli	es	en	refined	neutral	1670	1365	151	153	1	0.0904	1669	0	0	0	0	0
baseline	none	1	xnli	es	es	refined	entailment	1670	1526	4	140	0	0.9138	1530	140	0	0	0	0
baseline	none	1	xnli	es	es	refined	contradiction	1670	906	13	751	0	0.4497	919	751	0	0	0	0
baseline	none	1	xnli	es	es	refined	neutral	1670	1449	1	219	1	0.0006	1450	219	0	0	0	0
baseline	none	1	xnli	es	ur	refined	entailment	1670	1653	0	14	3	0.9898	1666	1	0	0	0	0
baseline	none	1	xnli	es	ur	refined	contradiction	1670	1592	10	67	1	0.0401	1669	0	0	0	0	0
baseline	none	1	xnli	es	ur	refined	neutral	1670	1656	0	13	1	0.0000	1668	1	0	0	0	0
baseline	none	1	xnli	es	zh	refined	entailment	1670	1668	1	1	0	0.9988	1669	1	0	0	0	0
baseline	none	1	xnli	es	zh	refined	contradiction	1670	1660	8	2	0	0.0012	1668	2	0	0	0	0
baseline	none	1	xnli	es	zh	refined	neutral	1670	1668	2	0	0	0.0012	1670	0	0	0	0	0
baseline	none	1	xnli	ur	en	refined	entailment	1670	1110	210	343	7	0.6647	1663	0	0	0	0	0
baseline	none	1	xnli	ur	en	refined	contradiction	1670	562	211	893	4	0.5347	1666	0	0	0	0	0
baseline	none	1	xnli	ur	en	refined	neutral	1670	1044	173	445	8	0.1036	1662	0	0	0	0	0
baseline	none	1	xnli	ur	es	refined	entailment	1670	1624	0	46	0	0.9725	1666	4	0	0	0	0
baseline	none	1	xnli	ur	es	refined	contradiction	1670	1418	9	243	0	0.1455	1668	2	0	0	0	0
baseline	none	1	xnli	ur	es	refined	neutral	1670	1616	0	53	1	0.0000	1662	7	0	0	0	0
baseline	none	1	xnli	ur	ur	refined	entailment	1670	1662	0	2	6	0.9952	1661	3	0	0	0	0
baseline	none	1	xnli	ur	ur	refined	contradiction	1670	1654	5	5	6	0.0030	1662	2	0	0	0	0
baseline	none	1	xnli	ur	ur	refined	neutral	1670	1663	0	0	7	0.0000	1660	3	0	0	0	0
baseline	none	1	xnli	ur	zh	refined	entailment	1670	1645	25	0	0	0.9850	1670	0	0	0	0	0
baseline	none	1	xnli	ur	zh	refined	contradiction	1670	1637	32	1	0	0.0006	1669	1	0	0	0	0
baseline	none	1	xnli	ur	zh	refined	neutral	1670	1656	13	0	1	0.0078	1669	0	0	0	0	0
baseline	none	1	xnli	zh	en	refined	entailment	1670	1656	0	14	0	0.9916	1670	0	0	0	0	0
baseline	none	1	xnli	zh	en	refined	contradiction	1670	1356	13	301	0	0.1802	1670	0	0	0	0	0
baseline	none	1	xnli	zh	en	refined	neutral	1670	1646	0	24	0	0.0000	1670	0	0	0	0	0
baseline	none	1	xnli	zh	es	refined	entailment	1670	1670	0	0	0	1.0000	1670	0	0	0	0	0
baseline	none	1	xnli	zh	es	refined	contradiction	1670	1670	0	0	0	0.0000	1670	0	0	0	0	0
baseline	none	1	xnli	zh	es	refined	neutral	1670	1670	0	0	0	0.0000	1670	0	0	0	0	0
baseline	none	1	xnli	zh	ur	refined	entailment	1670	1670	0	0	0	1.0000	1670	0	0	0	0	0
baseline	none	1	xnli	zh	ur	refined	contradiction	1670	1663	1	6	0	0.0036	1670	0	0	0	0	0
baseline	none	1	xnli	zh	ur	refined	neutral	1670	1669	0	1	0	0.0000	1670	0	0	0	0	0
baseline	none	1	xnli	zh	zh	refined	entailment	1670	1641	0	28	1	0.9826	1641	28	0	0	0	0
baseline	none	1	xnli	zh	zh	refined	contradiction	1670	1642	0	27	1	0.0162	1642	27	0	0	0	0
baseline	none	1	xnli	zh	zh	refined	neutral	1670	1654	0	16	0	0.0000	1654	16	0	0	0	0
baseline	none	2	xnli	en	en	refined	entailment	1670	206	512	951	1	0.1234	1669	0	0	0	0	0
baseline	none	2	xnli	en	en	refined	contradiction	1670	10	376	1283	1	0.7683	1669	0	0	0	0	0
baseline	none	2	xnli	en	en	refined	neutral	1670	106	408	1156	0	0.2443	1670	0	0	0	0	0
baseline	none	2	xnli	en	es	refined	entailment	1670	425	921	313	11	0.2545	1624	35	0	0	0	0
baseline	none	2	xnli	en	es	refined	contradiction	1670	100	917	651	2	0.3898	1608	60	0	0	0	0
baseline	none	2	xnli	en	es	refined	neutral	1670	374	831	461	4	0.4976	1624	42	0	0	0	0
baseline	none	2	xnli	en	ur	refined	entailment	1670	258	379	326	707	0.1545	813	0	0	150	0	0
baseline	none	2	xnli	en	ur	refined	contradiction	1670	189	284	737	460	0.4413	1039	0	0	171	0	0
baseline	none	2	xnli	en	ur	refined	neutral	1670	346	302	517	505	0.1808	1009	0	0	156	0	0
baseline	none	2	xnli	en	zh	refined	entailment	1670	1426	20	26	198	0.8539	1149	13	9	301	9	9
baseline	none	2	xnli	en	zh	refined	contradiction	1670	1081	17	230	342	0.1377	998	55	12	263	12	12
baseline	none	2	xnli	en	zh	refined	neutral	1670	1424	16	30	200	0.0096	1173	13	9	275	9	9
baseline	none	2	xnli	es	en	refined	entailment	1670	215	540	896	19	0.1287	1650	1	0	0	0	0
baseline	none	2	xnli	es	en	refined	contradiction	1670	47	411	1202	10	0.7198	1659	1	0	0	0	0
baseline	none	2	xnli	es	en	refined	neutral	1670	127	417	1112	14	0.2497	1655	1	0	0	0	0
baseline	none	2	xnli	es	es	refined	entailment	1670	382	208	1050	30	0.2287	588	1052	0	0	0	0
baseline	none	2	xnli	es	es	refined	contradiction	1670	129	141	1393	7	0.8341	270	1393	0	0	0	0
baseline	none	2	xnli	es	es	refined	neutral	1670	325	114	1217	14	0.0683	439	1217	0	0	0	0
baseline	none	2	xnli	es	ur	refined	entailment	1670	387	121	855	307	0.2317	1337	0	0	26	0	0
baseline	none	2	xnli	es	ur	refined	contradiction	1670	261	61	1210	138	0.7246	1507	1	0	24	0	0
baseline	none	2	xnli	es	ur	refined	neutral	1670	406	66	1032	166	0.0395	1480	0	0	24	0	0
baseline	none	2	xnli	es	zh	refined	entailment	1670	829	26	54	761	0.4964	441	45	59	364	59	59
baseline	none	2	xnli	es	zh	refined	contradiction	1670	533	38	330	769	0.1976	378	128	54	341	54	54
baseline	none	2	xnli	es	zh	refined	neutral	1670	799	28	67	776	0.0168	451	53	52	338	52	52
baseline	none	2	xnli	ur	en	refined	entailment	1670	2	99	1534	35	0.0012	1635	0	0	0	0	0
baseline	none	2	xnli	ur	en	refined	contradiction	1670	0	63	1605	2	0.9611	1668	0	0	0	0	0
baseline	none	2	xnli	ur	en	refined	neutral	1670	3	75	1564	28	0.0449	1642	0	0	0	0	0
baseline	none	2	xnli	ur	es	refined	entailment	1670	239	113	548	770	0.1431	455	445	0	0	0	0
baseline	none	2	xnli	ur	es	refined	contradiction	1670	138	119	913	500	0.5467	489	681	0	0	0	0
baseline	none	2	xnli	ur	es	refined	neutral	1670	271	100	600	699	0.0599	498	473	0	0	0	0
baseline	none	2	xnli	ur	ur	refined	entailment	1670	1282	130	129	129	0.7677	1431	2	0	108	0	0
baseline	none	2	xnli	ur	ur	refined	contradiction	1670	1237	131	201	101	0.1204	1452	2	0	115	0	0
baseline	none	2	xnli	ur	ur	refined	neutral	1670	1339	134	99	98	0.0802	1451	2	0	119	0	0
baseline	none	2	xnli	ur	zh	refined	entailment	1670	1020	16	1	633	0.6108	1007	2	6	22	6	6
baseline	none	2	xnli	ur	zh	refined	contradiction	1670	1002	16	5	647	0.0030	998	4	2	19	2	2
baseline	none	2	xnli	ur	zh	refined	neutral	1670	1081	16	0	573	0.0096	1064	3	10	20	10	10
baseline	none	2	xnli	zh	en	refined	entailment	1670	911	2	739	18	0.5455	1575	77	0	0	0	0
baseline	none	2	xnli	zh	en	refined	contradiction	1670	246	2	1418	4	0.8491	1599	67	0	0	0	0
baseline	none	2	xnli	zh	en	refined	neutral	1670	745	0	920	5	0.0000	1593	72	0	0	0	0
baseline	none	2	xnli	zh	es	refined	entailment	1670	1595	5	39	31	0.9551	1600	39	0	0	0	0
baseline	none	2	xnli	zh	es	refined	contradiction	1670	1381	46	224	19	0.1341	1427	224	0	0	0	0
baseline	none	2	xnli	zh	es	refined	neutral	1670	1606	3	40	21	0.0018	1609	40	0	0	0	0
baseline	none	2	xnli	zh	ur	refined	entailment	1670	1633	13	6	18	0.9778	1642	0	0	10	0	0
baseline	none	2	xnli	zh	ur	refined	contradiction	1670	1617	11	31	11	0.0186	1649	0	0	10	0	0
baseline	none	2	xnli	zh	ur	refined	neutral	1670	1642	10	6	12	0.0060	1649	0	0	9	0	0
baseline	none	2	xnli	zh	zh	refined	entailment	1670	911	23	99	637	0.5455	175	86	162	610	162	162
baseline	none	2	xnli	zh	zh	refined	contradiction	1670	520	12	330	808	0.1976	151	162	174	375	174	174
baseline	none	2	xnli	zh	zh	refined	neutral	1670	934	7	143	586	0.0042	174	127	199	584	199	199
condition-1-en-5k	123	1	xnli	en	en	refined	entailment	1670	1473	61	135	1	0.8820	1669	0	0	0	0	0
condition-1-en-5k	123	1	xnli	en	en	refined	contradiction	1670	473	117	1080	0	0.6467	1670	0	0	0	0	0
condition-1-en-5k	123	1	xnli	en	en	refined	neutral	1670	1305	61	304	0	0.0365	1670	0	0	0	0	0
condition-1-en-5k	123	1	xnli	en	es	refined	entailment	1670	1653	2	15	0	0.9898	1668	2	0	0	0	0
condition-1-en-5k	123	1	xnli	en	es	refined	contradiction	1670	1224	33	412	1	0.2467	1664	5	0	0	0	0
condition-1-en-5k	123	1	xnli	en	es	refined	neutral	1670	1631	0	39	0	0.0000	1670	0	0	0	0	0
condition-1-en-5k	123	1	xnli	en	ur	refined	entailment	1670	1537	17	115	1	0.9204	1668	0	0	1	0	0
condition-1-en-5k	123	1	xnli	en	ur	refined	contradiction	1670	1011	21	638	0	0.3820	1670	0	0	0	0	0
condition-1-en-5k	123	1	xnli	en	ur	refined	neutral	1670	1549	6	114	1	0.0036	1668	1	0	0	0	0
condition-1-en-5k	123	1	xnli	en	zh	refined	entailment	1670	1668	2	0	0	0.9988	1670	0	0	0	0	0
condition-1-en-5k	123	1	xnli	en	zh	refined	contradiction	1670	1660	7	3	0	0.0018	1670	0	0	0	0	0
condition-1-en-5k	123	1	xnli	en	zh	refined	neutral	1670	1670	0	0	0	0.0000	1670	0	0	0	0	0
condition-1-en-5k	123	1	xnli	es	en	refined	entailment	1670	1451	131	88	0	0.8689	1670	0	0	0	0	0
condition-1-en-5k	123	1	xnli	es	en	refined	contradiction	1670	612	292	766	0	0.4587	1670	0	0	0	0	0
condition-1-en-5k	123	1	xnli	es	en	refined	neutral	1670	1357	132	181	0	0.0790	1670	0	0	0	0	0
condition-1-en-5k	123	1	xnli	es	es	refined	entailment	1670	1536	3	131	0	0.9198	1539	131	0	0	0	0
condition-1-en-5k	123	1	xnli	es	es	refined	contradiction	1670	901	11	758	0	0.4539	912	758	0	0	0	0
condition-1-en-5k	123	1	xnli	es	es	refined	neutral	1670	1454	1	214	1	0.0006	1455	214	0	0	0	0
condition-1-en-5k	123	1	xnli	es	ur	refined	entailment	1670	1640	1	27	2	0.9820	1667	1	0	0	0	0
condition-1-en-5k	123	1	xnli	es	ur	refined	contradiction	1670	1520	10	140	0	0.0838	1669	1	0	0	0	0
condition-1-en-5k	123	1	xnli	es	ur	refined	neutral	1670	1647	0	22	1	0.0000	1668	1	0	0	0	0
condition-1-en-5k	123	1	xnli	es	zh	refined	entailment	1670	1669	1	0	0	0.9994	1670	0	0	0	0	0
condition-1-en-5k	123	1	xnli	es	zh	refined	contradiction	1670	1663	5	2	0	0.0012	1668	2	0	0	0	0
condition-1-en-5k	123	1	xnli	es	zh	refined	neutral	1670	1669	1	0	0	0.0006	1670	0	0	0	0	0
condition-1-en-5k	123	1	xnli	ur	en	refined	entailment	1670	1065	211	394	0	0.6377	1670	0	0	0	0	0
condition-1-en-5k	123	1	xnli	ur	en	refined	contradiction	1670	525	195	950	0	0.5689	1670	0	0	0	0	0
condition-1-en-5k	123	1	xnli	ur	en	refined	neutral	1670	995	177	498	0	0.1060	1670	0	0	0	0	0
condition-1-en-5k	123	1	xnli	ur	es	refined	entailment	1670	1613	0	57	0	0.9659	1666	4	0	0	0	0
condition-1-en-5k	123	1	xnli	ur	es	refined	contradiction	1670	1350	6	314	0	0.1880	1664	6	0	0	0	0
condition-1-en-5k	123	1	xnli	ur	es	refined	neutral	1670	1592	0	77	1	0.0000	1662	7	0	0	0	0
condition-1-en-5k	123	1	xnli	ur	ur	refined	entailment	1670	1652	0	13	5	0.9892	1663	2	0	0	0	0
condition-1-en-5k	123	1	xnli	ur	ur	refined	contradiction	1670	1636	7	23	4	0.0138	1665	1	0	0	0	0
condition-1-en-5k	123	1	xnli	ur	ur	refined	neutral	1670	1660	0	7	3	0.0000	1666	1	0	0	0	0
condition-1-en-5k	123	1	xnli	ur	zh	refined	entailment	1670	1665	5	0	0	0.9970	1670	0	0	0	0	0
condition-1-en-5k	123	1	xnli	ur	zh	refined	contradiction	1670	1656	13	1	0	0.0006	1669	1	0	0	0	0
condition-1-en-5k	123	1	xnli	ur	zh	refined	neutral	1670	1665	4	0	1	0.0024	1669	0	0	0	0	0
condition-1-en-5k	123	1	xnli	zh	en	refined	entailment	1670	1649	0	21	0	0.9874	1670	0	0	0	0	0
condition-1-en-5k	123	1	xnli	zh	en	refined	contradiction	1670	1286	9	375	0	0.2246	1670	0	0	0	0	0
condition-1-en-5k	123	1	xnli	zh	en	refined	neutral	1670	1631	0	39	0	0.0000	1670	0	0	0	0	0
condition-1-en-5k	123	1	xnli	zh	es	refined	entailment	1670	1670	0	0	0	1.0000	1670	0	0	0	0	0
condition-1-en-5k	123	1	xnli	zh	es	refined	contradiction	1670	1670	0	0	0	0.0000	1670	0	0	0	0	0
condition-1-en-5k	123	1	xnli	zh	es	refined	neutral	1670	1670	0	0	0	0.0000	1670	0	0	0	0	0
condition-1-en-5k	123	1	xnli	zh	ur	refined	entailment	1670	1667	0	3	0	0.9982	1670	0	0	0	0	0
condition-1-en-5k	123	1	xnli	zh	ur	refined	contradiction	1670	1643	2	25	0	0.0150	1670	0	0	0	0	0
condition-1-en-5k	123	1	xnli	zh	ur	refined	neutral	1670	1666	0	4	0	0.0000	1670	0	0	0	0	0
condition-1-en-5k	123	1	xnli	zh	zh	refined	entailment	1670	1645	0	24	1	0.9850	1645	24	0	0	0	0
condition-1-en-5k	123	1	xnli	zh	zh	refined	contradiction	1670	1651	0	19	0	0.0114	1651	19	0	0	0	0
condition-1-en-5k	123	1	xnli	zh	zh	refined	neutral	1670	1652	0	18	0	0.0000	1652	18	0	0	0	0
condition-1-en-5k	123	2	xnli	en	en	refined	entailment	1670	129	272	1266	3	0.0772	1667	0	0	0	0	0
condition-1-en-5k	123	2	xnli	en	en	refined	contradiction	1670	3	158	1508	1	0.9030	1669	0	0	0	0	0
condition-1-en-5k	123	2	xnli	en	en	refined	neutral	1670	41	175	1454	0	0.1048	1670	0	0	0	0	0
condition-1-en-5k	123	2	xnli	en	es	refined	entailment	1670	395	837	432	6	0.2365	1591	73	0	0	0	0
condition-1-en-5k	123	2	xnli	en	es	refined	contradiction	1670	72	755	843	0	0.5048	1549	121	0	0	0	0
condition-1-en-5k	123	2	xnli	en	es	refined	neutral	1670	326	724	618	2	0.4335	1572	96	0	0	0	0
condition-1-en-5k	123	2	xnli	en	ur	refined	entailment	1670	180	450	266	774	0.1078	734	0	0	162	0	0
condition-1-en-5k	123	2	xnli	en	ur	refined	contradiction	1670	134	330	650	556	0.3892	942	0	0	172	0	0
condition-1-en-5k	123	2	xnli	en	ur	refined	neutral	1670	246	383	447	594	0.2293	909	0	0	167	0	0
condition-1-en-5k	123	2	xnli	en	zh	refined	entailment	1670	1538	17	30	85	0.9210	1213	13	14	345	14	14
condition-1-en-5k	123	2	xnli	en	zh	refined	contradiction	1670	1196	17	313	144	0.1874	1097	60	13	356	13	13
condition-1-en-5k	123	2	xnli	en	zh	refined	neutral	1670	1531	10	46	83	0.0060	1244	13	11	319	11	11
condition-1-en-5k	123	2	xnli	es	en	refined	entailment	1670	144	308	1201	17	0.0862	1652	1	0	0	0	0
condition-1-en-5k	123	2	xnli	es	en	refined	contradiction	1670	32	191	1443	4	0.8641	1666	0	0	0	0	0
condition-1-en-5k	123	2	xnli	es	en	refined	neutral	1670	71	220	1369	10	0.1317	1659	1	0	0	0	0
condition-1-en-5k	123	2	xnli	es	es	refined	entailment	1670	359	197	1106	8	0.2150	556	1106	0	0	0	0
condition-1-en-5k	123	2	xnli	es	es	refined	contradiction	1670	116	115	1439	0	0.8617	231	1439	0	0	0	0
condition-1-en-5k	123	2	xnli	es	es	refined	neutral	1670	291	104	1270	5	0.0623	395	1270	0	0	0	0
condition-1-en-5k	123	2	xnli	es	ur	refined	entailment	1670	319	192	766	393	0.1910	1238	0	0	39	0	0
condition-1-en-5k	123	2	xnli	es	ur	refined	contradiction	1670	223	118	1130	199	0.6766	1425	0	0	46	0	0
condition-1-en-5k	123	2	xnli	es	ur	refined	neutral	1670	341	116	974	239	0.0695	1393	0	0	38	0	0
condition-1-en-5k	123	2	xnli	es	zh	refined	entailment	1670	1299	36	73	262	0.7778	646	51	62	649	62	62
condition-1-en-5k	123	2	xnli	es	zh	refined	contradiction	1670	855	38	461	316	0.2760	596	143	57	558	57	57
condition-1-en-5k	123	2	xnli	es	zh	refined	neutral	1670	1267	22	100	281	0.0132	653	53	51	632	51	51
condition-1-en-5k	123	2	xnli	ur	en	refined	entailment	1670	3	58	1571	38	0.0018	1632	0	0	0	0	0
condition-1-en-5k	123	2	xnli	ur	en	refined	contradiction	1670	0	32	1638	0	0.9808	1670	0	0	0	0	0
condition-1-en-5k	123	2	xnli	ur	en	refined	neutral	1670	4	32	1609	25	0.0192	1644	1	0	0	0	0
condition-1-en-5k	123	2	xnli	ur	es	refined	entailment	1670	425	209	940	96	0.2545	896	678	0	0	0	0
condition-1-en-5k	123	2	xnli	ur	es	refined	contradiction	1670	189	146	1297	38	0.7766	771	861	0	0	0	0
condition-1-en-5k	123	2	xnli	ur	es	refined	neutral	1670	420	181	1013	56	0.1084	889	725	0	0	0	0
condition-1-en-5k	123	2	xnli	ur	ur	refined	entailment	1670	1254	199	112	105	0.7509	1394	2	0	169	0	0
condition-1-en-5k	123	2	xnli	ur	ur	refined	contradiction	1670	1223	181	172	94	0.1030	1412	2	0	162	0	0
condition-1-en-5k	123	2	xnli	ur	ur	refined	neutral	1670	1308	192	74	96	0.1150	1400	2	0	172	0	0
condition-1-en-5k	123	2	xnli	ur	zh	refined	entailment	1670	1418	31	2	219	0.8491	1407	1	8	35	8	8
condition-1-en-5k	123	2	xnli	ur	zh	refined	contradiction	1670	1445	24	7	194	0.0042	1430	2	13	31	13	13
condition-1-en-5k	123	2	xnli	ur	zh	refined	neutral	1670	1471	10	0	189	0.0060	1443	1	16	21	16	16
condition-1-en-5k	123	2	xnli	zh	en	refined	entailment	1670	800	0	858	12	0.4790	1610	48	0	0	0	0
condition-1-en-5k	123	2	xnli	zh	en	refined	contradiction	1670	165	1	1501	3	0.8988	1637	30	0	0	0	0
condition-1-en-5k	123	2	xnli	zh	en	refined	neutral	1670	582	0	1083	5	0.0000	1629	36	0	0	0	0
condition-1-en-5k	123	2	xnli	zh	es	refined	entailment	1670	1614	5	32	19	0.9665	1619	32	0	0	0	0
condition-1-en-5k	123	2	xnli	zh	es	refined	contradiction	1670	1429	53	181	7	0.1084	1483	180	0	0	0	0
condition-1-en-5k	123	2	xnli	zh	es	refined	neutral	1670	1628	2	29	11	0.0012	1630	29	0	0	0	0
condition-1-en-5k	123	2	xnli	zh	ur	refined	entailment	1670	1634	11	7	18	0.9784	1643	0	0	9	0	0
condition-1-en-5k	123	2	xnli	zh	ur	refined	contradiction	1670	1611	9	40	10	0.0240	1653	0	0	7	0	0
condition-1-en-5k	123	2	xnli	zh	ur	refined	neutral	1670	1639	11	9	11	0.0066	1649	0	0	10	0	0
condition-1-en-5k	123	2	xnli	zh	zh	refined	entailment	1670	1023	26	158	463	0.6126	165	128	241	673	241	241
condition-1-en-5k	123	2	xnli	zh	zh	refined	contradiction	1670	617	15	445	593	0.2665	157	225	269	426	269	269
condition-1-en-5k	123	2	xnli	zh	zh	refined	neutral	1670	1037	6	219	408	0.0036	155	172	319	616	319	319
condition-1-en-5k	42	1	xnli	en	en	refined	entailment	1670	1487	54	128	1	0.8904	1669	0	0	0	0	0
condition-1-en-5k	42	1	xnli	en	en	refined	contradiction	1670	489	108	1073	0	0.6425	1670	0	0	0	0	0
condition-1-en-5k	42	1	xnli	en	en	refined	neutral	1670	1327	48	295	0	0.0287	1670	0	0	0	0	0
condition-1-en-5k	42	1	xnli	en	es	refined	entailment	1670	1648	1	21	0	0.9868	1669	1	0	0	0	0
condition-1-en-5k	42	1	xnli	en	es	refined	contradiction	1670	1178	35	456	1	0.2731	1666	3	0	0	0	0
condition-1-en-5k	42	1	xnli	en	es	refined	neutral	1670	1629	0	41	0	0.0000	1670	0	0	0	0	0
condition-1-en-5k	42	1	xnli	en	ur	refined	entailment	1670	1584	18	67	1	0.9485	1668	0	0	1	0	0
condition-1-en-5k	42	1	xnli	en	ur	refined	contradiction	1670	1130	23	517	0	0.3096	1670	0	0	0	0	0
condition-1-en-5k	42	1	xnli	en	ur	refined	neutral	1670	1599	6	64	1	0.0036	1669	0	0	0	0	0
condition-1-en-5k	42	1	xnli	en	zh	refined	entailment	1670	1668	2	0	0	0.9988	1670	0	0	0	0	0
condition-1-en-5k	42	1	xnli	en	zh	refined	contradiction	1670	1655	8	7	0	0.0042	1670	0	0	0	0	0
condition-1-en-5k	42	1	xnli	en	zh	refined	neutral	1670	1670	0	0	0	0.0000	1670	0	0	0	0	0
condition-1-en-5k	42	1	xnli	es	en	refined	entailment	1670	1464	120	86	0	0.8766	1670	0	0	0	0	0
condition-1-en-5k	42	1	xnli	es	en	refined	contradiction	1670	639	266	765	0	0.4581	1670	0	0	0	0	0
condition-1-en-5k	42	1	xnli	es	en	refined	neutral	1670	1385	104	181	0	0.0623	1670	0	0	0	0	0
condition-1-en-5k	42	1	xnli	es	es	refined	entailment	1670	1509	3	158	0	0.9036	1512	158	0	0	0	0
condition-1-en-5k	42	1	xnli	es	es	refined	contradiction	1670	844	13	813	0	0.4868	857	813	0	0	0	0
condition-1-en-5k	42	1	xnli	es	es	refined	neutral	1670	1423	1	245	1	0.0006	1424	245	0	0	0	0
condition-1-en-5k	42	1	xnli	es	ur	refined	entailment	1670	1642	1	25	2	0.9832	1667	1	0	0	0	0
condition-1-en-5k	42	1	xnli	es	ur	refined	contradiction	1670	1553	11	106	0	0.0635	1670	0	0	0	0	0
condition-1-en-5k	42	1	xnli	es	ur	refined	neutral	1670	1655	0	14	1	0.0000	1668	1	0	0	0	0
condition-1-en-5k	42	1	xnli	es	zh	refined	entailment	1670	1668	1	1	0	0.9988	1669	1	0	0	0	0
condition-1-en-5k	42	1	xnli	es	zh	refined	contradiction	1670	1658	7	5	0	0.0030	1665	5	0	0	0	0
condition-1-en-5k	42	1	xnli	es	zh	refined	neutral	1670	1669	1	0	0	0.0006	1670	0	0	0	0	0
condition-1-en-5k	42	1	xnli	ur	en	refined	entailment	1670	1162	168	340	0	0.6958	1670	0	0	0	0	0
condition-1-en-5k	42	1	xnli	ur	en	refined	contradiction	1670	629	163	878	0	0.5257	1670	0	0	0	0	0
condition-1-en-5k	42	1	xnli	ur	en	refined	neutral	1670	1102	138	430	0	0.0826	1670	0	0	0	0	0
condition-1-en-5k	42	1	xnli	ur	es	refined	entailment	1670	1619	0	51	0	0.9695	1669	1	0	0	0	0
condition-1-en-5k	42	1	xnli	ur	es	refined	contradiction	1670	1366	5	299	0	0.1790	1668	2	0	0	0	0
condition-1-en-5k	42	1	xnli	ur	es	refined	neutral	1670	1604	0	65	1	0.0000	1666	3	0	0	0	0
condition-1-en-5k	42	1	xnli	ur	ur	refined	entailment	1670	1653	0	12	5	0.9898	1663	2	0	0	0	0
condition-1-en-5k	42	1	xnli	ur	ur	refined	contradiction	1670	1637	9	20	4	0.0120	1665	1	0	0	0	0
condition-1-en-5k	42	1	xnli	ur	ur	refined	neutral	1670	1663	0	4	3	0.0000	1666	1	0	0	0	0
condition-1-en-5k	42	1	xnli	ur	zh	refined	entailment	1670	1659	10	1	0	0.9934	1669	1	0	0	0	0
condition-1-en-5k	42	1	xnli	ur	zh	refined	contradiction	1670	1649	19	2	0	0.0012	1668	2	0	0	0	0
condition-1-en-5k	42	1	xnli	ur	zh	refined	neutral	1670	1661	7	1	1	0.0042	1668	1	0	0	0	0
condition-1-en-5k	42	1	xnli	zh	en	refined	entailment	1670	1653	0	17	0	0.9898	1670	0	0	0	0	0
condition-1-en-5k	42	1	xnli	zh	en	refined	contradiction	1670	1319	8	343	0	0.2054	1670	0	0	0	0	0
condition-1-en-5k	42	1	xnli	zh	en	refined	neutral	1670	1638	0	32	0	0.0000	1670	0	0	0	0	0
condition-1-en-5k	42	1	xnli	zh	es	refined	entailment	1670	1670	0	0	0	1.0000	1670	0	0	0	0	0
condition-1-en-5k	42	1	xnli	zh	es	refined	contradiction	1670	1670	0	0	0	0.0000	1670	0	0	0	0	0
condition-1-en-5k	42	1	xnli	zh	es	refined	neutral	1670	1670	0	0	0	0.0000	1670	0	0	0	0	0
condition-1-en-5k	42	1	xnli	zh	ur	refined	entailment	1670	1668	0	2	0	0.9988	1670	0	0	0	0	0
condition-1-en-5k	42	1	xnli	zh	ur	refined	contradiction	1670	1647	3	20	0	0.0120	1670	0	0	0	0	0
condition-1-en-5k	42	1	xnli	zh	ur	refined	neutral	1670	1668	0	2	0	0.0000	1670	0	0	0	0	0
condition-1-en-5k	42	1	xnli	zh	zh	refined	entailment	1670	1627	0	43	0	0.9743	1627	43	0	0	0	0
condition-1-en-5k	42	1	xnli	zh	zh	refined	contradiction	1670	1628	0	42	0	0.0251	1628	42	0	0	0	0
condition-1-en-5k	42	1	xnli	zh	zh	refined	neutral	1670	1633	0	37	0	0.0000	1633	37	0	0	0	0
condition-1-en-5k	42	2	xnli	en	en	refined	entailment	1670	71	218	1378	3	0.0425	1667	0	0	0	0	0
condition-1-en-5k	42	2	xnli	en	en	refined	contradiction	1670	2	100	1567	1	0.9383	1669	0	0	0	0	0
condition-1-en-5k	42	2	xnli	en	en	refined	neutral	1670	21	110	1539	0	0.0659	1670	0	0	0	0	0
condition-1-en-5k	42	2	xnli	en	es	refined	entailment	1670	384	777	503	6	0.2299	1601	63	0	0	0	0
condition-1-en-5k	42	2	xnli	en	es	refined	contradiction	1670	66	681	922	1	0.5521	1568	101	0	0	0	0
condition-1-en-5k	42	2	xnli	en	es	refined	neutral	1670	301	638	729	2	0.3820	1583	85	0	0	0	0
condition-1-en-5k	42	2	xnli	en	ur	refined	entailment	1670	170	514	311	675	0.1018	837	0	0	158	0	0
condition-1-en-5k	42	2	xnli	en	ur	refined	contradiction	1670	130	346	748	446	0.4479	1067	0	0	157	0	0
condition-1-en-5k	42	2	xnli	en	ur	refined	neutral	1670	234	435	524	477	0.2605	1016	0	0	177	0	0
condition-1-en-5k	42	2	xnli	en	zh	refined	entailment	1670	1517	19	39	95	0.9084	1049	18	17	491	17	17
condition-1-en-5k	42	2	xnli	en	zh	refined	contradiction	1670	1047	13	442	168	0.2647	892	105	19	486	19	19
condition-1-en-5k	42	2	xnli	en	zh	refined	neutral	1670	1500	13	63	94	0.0078	1051	27	23	475	23	23
condition-1-en-5k	42	2	xnli	es	en	refined	entailment	1670	92	231	1330	17	0.0551	1652	1	0	0	0	0
condition-1-en-5k	42	2	xnli	es	en	refined	contradiction	1670	31	125	1507	7	0.9024	1663	0	0	0	0	0
condition-1-en-5k	42	2	xnli	es	en	refined	neutral	1670	54	143	1461	12	0.0856	1657	1	0	0	0	0
condition-1-en-5k	42	2	xnli	es	es	refined	entailment	1670	320	166	1176	8	0.1916	485	1177	0	0	0	0
condition-1-en-5k	42	2	xnli	es	es	refined	contradiction	1670	100	93	1477	0	0.8844	193	1477	0	0	0	0
condition-1-en-5k	42	2	xnli	es	es	refined	neutral	1670	243	91	1332	4	0.0545	334	1332	0	0	0	0
condition-1-en-5k	42	2	xnli	es	ur	refined	entailment	1670	309	206	833	322	0.1850	1306	0	0	42	0	0
condition-1-en-5k	42	2	xnli	es	ur	refined	contradiction	1670	201	112	1218	139	0.7293	1488	0	0	43	0	0
condition-1-en-5k	42	2	xnli	es	ur	refined	neutral	1670	322	122	1048	178	0.0731	1448	0	0	44	0	0
condition-1-en-5k	42	2	xnli	es	zh	refined	entailment	1670	1216	29	89	336	0.7281	444	67	66	757	66	66
condition-1-en-5k	42	2	xnli	es	zh	refined	contradiction	1670	715	25	544	386	0.3257	403	188	65	628	65	65
condition-1-en-5k	42	2	xnli	es	zh	refined	neutral	1670	1127	17	127	399	0.0102	456	84	74	657	74	74
condition-1-en-5k	42	2	xnli	ur	en	refined	entailment	1670	1	31	1623	15	0.0006	1655	0	0	0	0	0
condition-1-en-5k	42	2	xnli	ur	en	refined	contradiction	1670	0	16	1654	0	0.9904	1670	0	0	0	0	0
condition-1-en-5k	42	2	xnli	ur	en	refined	neutral	1670	4	11	1642	13	0.0066	1656	1	0	0	0	0
condition-1-en-5k	42	2	xnli	ur	es	refined	entailment	1670	443	175	977	75	0.2653	937	658	0	0	0	0
condition-1-en-5k	42	2	xnli	ur	es	refined	contradiction	1670	197	131	1313	29	0.7862	848	793	0	0	0	0
condition-1-en-5k	42	2	xnli	ur	es	refined	neutral	1670	445	139	1045	41	0.0832	953	676	0	0	0	0
condition-1-en-5k	42	2	xnli	ur	ur	refined	entailment	1670	1165	247	150	108	0.6976	1345	2	0	215	0	0
condition-1-en-5k	42	2	xnli	ur	ur	refined	contradiction	1670	1128	222	224	96	0.1341	1370	2	0	202	0	0
condition-1-en-5k	42	2	xnli	ur	ur	refined	neutral	1670	1213	251	110	96	0.1503	1341	2	0	231	0	0
condition-1-en-5k	42	2	xnli	ur	zh	refined	entailment	1670	1350	41	2	277	0.8084	1326	2	14	51	14	14
condition-1-en-5k	42	2	xnli	ur	zh	refined	contradiction	1670	1359	39	6	266	0.0036	1347	4	10	43	10	10
condition-1-en-5k	42	2	xnli	ur	zh	refined	neutral	1670	1408	21	0	241	0.0126	1367	3	18	41	18	18
condition-1-en-5k	42	2	xnli	zh	en	refined	entailment	1670	562	0	1093	15	0.3365	1589	66	0	0	0	0
condition-1-en-5k	42	2	xnli	zh	en	refined	contradiction	1670	94	0	1573	3	0.9419	1627	40	0	0	0	0
condition-1-en-5k	42	2	xnli	zh	en	refined	neutral	1670	341	0	1323	6	0.0000	1615	49	0	0	0	0
condition-1-en-5k	42	2	xnli	zh	es	refined	entailment	1670	1594	5	48	23	0.9545	1599	48	0	0	0	0
condition-1-en-5k	42	2	xnli	zh	es	refined	contradiction	1670	1363	44	252	11	0.1509	1408	251	0	0	0	0
condition-1-en-5k	42	2	xnli	zh	es	refined	neutral	1670	1608	2	45	15	0.0012	1610	45	0	0	0	0
condition-1-en-5k	42	2	xnli	zh	ur	refined	entailment	1670	1627	17	7	19	0.9743	1638	0	0	13	0	0
condition-1-en-5k	42	2	xnli	zh	ur	refined	contradiction	1670	1610	9	42	9	0.0251	1654	0	0	7	0	0
condition-1-en-5k	42	2	xnli	zh	ur	refined	neutral	1670	1635	19	8	8	0.0114	1644	0	0	18	0	0
condition-1-en-5k	42	2	xnli	zh	zh	refined	entailment	1670	1027	30	197	416	0.6150	86	168	257	743	257	257
condition-1-en-5k	42	2	xnli	zh	zh	refined	contradiction	1670	575	12	491	592	0.2940	83	289	293	413	293	293
condition-1-en-5k	42	2	xnli	zh	zh	refined	neutral	1670	1023	6	266	375	0.0036	81	218	327	669	327	327
condition-1-en-5k	456	1	xnli	en	en	refined	entailment	1670	1472	48	149	1	0.8814	1669	0	0	0	0	0
condition-1-en-5k	456	1	xnli	en	en	refined	contradiction	1670	453	95	1122	0	0.6719	1670	0	0	0	0	0
condition-1-en-5k	456	1	xnli	en	en	refined	neutral	1670	1294	39	337	0	0.0234	1670	0	0	0	0	0
condition-1-en-5k	456	1	xnli	en	es	refined	entailment	1670	1652	1	17	0	0.9892	1666	4	0	0	0	0
condition-1-en-5k	456	1	xnli	en	es	refined	contradiction	1670	1201	35	433	1	0.2593	1660	9	0	0	0	0
condition-1-en-5k	456	1	xnli	en	es	refined	neutral	1670	1631	0	39	0	0.0000	1670	0	0	0	0	0
condition-1-en-5k	456	1	xnli	en	ur	refined	entailment	1670	1578	19	71	2	0.9449	1666	1	0	1	0	0
condition-1-en-5k	456	1	xnli	en	ur	refined	contradiction	1670	1126	24	520	0	0.3114	1670	0	0	0	0	0
condition-1-en-5k	456	1	xnli	en	ur	refined	neutral	1670	1602	6	61	1	0.0036	1668	1	0	0	0	0
condition-1-en-5k	456	1	xnli	en	zh	refined	entailment	1670	1668	2	0	0	0.9988	1670	0	0	0	0	0
condition-1-en-5k	456	1	xnli	en	zh	refined	contradiction	1670	1656	8	6	0	0.0036	1669	1	0	0	0	0
condition-1-en-5k	456	1	xnli	en	zh	refined	neutral	1670	1669	0	1	0	0.0000	1669	1	0	0	0	0
condition-1-en-5k	456	1	xnli	es	en	refined	entailment	1670	1464	107	99	0	0.8766	1670	0	0	0	0	0
condition-1-en-5k	456	1	xnli	es	en	refined	contradiction	1670	620	239	811	0	0.4856	1670	0	0	0	0	0
condition-1-en-5k	456	1	xnli	es	en	refined	neutral	1670	1378	88	204	0	0.0527	1670	0	0	0	0	0
condition-1-en-5k	456	1	xnli	es	es	refined	entailment	1670	1512	3	155	0	0.9054	1515	155	0	0	0	0
condition-1-en-5k	456	1	xnli	es	es	refined	contradiction	1670	841	11	818	0	0.4898	852	818	0	0	0	0
condition-1-en-5k	456	1	xnli	es	es	refined	neutral	1670	1420	1	248	1	0.0006	1421	248	0	0	0	0
condition-1-en-5k	456	1	xnli	es	ur	refined	entailment	1670	1640	1	25	4	0.9820	1665	1	0	0	0	0
condition-1-en-5k	456	1	xnli	es	ur	refined	contradiction	1670	1543	11	116	0	0.0695	1669	1	0	0	0	0
condition-1-en-5k	456	1	xnli	es	ur	refined	neutral	1670	1650	0	19	1	0.0000	1668	1	0	0	0	0
condition-1-en-5k	456	1	xnli	es	zh	refined	entailment	1670	1668	1	1	0	0.9988	1669	1	0	0	0	0
condition-1-en-5k	456	1	xnli	es	zh	refined	contradiction	1670	1655	6	9	0	0.0054	1661	9	0	0	0	0
condition-1-en-5k	456	1	xnli	es	zh	refined	neutral	1670	1668	1	1	0	0.0006	1669	1	0	0	0	0
condition-1-en-5k	456	1	xnli	ur	en	refined	entailment	1670	1088	174	408	0	0.6515	1670	0	0	0	0	0
condition-1-en-5k	456	1	xnli	ur	en	refined	contradiction	1670	540	151	979	0	0.5862	1670	0	0	0	0	0
condition-1-en-5k	456	1	xnli	ur	en	refined	neutral	1670	1015	139	516	0	0.0832	1670	0	0	0	0	0
condition-1-en-5k	456	1	xnli	ur	es	refined	entailment	1670	1611	0	59	0	0.9647	1664	6	0	0	0	0
condition-1-en-5k	456	1	xnli	ur	es	refined	contradiction	1670	1343	6	321	0	0.1922	1663	7	0	0	0	0
condition-1-en-5k	456	1	xnli	ur	es	refined	neutral	1670	1594	0	75	1	0.0000	1662	7	0	0	0	0
condition-1-en-5k	456	1	xnli	ur	ur	refined	entailment	1670	1648	0	11	11	0.9868	1656	3	0	0	0	0
condition-1-en-5k	456	1	xnli	ur	ur	refined	contradiction	1670	1636	10	18	6	0.0108	1662	2	0	0	0	0
condition-1-en-5k	456	1	xnli	ur	ur	refined	neutral	1670	1660	0	5	5	0.0000	1662	3	0	0	0	0
condition-1-en-5k	456	1	xnli	ur	zh	refined	entailment	1670	1652	16	2	0	0.9892	1668	2	0	0	0	0
condition-1-en-5k	456	1	xnli	ur	zh	refined	contradiction	1670	1638	25	6	1	0.0036	1663	6	0	0	0	0
condition-1-en-5k	456	1	xnli	ur	zh	refined	neutral	1670	1655	11	2	2	0.0066	1666	2	0	0	0	0
condition-1-en-5k	456	1	xnli	zh	en	refined	entailment	1670	1650	0	20	0	0.9880	1670	0	0	0	0	0
condition-1-en-5k	456	1	xnli	zh	en	refined	contradiction	1670	1269	8	393	0	0.2353	1670	0	0	0	0	0
condition-1-en-5k	456	1	xnli	zh	en	refined	neutral	1670	1630	0	40	0	0.0000	1670	0	0	0	0	0
condition-1-en-5k	456	1	xnli	zh	es	refined	entailment	1670	1670	0	0	0	1.0000	1670	0	0	0	0	0
condition-1-en-5k	456	1	xnli	zh	es	refined	contradiction	1670	1670	0	0	0	0.0000	1670	0	0	0	0	0
condition-1-en-5k	456	1	xnli	zh	es	refined	neutral	1670	1670	0	0	0	0.0000	1670	0	0	0	0	0
condition-1-en-5k	456	1	xnli	zh	ur	refined	entailment	1670	1668	0	2	0	0.9988	1670	0	0	0	0	0
condition-1-en-5k	456	1	xnli	zh	ur	refined	contradiction	1670	1645	4	21	0	0.0126	1670	0	0	0	0	0
condition-1-en-5k	456	1	xnli	zh	ur	refined	neutral	1670	1667	0	3	0	0.0000	1670	0	0	0	0	0
condition-1-en-5k	456	1	xnli	zh	zh	refined	entailment	1670	1575	0	94	1	0.9431	1574	95	0	0	0	0
condition-1-en-5k	456	1	xnli	zh	zh	refined	contradiction	1670	1544	0	126	0	0.0754	1544	126	0	0	0	0
condition-1-en-5k	456	1	xnli	zh	zh	refined	neutral	1670	1586	0	84	0	0.0000	1586	84	0	0	0	0
condition-1-en-5k	456	2	xnli	en	en	refined	entailment	1670	91	331	1246	2	0.0545	1668	0	0	0	0	0
condition-1-en-5k	456	2	xnli	en	en	refined	contradiction	1670	3	172	1494	1	0.8946	1669	0	0	0	0	0
condition-1-en-5k	456	2	xnli	en	en	refined	neutral	1670	28	213	1429	0	0.1275	1670	0	0	0	0	0
condition-1-en-5k	456	2	xnli	en	es	refined	entailment	1670	390	785	489	6	0.2335	1526	138	0	0	0	0
condition-1-en-5k	456	2	xnli	en	es	refined	contradiction	1670	73	672	925	0	0.5539	1444	226	0	0	0	0
condition-1-en-5k	456	2	xnli	en	es	refined	neutral	1670	307	646	715	2	0.3868	1485	183	0	0	0	0
condition-1-en-5k	456	2	xnli	en	ur	refined	entailment	1670	135	459	271	805	0.0808	689	0	0	176	0	0
condition-1-en-5k	456	2	xnli	en	ur	refined	contradiction	1670	97	339	683	551	0.4090	924	0	0	195	0	0
condition-1-en-5k	456	2	xnli	en	ur	refined	neutral	1670	182	391	469	628	0.2341	847	0	0	195	0	0
condition-1-en-5k	456	2	xnli	en	zh	refined	entailment	1670	1438	26	43	163	0.8611	818	15	17	657	17	17
condition-1-en-5k	456	2	xnli	en	zh	refined	contradiction	1670	856	21	485	308	0.2904	659	86	25	592	25	25
condition-1-en-5k	456	2	xnli	en	zh	refined	neutral	1670	1412	15	66	177	0.0090	832	23	22	616	22	22
condition-1-en-5k	456	2	xnli	es	en	refined	entailment	1670	108	323	1222	17	0.0647	1652	1	0	0	0	0
condition-1-en-5k	456	2	xnli	es	en	refined	contradiction	1670	29	185	1454	2	0.8707	1668	0	0	0	0	0
condition-1-en-5k	456	2	xnli	es	en	refined	neutral	1670	60	220	1380	10	0.1317	1659	1	0	0	0	0
condition-1-en-5k	456	2	xnli	es	es	refined	entailment	1670	293	142	1225	10	0.1754	434	1226	0	0	0	0
condition-1-en-5k	456	2	xnli	es	es	refined	contradiction	1670	87	79	1504	0	0.9006	166	1504	0	0	0	0
condition-1-en-5k	456	2	xnli	es	es	refined	neutral	1670	224	74	1367	5	0.0443	298	1367	0	0	0	0
condition-1-en-5k	456	2	xnli	es	ur	refined	entailment	1670	273	181	807	409	0.1635	1215	0	0	46	0	0
condition-1-en-5k	456	2	xnli	es	ur	refined	contradiction	1670	172	110	1200	188	0.7186	1432	0	0	50	0	0
condition-1-en-5k	456	2	xnli	es	ur	refined	neutral	1670	285	109	1041	235	0.0653	1389	0	0	46	0	0
condition-1-en-5k	456	2	xnli	es	zh	refined	entailment	1670	1129	33	62	446	0.6760	319	38	93	774	93	93
condition-1-en-5k	456	2	xnli	es	zh	refined	contradiction	1670	595	36	494	545	0.2958	288	139	80	618	80	80
condition-1-en-5k	456	2	xnli	es	zh	refined	neutral	1670	1026	23	97	524	0.0138	316	48	82	700	82	82
condition-1-en-5k	456	2	xnli	ur	en	refined	entailment	1670	0	47	1600	23	0.0000	1647	0	0	0	0	0
condition-1-en-5k	456	2	xnli	ur	en	refined	contradiction	1670	0	25	1645	0	0.9850	1670	0	0	0	0	0
condition-1-en-5k	456	2	xnli	ur	en	refined	neutral	1670	4	21	1627	18	0.0126	1651	1	0	0	0	0
condition-1-en-5k	456	2	xnli	ur	es	refined	entailment	1670	365	150	1015	140	0.2186	723	807	0	0	0	0
condition-1-en-5k	456	2	xnli	ur	es	refined	contradiction	1670	166	107	1340	57	0.8024	641	972	0	0	0	0
condition-1-en-5k	456	2	xnli	ur	es	refined	neutral	1670	374	124	1083	89	0.0743	752	829	0	0	0	0
condition-1-en-5k	456	2	xnli	ur	ur	refined	entailment	1670	1083	299	166	122	0.6485	1294	2	0	252	0	0
condition-1-en-5k	456	2	xnli	ur	ur	refined	contradiction	1670	1048	259	262	101	0.1569	1335	2	0	232	0	0
condition-1-en-5k	456	2	xnli	ur	ur	refined	neutral	1670	1163	276	126	105	0.1653	1307	2	0	256	0	0
condition-1-en-5k	456	2	xnli	ur	zh	refined	entailment	1670	1305	43	3	319	0.7814	1263	3	22	63	22	22
condition-1-en-5k	456	2	xnli	ur	zh	refined	contradiction	1670	1307	37	8	318	0.0048	1283	4	20	45	20	20
condition-1-en-5k	456	2	xnli	ur	zh	refined	neutral	1670	1364	21	0	285	0.0126	1321	1	27	36	27	27
condition-1-en-5k	456	2	xnli	zh	en	refined	entailment	1670	647	0	1011	12	0.3874	1591	67	0	0	0	0
condition-1-en-5k	456	2	xnli	zh	en	refined	contradiction	1670	114	1	1552	3	0.9293	1631	36	0	0	0	0
condition-1-en-5k	456	2	xnli	zh	en	refined	neutral	1670	433	0	1232	5	0.0000	1614	51	0	0	0	0
condition-1-en-5k	456	2	xnli	zh	es	refined	entailment	1670	1574	5	64	27	0.9425	1579	64	0	0	0	0
condition-1-en-5k	456	2	xnli	zh	es	refined	contradiction	1670	1309	41	306	14	0.1832	1351	305	0	0	0	0
condition-1-en-5k	456	2	xnli	zh	es	refined	neutral	1670	1590	2	59	19	0.0012	1592	59	0	0	0	0
condition-1-en-5k	456	2	xnli	zh	ur	refined	entailment	1670	1611	25	11	23	0.9647	1627	0	0	20	0	0
condition-1-en-5k	456	2	xnli	zh	ur	refined	contradiction	1670	1590	15	51	14	0.0305	1643	0	0	13	0	0
condition-1-en-5k	456	2	xnli	zh	ur	refined	neutral	1670	1619	22	13	16	0.0132	1635	0	0	19	0	0
condition-1-en-5k	456	2	xnli	zh	zh	refined	entailment	1670	953	28	130	559	0.5707	55	114	243	699	243	243
condition-1-en-5k	456	2	xnli	zh	zh	refined	contradiction	1670	492	12	415	751	0.2485	60	231	237	391	237	237
condition-1-en-5k	456	2	xnli	zh	zh	refined	neutral	1670	944	7	200	519	0.0042	50	162	295	644	295	295
condition-2-es-5k	123	1	xnli	en	en	refined	entailment	1670	1526	39	104	1	0.9138	1669	0	0	0	0	0
condition-2-es-5k	123	1	xnli	en	en	refined	contradiction	1670	517	88	1065	0	0.6377	1670	0	0	0	0	0
condition-2-es-5k	123	1	xnli	en	en	refined	neutral	1670	1370	36	264	0	0.0216	1670	0	0	0	0	0
condition-2-es-5k	123	1	xnli	en	es	refined	entailment	1670	1574	11	85	0	0.9425	1670	0	0	0	0	0
condition-2-es-5k	123	1	xnli	en	es	refined	contradiction	1670	739	90	840	1	0.5030	1669	0	0	0	0	0
condition-2-es-5k	123	1	xnli	en	es	refined	neutral	1670	1482	11	177	0	0.0066	1670	0	0	0	0	0
condition-2-es-5k	123	1	xnli	es	en	refined	entailment	1670	1463	106	101	0	0.8760	1670	0	0	0	0	0
condition-2-es-5k	123	1	xnli	es	en	refined	contradiction	1670	597	239	834	0	0.4994	1670	0	0	0	0	0
condition-2-es-5k	123	1	xnli	es	en	refined	neutral	1670	1360	86	224	0	0.0515	1670	0	0	0	0	0
condition-2-es-5k	123	1	xnli	es	es	refined	entailment	1670	1468	14	188	0	0.8790	1512	158	0	0	0	0
condition-2-es-5k	123	1	xnli	es	es	refined	contradiction	1670	738	41	891	0	0.5335	1083	587	0	0	0	0
condition-2-es-5k	123	1	xnli	es	es	refined	neutral	1670	1359	6	305	0	0.0036	1425	245	0	0	0	0
condition-2-es-5k	123	1	xnli	ur	en	refined	entailment	1670	995	174	501	0	0.5958	1670	0	0	0	0	0
condition-2-es-5k	123	1	xnli	ur	en	refined	contradiction	1670	457	121	1092	0	0.6539	1670	0	0	0	0	0
condition-2-es-5k	123	1	xnli	ur	en	refined	neutral	1670	902	136	632	0	0.0814	1670	0	0	0	0	0
condition-2-es-5k	123	1	xnli	ur	es	refined	entailment	1670	1158	13	499	0	0.6934	1670	0	0	0	0	0
condition-2-es-5k	123	1	xnli	ur	es	refined	contradiction	1670	607	19	1044	0	0.6251	1670	0	0	0	0	0
condition-2-es-5k	123	1	xnli	ur	es	refined	neutral	1670	1085	5	580	0	0.0030	1670	0	0	0	0	0
condition-2-es-5k	123	1	xnli	zh	en	refined	entailment	1670	1637	1	32	0	0.9802	1670	0	0	0	0	0
condition-2-es-5k	123	1	xnli	zh	en	refined	contradiction	1670	1175	18	477	0	0.2856	1670	0	0	0	0	0
condition-2-es-5k	123	1	xnli	zh	en	refined	neutral	1670	1614	1	55	0	0.0006	1670	0	0	0	0	0
condition-2-es-5k	123	1	xnli	zh	es	refined	entailment	1670	1663	0	7	0	0.9958	1670	0	0	0	0	0
condition-2-es-5k	123	1	xnli	zh	es	refined	contradiction	1670	1572	1	97	0	0.0581	1670	0	0	0	0	0
condition-2-es-5k	123	1	xnli	zh	es	refined	neutral	1670	1662	0	8	0	0.0000	1670	0	0	0	0	0
condition-2-es-5k	123	2	xnli	en	en	refined	entailment	1670	153	285	1228	4	0.0916	1666	0	0	0	0	0
condition-2-es-5k	123	2	xnli	en	en	refined	contradiction	1670	4	202	1464	0	0.8766	1670	0	0	0	0	0
condition-2-es-5k	123	2	xnli	en	en	refined	neutral	1670	37	196	1436	1	0.1174	1669	0	0	0	0	0
condition-2-es-5k	123	2	xnli	en	es	refined	entailment	1670	308	1163	199	0	0.1844	1670	0	0	0	0	0
condition-2-es-5k	123	2	xnli	en	es	refined	contradiction	1670	35	1168	467	0	0.2796	1670	0	0	0	0	0
condition-2-es-5k	123	2	xnli	en	es	refined	neutral	1670	207	1141	322	0	0.6832	1670	0	0	0	0	0
condition-2-es-5k	123	2	xnli	es	en	refined	entailment	1670	103	275	1281	11	0.0617	1659	0	0	0	0	0
condition-2-es-5k	123	2	xnli	es	en	refined	contradiction	1670	14	153	1502	1	0.8994	1669	0	0	0	0	0
condition-2-es-5k	123	2	xnli	es	en	refined	neutral	1670	43	176	1442	9	0.1054	1660	1	0	0	0	0
condition-2-es-5k	123	2	xnli	es	es	refined	entailment	1670	284	684	699	3	0.1701	970	697	0	0	0	0
condition-2-es-5k	123	2	xnli	es	es	refined	contradiction	1670	77	515	1078	0	0.6455	602	1068	0	0	0	0
condition-2-es-5k	123	2	xnli	es	es	refined	neutral	1670	231	539	899	1	0.3228	771	898	0	0	0	0
condition-2-es-5k	123	2	xnli	ur	en	refined	entailment	1670	1	43	1608	18	0.0006	1652	0	0	0	0	0
condition-2-es-5k	123	2	xnli	ur	en	refined	contradiction	1670	0	26	1644	0	0.9844	1670	0	0	0	0	0
condition-2-es-5k	123	2	xnli	ur	en	refined	neutral	1670	1	26	1628	15	0.0156	1655	0	0	0	0	0
condition-2-es-5k	123	2	xnli	ur	es	refined	entailment	1670	283	526	861	0	0.1695	1670	0	0	0	0	0
condition-2-es-5k	123	2	xnli	ur	es	refined	contradiction	1670	90	347	1233	0	0.7383	1670	0	0	0	0	0
condition-2-es-5k	123	2	xnli	ur	es	refined	neutral	1670	228	465	974	3	0.2784	1666	1	0	0	0	0
condition-2-es-5k	123	2	xnli	zh	en	refined	entailment	1670	528	3	1134	5	0.3162	1660	5	0	0	0	0
condition-2-es-5k	123	2	xnli	zh	en	refined	contradiction	1670	72	1	1597	0	0.9563	1668	2	0	0	0	0
condition-2-es-5k	123	2	xnli	zh	en	refined	neutral	1670	286	1	1383	0	0.0006	1665	5	0	0	0	0
condition-2-es-5k	123	2	xnli	zh	es	refined	entailment	1670	1512	131	22	5	0.9054	1662	3	0	0	0	0
condition-2-es-5k	123	2	xnli	zh	es	refined	contradiction	1670	1191	283	194	2	0.1162	1649	19	0	0	0	0
condition-2-es-5k	123	2	xnli	zh	es	refined	neutral	1670	1573	77	19	1	0.0461	1666	3	0	0	0	0
condition-2-es-5k	42	1	xnli	en	en	refined	entailment	1670	1473	43	153	1	0.8820	1669	0	0	0	0	0
condition-2-es-5k	42	1	xnli	en	en	refined	contradiction	1670	442	80	1148	0	0.6874	1670	0	0	0	0	0
condition-2-es-5k	42	1	xnli	en	en	refined	neutral	1670	1283	30	357	0	0.0180	1670	0	0	0	0	0
condition-2-es-5k	42	1	xnli	en	es	refined	entailment	1670	1553	4	113	0	0.9299	1670	0	0	0	0	0
condition-2-es-5k	42	1	xnli	en	es	refined	contradiction	1670	647	30	993	0	0.5946	1670	0	0	0	0	0
condition-2-es-5k	42	1	xnli	en	es	refined	neutral	1670	1426	4	240	0	0.0024	1670	0	0	0	0	0
condition-2-es-5k	42	1	xnli	es	en	refined	entailment	1670	1402	115	153	0	0.8395	1670	0	0	0	0	0
condition-2-es-5k	42	1	xnli	es	en	refined	contradiction	1670	490	210	970	0	0.5808	1670	0	0	0	0	0
condition-2-es-5k	42	1	xnli	es	en	refined	neutral	1670	1258	99	313	0	0.0593	1670	0	0	0	0	0
condition-2-es-5k	42	1	xnli	es	es	refined	entailment	1670	1524	5	140	1	0.9126	1582	87	0	0	0	0
condition-2-es-5k	42	1	xnli	es	es	refined	contradiction	1670	785	26	859	0	0.5144	1335	335	0	0	0	0
condition-2-es-5k	42	1	xnli	es	es	refined	neutral	1670	1421	3	246	0	0.0018	1528	142	0	0	0	0
condition-2-es-5k	42	1	xnli	ur	en	refined	entailment	1670	946	187	537	0	0.5665	1670	0	0	0	0	0
condition-2-es-5k	42	1	xnli	ur	en	refined	contradiction	1670	394	131	1145	0	0.6856	1670	0	0	0	0	0
condition-2-es-5k	42	1	xnli	ur	en	refined	neutral	1670	857	148	665	0	0.0886	1670	0	0	0	0	0
condition-2-es-5k	42	1	xnli	ur	es	refined	entailment	1670	1207	3	460	0	0.7228	1670	0	0	0	0	0
condition-2-es-5k	42	1	xnli	ur	es	refined	contradiction	1670	648	10	1012	0	0.6060	1670	0	0	0	0	0
condition-2-es-5k	42	1	xnli	ur	es	refined	neutral	1670	1152	1	517	0	0.0006	1670	0	0	0	0	0
condition-2-es-5k	42	1	xnli	zh	en	refined	entailment	1670	1616	1	53	0	0.9677	1670	0	0	0	0	0
condition-2-es-5k	42	1	xnli	zh	en	refined	contradiction	1670	1088	14	568	0	0.3401	1670	0	0	0	0	0
condition-2-es-5k	42	1	xnli	zh	en	refined	neutral	1670	1596	0	74	0	0.0000	1670	0	0	0	0	0
condition-2-es-5k	42	1	xnli	zh	es	refined	entailment	1670	1657	0	13	0	0.9922	1670	0	0	0	0	0
condition-2-es-5k	42	1	xnli	zh	es	refined	contradiction	1670	1489	2	179	0	0.1072	1670	0	0	0	0	0
condition-2-es-5k	42	1	xnli	zh	es	refined	neutral	1670	1660	0	10	0	0.0000	1670	0	0	0	0	0
condition-2-es-5k	42	2	xnli	en	en	refined	entailment	1670	94	219	1355	2	0.0563	1668	0	0	0	0	0
condition-2-es-5k	42	2	xnli	en	en	refined	contradiction	1670	3	122	1544	1	0.9246	1669	0	0	0	0	0
condition-2-es-5k	42	2	xnli	en	en	refined	neutral	1670	21	128	1521	0	0.0766	1670	0	0	0	0	0
condition-2-es-5k	42	2	xnli	en	es	refined	entailment	1670	476	901	293	0	0.2850	1670	0	0	0	0	0
condition-2-es-5k	42	2	xnli	en	es	refined	contradiction	1670	51	872	747	0	0.4473	1670	0	0	0	0	0
condition-2-es-5k	42	2	xnli	en	es	refined	neutral	1670	353	844	473	0	0.5054	1670	0	0	0	0	0
condition-2-es-5k	42	2	xnli	es	en	refined	entailment	1670	70	171	1417	12	0.0419	1658	0	0	0	0	0
condition-2-es-5k	42	2	xnli	es	en	refined	contradiction	1670	11	69	1587	3	0.9503	1667	0	0	0	0	0
condition-2-es-5k	42	2	xnli	es	en	refined	neutral	1670	39	88	1534	9	0.0527	1660	1	0	0	0	0
condition-2-es-5k	42	2	xnli	es	es	refined	entailment	1670	427	635	605	3	0.2557	1064	603	0	0	0	0
condition-2-es-5k	42	2	xnli	es	es	refined	contradiction	1670	113	499	1057	1	0.6329	629	1040	0	0	0	0
condition-2-es-5k	42	2	xnli	es	es	refined	neutral	1670	359	528	781	2	0.3162	889	779	0	0	0	0
condition-2-es-5k	42	2	xnli	ur	en	refined	entailment	1670	1	37	1614	18	0.0006	1652	0	0	0	0	0
condition-2-es-5k	42	2	xnli	ur	en	refined	contradiction	1670	0	19	1651	0	0.9886	1670	0	0	0	0	0
condition-2-es-5k	42	2	xnli	ur	en	refined	neutral	1670	1	21	1634	14	0.0126	1656	0	0	0	0	0
condition-2-es-5k	42	2	xnli	ur	es	refined	entailment	1670	351	523	796	0	0.2102	1670	0	0	0	0	0
condition-2-es-5k	42	2	xnli	ur	es	refined	contradiction	1670	128	361	1181	0	0.7072	1670	0	0	0	0	0
condition-2-es-5k	42	2	xnli	ur	es	refined	neutral	1670	296	494	879	1	0.2958	1668	1	0	0	0	0
condition-2-es-5k	42	2	xnli	zh	en	refined	entailment	1670	419	1	1246	4	0.2509	1663	3	0	0	0	0
condition-2-es-5k	42	2	xnli	zh	en	refined	contradiction	1670	50	0	1620	0	0.9701	1668	2	0	0	0	0
condition-2-es-5k	42	2	xnli	zh	en	refined	neutral	1670	214	1	1455	0	0.0006	1665	5	0	0	0	0
condition-2-es-5k	42	2	xnli	zh	es	refined	entailment	1670	1563	67	32	8	0.9359	1659	3	0	0	0	0
condition-2-es-5k	42	2	xnli	zh	es	refined	contradiction	1670	1197	215	255	3	0.1527	1656	11	0	0	0	0
condition-2-es-5k	42	2	xnli	zh	es	refined	neutral	1670	1594	45	27	4	0.0269	1666	0	0	0	0	0
condition-2-es-5k	456	1	xnli	en	en	refined	entailment	1670	1514	48	107	1	0.9066	1669	0	0	0	0	0
condition-2-es-5k	456	1	xnli	en	en	refined	contradiction	1670	501	100	1069	0	0.6401	1670	0	0	0	0	0
condition-2-es-5k	456	1	xnli	en	en	refined	neutral	1670	1343	46	281	0	0.0275	1670	0	0	0	0	0
condition-2-es-5k	456	1	xnli	en	es	refined	entailment	1670	1618	7	45	0	0.9689	1670	0	0	0	0	0
condition-2-es-5k	456	1	xnli	en	es	refined	contradiction	1670	945	60	664	1	0.3976	1669	0	0	0	0	0
condition-2-es-5k	456	1	xnli	en	es	refined	neutral	1670	1563	7	100	0	0.0042	1670	0	0	0	0	0
condition-2-es-5k	456	1	xnli	es	en	refined	entailment	1670	1474	101	95	0	0.8826	1670	0	0	0	0	0
condition-2-es-5k	456	1	xnli	es	en	refined	contradiction	1670	611	231	828	0	0.4958	1670	0	0	0	0	0
condition-2-es-5k	456	1	xnli	es	en	refined	neutral	1670	1369	84	217	0	0.0503	1670	0	0	0	0	0
condition-2-es-5k	456	1	xnli	es	es	refined	entailment	1670	1593	15	62	0	0.9539	1630	40	0	0	0	0
condition-2-es-5k	456	1	xnli	es	es	refined	contradiction	1670	1037	57	576	0	0.3449	1434	236	0	0	0	0
condition-2-es-5k	456	1	xnli	es	es	refined	neutral	1670	1543	5	122	0	0.0030	1594	76	0	0	0	0
condition-2-es-5k	456	1	xnli	ur	en	refined	entailment	1670	1052	187	431	0	0.6299	1670	0	0	0	0	0
condition-2-es-5k	456	1	xnli	ur	en	refined	contradiction	1670	492	149	1029	0	0.6162	1670	0	0	0	0	0
condition-2-es-5k	456	1	xnli	ur	en	refined	neutral	1670	958	151	561	0	0.0904	1670	0	0	0	0	0
condition-2-es-5k	456	1	xnli	ur	es	refined	entailment	1670	1333	13	324	0	0.7982	1670	0	0	0	0	0
condition-2-es-5k	456	1	xnli	ur	es	refined	contradiction	1670	807	19	844	0	0.5054	1670	0	0	0	0	0
condition-2-es-5k	456	1	xnli	ur	es	refined	neutral	1670	1287	6	377	0	0.0036	1670	0	0	0	0	0
condition-2-es-5k	456	1	xnli	zh	en	refined	entailment	1670	1642	0	28	0	0.9832	1670	0	0	0	0	0
condition-2-es-5k	456	1	xnli	zh	en	refined	contradiction	1670	1187	16	467	0	0.2796	1670	0	0	0	0	0
condition-2-es-5k	456	1	xnli	zh	en	refined	neutral	1670	1613	0	57	0	0.0000	1670	0	0	0	0	0
condition-2-es-5k	456	1	xnli	zh	es	refined	entailment	1670	1664	0	6	0	0.9964	1670	0	0	0	0	0
condition-2-es-5k	456	1	xnli	zh	es	refined	contradiction	1670	1612	1	57	0	0.0341	1670	0	0	0	0	0
condition-2-es-5k	456	1	xnli	zh	es	refined	neutral	1670	1666	0	4	0	0.0000	1670	0	0	0	0	0
condition-2-es-5k	456	2	xnli	en	en	refined	entailment	1670	114	343	1210	3	0.0683	1667	0	0	0	0	0
condition-2-es-5k	456	2	xnli	en	en	refined	contradiction	1670	2	169	1499	0	0.8976	1670	0	0	0	0	0
condition-2-es-5k	456	2	xnli	en	en	refined	neutral	1670	27	220	1422	1	0.1317	1669	0	0	0	0	0
condition-2-es-5k	456	2	xnli	en	es	refined	entailment	1670	413	1108	149	0	0.2473	1670	0	0	0	0	0
condition-2-es-5k	456	2	xnli	en	es	refined	contradiction	1670	57	1226	387	0	0.2317	1670	0	0	0	0	0
condition-2-es-5k	456	2	xnli	en	es	refined	neutral	1670	310	1149	211	0	0.6880	1670	0	0	0	0	0
condition-2-es-5k	456	2	xnli	es	en	refined	entailment	1670	90	322	1246	12	0.0539	1658	0	0	0	0	0
condition-2-es-5k	456	2	xnli	es	en	refined	contradiction	1670	11	149	1509	1	0.9036	1669	0	0	0	0	0
condition-2-es-5k	456	2	xnli	es	en	refined	neutral	1670	42	204	1414	10	0.1222	1660	0	0	0	0	0
condition-2-es-5k	456	2	xnli	es	es	refined	entailment	1670	372	692	604	2	0.2228	1064	604	0	0	0	0
condition-2-es-5k	456	2	xnli	es	es	refined	contradiction	1670	106	563	1001	0	0.5994	676	994	0	0	0	0
condition-2-es-5k	456	2	xnli	es	es	refined	neutral	1670	311	513	845	1	0.3072	824	845	0	0	0	0
condition-2-es-5k	456	2	xnli	ur	en	refined	entailment	1670	0	65	1584	21	0.0000	1649	0	0	0	0	0
condition-2-es-5k	456	2	xnli	ur	en	refined	contradiction	1670	0	39	1631	0	0.9766	1670	0	0	0	0	0
condition-2-es-5k	456	2	xnli	ur	en	refined	neutral	1670	1	45	1605	19	0.0269	1651	0	0	0	0	0
condition-2-es-5k	456	2	xnli	ur	es	refined	entailment	1670	374	648	648	0	0.2240	1670	0	0	0	0	0
condition-2-es-5k	456	2	xnli	ur	es	refined	contradiction	1670	142	518	1010	0	0.6048	1670	0	0	0	0	0
condition-2-es-5k	456	2	xnli	ur	es	refined	neutral	1670	318	626	722	4	0.3749	1666	0	0	0	0	0
condition-2-es-5k	456	2	xnli	zh	en	refined	entailment	1670	454	5	1207	4	0.2719	1660	6	0	0	0	0
condition-2-es-5k	456	2	xnli	zh	en	refined	contradiction	1670	57	1	1612	0	0.9653	1668	2	0	0	0	0
condition-2-es-5k	456	2	xnli	zh	en	refined	neutral	1670	240	3	1427	0	0.0018	1665	5	0	0	0	0
condition-2-es-5k	456	2	xnli	zh	es	refined	entailment	1670	1574	67	22	7	0.9425	1658	5	0	0	0	0
condition-2-es-5k	456	2	xnli	zh	es	refined	contradiction	1670	1274	235	158	3	0.0946	1643	24	0	0	0	0
condition-2-es-5k	456	2	xnli	zh	es	refined	neutral	1670	1606	48	11	5	0.0287	1662	3	0	0	0	0
condition-2-ur-5k	123	1	xnli	en	en	refined	entailment	1670	1575	29	66	0	0.9431	1670	0	0	0	0	0
condition-2-ur-5k	123	1	xnli	en	en	refined	contradiction	1670	639	98	933	0	0.5587	1670	0	0	0	0	0
condition-2-ur-5k	123	1	xnli	en	en	refined	neutral	1670	1484	24	162	0	0.0144	1670	0	0	0	0	0
condition-2-ur-5k	123	1	xnli	en	ur	refined	entailment	1670	1664	6	0	0	0.9964	1670	0	0	0	0	0
condition-2-ur-5k	123	1	xnli	en	ur	refined	contradiction	1670	1547	69	54	0	0.0323	1670	0	0	0	0	0
condition-2-ur-5k	123	1	xnli	en	ur	refined	neutral	1670	1661	6	3	0	0.0036	1670	0	0	0	0	0
condition-2-ur-5k	123	1	xnli	es	en	refined	entailment	1670	1614	25	31	0	0.9665	1670	0	0	0	0	0
condition-2-ur-5k	123	1	xnli	es	en	refined	contradiction	1670	968	123	579	0	0.3467	1670	0	0	0	0	0
condition-2-ur-5k	123	1	xnli	es	en	refined	neutral	1670	1583	9	78	0	0.0054	1670	0	0	0	0	0
condition-2-ur-5k	123	1	xnli	es	ur	refined	entailment	1670	1668	2	0	0	0.9988	1670	0	0	0	0	0
condition-2-ur-5k	123	1	xnli	es	ur	refined	contradiction	1670	1628	20	22	0	0.0132	1670	0	0	0	0	0
condition-2-ur-5k	123	1	xnli	es	ur	refined	neutral	1670	1668	0	2	0	0.0000	1670	0	0	0	0	0
condition-2-ur-5k	123	1	xnli	ur	en	refined	entailment	1670	1627	7	36	0	0.9743	1670	0	0	0	0	0
condition-2-ur-5k	123	1	xnli	ur	en	refined	contradiction	1670	1307	39	324	0	0.1940	1670	0	0	0	0	0
condition-2-ur-5k	123	1	xnli	ur	en	refined	neutral	1670	1621	5	44	0	0.0030	1670	0	0	0	0	0
condition-2-ur-5k	123	1	xnli	ur	ur	refined	entailment	1670	1669	1	0	0	0.9994	1670	0	0	0	0	0
condition-2-ur-5k	123	1	xnli	ur	ur	refined	contradiction	1670	1657	4	9	0	0.0054	1670	0	0	0	0	0
condition-2-ur-5k	123	1	xnli	ur	ur	refined	neutral	1670	1668	1	1	0	0.0006	1670	0	0	0	0	0
condition-2-ur-5k	123	1	xnli	zh	en	refined	entailment	1670	1655	0	15	0	0.9910	1670	0	0	0	0	0
condition-2-ur-5k	123	1	xnli	zh	en	refined	contradiction	1670	1316	12	342	0	0.2048	1670	0	0	0	0	0
condition-2-ur-5k	123	1	xnli	zh	en	refined	neutral	1670	1643	1	26	0	0.0006	1670	0	0	0	0	0
condition-2-ur-5k	123	1	xnli	zh	ur	refined	entailment	1670	1670	0	0	0	1.0000	1670	0	0	0	0	0
condition-2-ur-5k	123	1	xnli	zh	ur	refined	contradiction	1670	1667	2	1	0	0.0006	1670	0	0	0	0	0
condition-2-ur-5k	123	1	xnli	zh	ur	refined	neutral	1670	1670	0	0	0	0.0000	1670	0	0	0	0	0
condition-2-ur-5k	123	2	xnli	en	en	refined	entailment	1670	531	112	1025	2	0.3180	1668	0	0	0	0	0
condition-2-ur-5k	123	2	xnli	en	en	refined	contradiction	1670	20	52	1598	0	0.9569	1670	0	0	0	0	0
condition-2-ur-5k	123	2	xnli	en	en	refined	neutral	1670	241	69	1360	0	0.0413	1670	0	0	0	0	0
condition-2-ur-5k	123	2	xnli	en	ur	refined	entailment	1670	384	573	709	4	0.2299	1666	0	0	0	0	0
condition-2-ur-5k	123	2	xnli	en	ur	refined	contradiction	1670	44	621	1005	0	0.6018	1670	0	0	0	0	0
condition-2-ur-5k	123	2	xnli	en	ur	refined	neutral	1670	175	545	950	0	0.3263	1670	0	0	0	0	0
condition-2-ur-5k	123	2	xnli	es	en	refined	entailment	1670	586	61	1021	2	0.3509	1668	0	0	0	0	0
condition-2-ur-5k	123	2	xnli	es	en	refined	contradiction	1670	61	34	1575	0	0.9431	1670	0	0	0	0	0
condition-2-ur-5k	123	2	xnli	es	en	refined	neutral	1670	310	38	1320	2	0.0228	1668	0	0	0	0	0
condition-2-ur-5k	123	2	xnli	es	ur	refined	entailment	1670	691	186	790	3	0.4138	1667	0	0	0	0	0
condition-2-ur-5k	123	2	xnli	es	ur	refined	contradiction	1670	128	261	1281	0	0.7671	1670	0	0	0	0	0
condition-2-ur-5k	123	2	xnli	es	ur	refined	neutral	1670	363	174	1133	0	0.1042	1670	0	0	0	0	0
condition-2-ur-5k	123	2	xnli	ur	en	refined	entailment	1670	141	6	1523	0	0.0844	1670	0	0	0	0	0
condition-2-ur-5k	123	2	xnli	ur	en	refined	contradiction	1670	25	4	1641	0	0.9826	1670	0	0	0	0	0
condition-2-ur-5k	123	2	xnli	ur	en	refined	neutral	1670	84	6	1579	1	0.0036	1669	0	0	0	0	0
condition-2-ur-5k	123	2	xnli	ur	ur	refined	entailment	1670	1479	65	124	2	0.8856	1668	0	0	0	0	0
condition-2-ur-5k	123	2	xnli	ur	ur	refined	contradiction	1670	1147	195	326	2	0.1952	1668	0	0	0	0	0
condition-2-ur-5k	123	2	xnli	ur	ur	refined	neutral	1670	1489	60	120	1	0.0359	1669	0	0	0	0	0
condition-2-ur-5k	123	2	xnli	zh	en	refined	entailment	1670	1144	0	526	0	0.6850	1670	0	0	0	0	0
condition-2-ur-5k	123	2	xnli	zh	en	refined	contradiction	1670	332	0	1338	0	0.8012	1670	0	0	0	0	0
condition-2-ur-5k	123	2	xnli	zh	en	refined	neutral	1670	910	0	760	0	0.0000	1670	0	0	0	0	0
condition-2-ur-5k	123	2	xnli	zh	ur	refined	entailment	1670	1435	10	223	2	0.8593	1668	0	0	0	0	0
condition-2-ur-5k	123	2	xnli	zh	ur	refined	contradiction	1670	754	47	869	0	0.5204	1670	0	0	0	0	0
condition-2-ur-5k	123	2	xnli	zh	ur	refined	neutral	1670	1296	8	366	0	0.0048	1670	0	0	0	0	0
condition-2-ur-5k	42	1	xnli	en	en	refined	entailment	1670	1470	29	171	0	0.8802	1670	0	0	0	0	0
condition-2-ur-5k	42	1	xnli	en	en	refined	contradiction	1670	397	62	1211	0	0.7251	1670	0	0	0	0	0
condition-2-ur-5k	42	1	xnli	en	en	refined	neutral	1670	1250	24	396	0	0.0144	1670	0	0	0	0	0
condition-2-ur-5k	42	1	xnli	en	ur	refined	entailment	1670	1659	6	5	0	0.9934	1670	0	0	0	0	0
condition-2-ur-5k	42	1	xnli	en	ur	refined	contradiction	1670	1389	63	218	0	0.1305	1670	0	0	0	0	0
condition-2-ur-5k	42	1	xnli	en	ur	refined	neutral	1670	1645	7	18	0	0.0042	1670	0	0	0	0	0
condition-2-ur-5k	42	1	xnli	es	en	refined	entailment	1670	1540	27	103	0	0.9222	1670	0	0	0	0	0
condition-2-ur-5k	42	1	xnli	es	en	refined	contradiction	1670	671	86	913	0	0.5467	1670	0	0	0	0	0
condition-2-ur-5k	42	1	xnli	es	en	refined	neutral	1670	1435	21	214	0	0.0126	1670	0	0	0	0	0
condition-2-ur-5k	42	1	xnli	es	ur	refined	entailment	1670	1662	4	4	0	0.9952	1670	0	0	0	0	0
condition-2-ur-5k	42	1	xnli	es	ur	refined	contradiction	1670	1515	23	132	0	0.0790	1670	0	0	0	0	0
condition-2-ur-5k	42	1	xnli	es	ur	refined	neutral	1670	1657	1	12	0	0.0006	1670	0	0	0	0	0
condition-2-ur-5k	42	1	xnli	ur	en	refined	entailment	1670	1483	14	173	0	0.8880	1670	0	0	0	0	0
condition-2-ur-5k	42	1	xnli	ur	en	refined	contradiction	1670	912	27	731	0	0.4377	1670	0	0	0	0	0
condition-2-ur-5k	42	1	xnli	ur	en	refined	neutral	1670	1429	10	231	0	0.0060	1670	0	0	0	0	0
condition-2-ur-5k	42	1	xnli	ur	ur	refined	entailment	1670	1663	1	5	1	0.9958	1669	0	0	0	0	0
condition-2-ur-5k	42	1	xnli	ur	ur	refined	contradiction	1670	1644	4	22	0	0.0132	1670	0	0	0	0	0
condition-2-ur-5k	42	1	xnli	ur	ur	refined	neutral	1670	1661	0	9	0	0.0000	1670	0	0	0	0	0
condition-2-ur-5k	42	1	xnli	zh	en	refined	entailment	1670	1624	0	46	0	0.9725	1670	0	0	0	0	0
condition-2-ur-5k	42	1	xnli	zh	en	refined	contradiction	1670	1041	8	621	0	0.3719	1670	0	0	0	0	0
condition-2-ur-5k	42	1	xnli	zh	en	refined	neutral	1670	1585	0	85	0	0.0000	1670	0	0	0	0	0
condition-2-ur-5k	42	1	xnli	zh	ur	refined	entailment	1670	1670	0	0	0	1.0000	1670	0	0	0	0	0
condition-2-ur-5k	42	1	xnli	zh	ur	refined	contradiction	1670	1658	2	10	0	0.0060	1670	0	0	0	0	0
condition-2-ur-5k	42	1	xnli	zh	ur	refined	neutral	1670	1670	0	0	0	0.0000	1670	0	0	0	0	0
condition-2-ur-5k	42	2	xnli	en	en	refined	entailment	1670	314	81	1273	2	0.1880	1668	0	0	0	0	0
condition-2-ur-5k	42	2	xnli	en	en	refined	contradiction	1670	9	28	1633	0	0.9778	1670	0	0	0	0	0
condition-2-ur-5k	42	2	xnli	en	en	refined	neutral	1670	106	50	1514	0	0.0299	1670	0	0	0	0	0
condition-2-ur-5k	42	2	xnli	en	ur	refined	entailment	1670	51	249	1359	11	0.0305	1659	0	0	0	0	0
condition-2-ur-5k	42	2	xnli	en	ur	refined	contradiction	1670	2	125	1543	0	0.9240	1670	0	0	0	0	0
condition-2-ur-5k	42	2	xnli	en	ur	refined	neutral	1670	12	139	1516	3	0.0832	1667	0	0	0	0	0
condition-2-ur-5k	42	2	xnli	es	en	refined	entailment	1670	348	49	1266	7	0.2084	1663	0	0	0	0	0
condition-2-ur-5k	42	2	xnli	es	en	refined	contradiction	1670	30	18	1621	1	0.9707	1669	0	0	0	0	0
condition-2-ur-5k	42	2	xnli	es	en	refined	neutral	1670	153	21	1494	2	0.0126	1668	0	0	0	0	0
condition-2-ur-5k	42	2	xnli	es	ur	refined	entailment	1670	107	101	1450	12	0.0641	1658	0	0	0	0	0
condition-2-ur-5k	42	2	xnli	es	ur	refined	contradiction	1670	8	72	1590	0	0.9521	1670	0	0	0	0	0
condition-2-ur-5k	42	2	xnli	es	ur	refined	neutral	1670	40	52	1576	2	0.0311	1668	0	0	0	0	0
condition-2-ur-5k	42	2	xnli	ur	en	refined	entailment	1670	28	2	1640	0	0.0168	1670	0	0	0	0	0
condition-2-ur-5k	42	2	xnli	ur	en	refined	contradiction	1670	3	1	1665	1	0.9970	1669	0	0	0	0	0
condition-2-ur-5k	42	2	xnli	ur	en	refined	neutral	1670	11	2	1657	0	0.0012	1670	0	0	0	0	0
condition-2-ur-5k	42	2	xnli	ur	ur	refined	entailment	1670	829	43	795	3	0.4964	1667	0	0	0	0	0
condition-2-ur-5k	42	2	xnli	ur	ur	refined	contradiction	1670	517	107	1043	3	0.6246	1667	0	0	0	0	0
condition-2-ur-5k	42	2	xnli	ur	ur	refined	neutral	1670	835	40	787	8	0.0240	1662	0	0	0	0	0
condition-2-ur-5k	42	2	xnli	zh	en	refined	entailment	1670	866	0	804	0	0.5186	1670	0	0	0	0	0
condition-2-ur-5k	42	2	xnli	zh	en	refined	contradiction	1670	157	0	1513	0	0.9060	1670	0	0	0	0	0
condition-2-ur-5k	42	2	xnli	zh	en	refined	neutral	1670	560	0	1110	0	0.0000	1670	0	0	0	0	0
condition-2-ur-5k	42	2	xnli	zh	ur	refined	entailment	1670	597	4	1067	2	0.3575	1668	0	0	0	0	0
condition-2-ur-5k	42	2	xnli	zh	ur	refined	contradiction	1670	148	4	1518	0	0.9090	1670	0	0	0	0	0
condition-2-ur-5k	42	2	xnli	zh	ur	refined	neutral	1670	349	2	1318	1	0.0012	1669	0	0	0	0	0
condition-2-ur-5k	456	1	xnli	en	en	refined	entailment	1670	1446	51	173	0	0.8659	1670	0	0	0	0	0
condition-2-ur-5k	456	1	xnli	en	en	refined	contradiction	1670	378	88	1204	0	0.7210	1670	0	0	0	0	0
condition-2-ur-5k	456	1	xnli	en	en	refined	neutral	1670	1213	47	410	0	0.0281	1670	0	0	0	0	0
condition-2-ur-5k	456	1	xnli	en	ur	refined	entailment	1670	1651	17	2	0	0.9886	1670	0	0	0	0	0
condition-2-ur-5k	456	1	xnli	en	ur	refined	contradiction	1670	1480	123	67	0	0.0401	1670	0	0	0	0	0
condition-2-ur-5k	456	1	xnli	en	ur	refined	neutral	1670	1656	11	3	0	0.0066	1670	0	0	0	0	0
condition-2-ur-5k	456	1	xnli	es	en	refined	entailment	1670	1516	48	106	0	0.9078	1670	0	0	0	0	0
condition-2-ur-5k	456	1	xnli	es	en	refined	contradiction	1670	640	135	895	0	0.5359	1670	0	0	0	0	0
condition-2-ur-5k	456	1	xnli	es	en	refined	neutral	1670	1420	33	217	0	0.0198	1670	0	0	0	0	0
condition-2-ur-5k	456	1	xnli	es	ur	refined	entailment	1670	1663	5	2	0	0.9958	1670	0	0	0	0	0
condition-2-ur-5k	456	1	xnli	es	ur	refined	contradiction	1670	1603	29	38	0	0.0228	1670	0	0	0	0	0
condition-2-ur-5k	456	1	xnli	es	ur	refined	neutral	1670	1665	2	3	0	0.0012	1670	0	0	0	0	0
condition-2-ur-5k	456	1	xnli	ur	en	refined	entailment	1670	1514	27	129	0	0.9066	1670	0	0	0	0	0
condition-2-ur-5k	456	1	xnli	ur	en	refined	contradiction	1670	985	61	624	0	0.3737	1670	0	0	0	0	0
condition-2-ur-5k	456	1	xnli	ur	en	refined	neutral	1670	1454	24	192	0	0.0144	1670	0	0	0	0	0
condition-2-ur-5k	456	1	xnli	ur	ur	refined	entailment	1670	1666	3	1	0	0.9976	1670	0	0	0	0	0
condition-2-ur-5k	456	1	xnli	ur	ur	refined	contradiction	1670	1632	13	25	0	0.0150	1670	0	0	0	0	0
condition-2-ur-5k	456	1	xnli	ur	ur	refined	neutral	1670	1662	3	5	0	0.0018	1670	0	0	0	0	0
condition-2-ur-5k	456	1	xnli	zh	en	refined	entailment	1670	1611	1	58	0	0.9647	1670	0	0	0	0	0
condition-2-ur-5k	456	1	xnli	zh	en	refined	contradiction	1670	1022	13	635	0	0.3802	1670	0	0	0	0	0
condition-2-ur-5k	456	1	xnli	zh	en	refined	neutral	1670	1574	1	95	0	0.0006	1670	0	0	0	0	0
condition-2-ur-5k	456	1	xnli	zh	ur	refined	entailment	1670	1670	0	0	0	1.0000	1670	0	0	0	0	0
condition-2-ur-5k	456	1	xnli	zh	ur	refined	contradiction	1670	1664	2	4	0	0.0024	1670	0	0	0	0	0
condition-2-ur-5k	456	1	xnli	zh	ur	refined	neutral	1670	1670	0	0	0	0.0000	1670	0	0	0	0	0
condition-2-ur-5k	456	2	xnli	en	en	refined	entailment	1670	203	162	1302	3	0.1216	1667	0	0	0	0	0
condition-2-ur-5k	456	2	xnli	en	en	refined	contradiction	1670	7	57	1606	0	0.9617	1670	0	0	0	0	0
condition-2-ur-5k	456	2	xnli	en	en	refined	neutral	1670	56	88	1526	0	0.0527	1670	0	0	0	0	0
condition-2-ur-5k	456	2	xnli	en	ur	refined	entailment	1670	171	853	640	6	0.1024	1664	0	0	0	0	0
condition-2-ur-5k	456	2	xnli	en	ur	refined	contradiction	1670	19	904	747	0	0.4473	1670	0	0	0	0	0
condition-2-ur-5k	456	2	xnli	en	ur	refined	neutral	1670	63	848	757	2	0.5078	1668	0	0	0	0	0
condition-2-ur-5k	456	2	xnli	es	en	refined	entailment	1670	268	85	1311	6	0.1605	1664	0	0	0	0	0
condition-2-ur-5k	456	2	xnli	es	en	refined	contradiction	1670	23	35	1612	0	0.9653	1670	0	0	0	0	0
condition-2-ur-5k	456	2	xnli	es	en	refined	neutral	1670	108	48	1509	5	0.0287	1665	0	0	0	0	0
condition-2-ur-5k	456	2	xnli	es	ur	refined	entailment	1670	312	573	782	3	0.1868	1667	0	0	0	0	0
condition-2-ur-5k	456	2	xnli	es	ur	refined	contradiction	1670	51	677	942	0	0.5641	1670	0	0	0	0	0
condition-2-ur-5k	456	2	xnli	es	ur	refined	neutral	1670	140	578	951	1	0.3461	1669	0	0	0	0	0
condition-2-ur-5k	456	2	xnli	ur	en	refined	entailment	1670	32	12	1625	1	0.0192	1669	0	0	0	0	0
condition-2-ur-5k	456	2	xnli	ur	en	refined	contradiction	1670	3	4	1662	1	0.9952	1669	0	0	0	0	0
condition-2-ur-5k	456	2	xnli	ur	en	refined	neutral	1670	11	9	1649	1	0.0054	1669	0	0	0	0	0
condition-2-ur-5k	456	2	xnli	ur	ur	refined	entailment	1670	1108	416	141	5	0.6635	1665	0	0	0	0	0
condition-2-ur-5k	456	2	xnli	ur	ur	refined	contradiction	1670	748	706	213	3	0.1275	1667	0	0	0	0	0
condition-2-ur-5k	456	2	xnli	ur	ur	refined	neutral	1670	1123	400	146	1	0.2395	1669	0	0	0	0	0
condition-2-ur-5k	456	2	xnli	zh	en	refined	entailment	1670	627	0	1043	0	0.3754	1670	0	0	0	0	0
condition-2-ur-5k	456	2	xnli	zh	en	refined	contradiction	1670	91	0	1579	0	0.9455	1670	0	0	0	0	0
condition-2-ur-5k	456	2	xnli	zh	en	refined	neutral	1670	355	1	1314	0	0.0006	1670	0	0	0	0	0
condition-2-ur-5k	456	2	xnli	zh	ur	refined	entailment	1670	1183	65	419	3	0.7084	1667	0	0	0	0	0
condition-2-ur-5k	456	2	xnli	zh	ur	refined	contradiction	1670	514	215	941	0	0.5635	1670	0	0	0	0	0
condition-2-ur-5k	456	2	xnli	zh	ur	refined	neutral	1670	972	73	625	0	0.0437	1670	0	0	0	0	0
condition-2-zh-5k	123	1	xnli	en	en	refined	entailment	1670	1575	27	68	0	0.9431	1670	0	0	0	0	0
condition-2-zh-5k	123	1	xnli	en	en	refined	contradiction	1670	695	92	883	0	0.5287	1670	0	0	0	0	0
condition-2-zh-5k	123	1	xnli	en	en	refined	neutral	1670	1495	22	153	0	0.0132	1670	0	0	0	0	0
condition-2-zh-5k	123	1	xnli	en	zh	refined	entailment	1670	1667	3	0	0	0.9982	1670	0	0	0	0	0
condition-2-zh-5k	123	1	xnli	en	zh	refined	contradiction	1670	1662	8	0	0	0.0000	1670	0	0	0	0	0
condition-2-zh-5k	123	1	xnli	en	zh	refined	neutral	1670	1670	0	0	0	0.0000	1670	0	0	0	0	0
condition-2-zh-5k	123	1	xnli	es	en	refined	entailment	1670	1591	41	38	0	0.9527	1670	0	0	0	0	0
condition-2-zh-5k	123	1	xnli	es	en	refined	contradiction	1670	948	167	555	0	0.3323	1670	0	0	0	0	0
condition-2-zh-5k	123	1	xnli	es	en	refined	neutral	1670	1560	26	84	0	0.0156	1670	0	0	0	0	0
condition-2-zh-5k	123	1	xnli	es	zh	refined	entailment	1670	1669	1	0	0	0.9994	1670	0	0	0	0	0
condition-2-zh-5k	123	1	xnli	es	zh	refined	contradiction	1670	1668	2	0	0	0.0000	1670	0	0	0	0	0
condition-2-zh-5k	123	1	xnli	es	zh	refined	neutral	1670	1670	0	0	0	0.0000	1670	0	0	0	0	0
condition-2-zh-5k	123	1	xnli	ur	en	refined	entailment	1670	1280	121	269	0	0.7665	1670	0	0	0	0	0
condition-2-zh-5k	123	1	xnli	ur	en	refined	contradiction	1670	706	137	827	0	0.4952	1670	0	0	0	0	0
condition-2-zh-5k	123	1	xnli	ur	en	refined	neutral	1670	1228	92	350	0	0.0551	1670	0	0	0	0	0
condition-2-zh-5k	123	1	xnli	ur	zh	refined	entailment	1670	1639	12	6	13	0.9814	1649	6	2	0	2	1
condition-2-zh-5k	123	1	xnli	ur	zh	refined	contradiction	1670	1631	18	17	4	0.0102	1649	17	0	0	0	0
condition-2-zh-5k	123	1	xnli	ur	zh	refined	neutral	1670	1640	7	10	13	0.0042	1647	10	0	0	0	0
condition-2-zh-5k	123	1	xnli	zh	en	refined	entailment	1670	1655	0	15	0	0.9910	1670	0	0	0	0	0
condition-2-zh-5k	123	1	xnli	zh	en	refined	contradiction	1670	1335	13	322	0	0.1928	1670	0	0	0	0	0
condition-2-zh-5k	123	1	xnli	zh	en	refined	neutral	1670	1647	0	23	0	0.0000	1670	0	0	0	0	0
condition-2-zh-5k	123	1	xnli	zh	zh	refined	entailment	1670	1663	1	6	0	0.9958	1664	6	0	0	0	0
condition-2-zh-5k	123	1	xnli	zh	zh	refined	contradiction	1670	1665	3	2	0	0.0012	1668	2	0	0	0	0
condition-2-zh-5k	123	1	xnli	zh	zh	refined	neutral	1670	1666	0	4	0	0.0000	1666	4	0	0	0	0
condition-2-zh-5k	123	2	xnli	en	en	refined	entailment	1670	284	227	1158	1	0.1701	1669	0	0	0	0	0
condition-2-zh-5k	123	2	xnli	en	en	refined	contradiction	1670	11	113	1545	1	0.9251	1669	0	0	0	0	0
condition-2-zh-5k	123	2	xnli	en	en	refined	neutral	1670	118	139	1413	0	0.0832	1670	0	0	0	0	0
condition-2-zh-5k	123	2	xnli	en	zh	refined	entailment	1670	1613	50	2	5	0.9659	1660	2	1	2	1	1
condition-2-zh-5k	123	2	xnli	en	zh	refined	contradiction	1670	1571	64	27	8	0.0162	1636	26	0	0	0	0
condition-2-zh-5k	123	2	xnli	en	zh	refined	neutral	1670	1624	37	2	7	0.0222	1661	2	0	0	0	0
condition-2-zh-5k	123	2	xnli	es	en	refined	entailment	1670	336	193	1128	13	0.2012	1657	0	0	0	0	0
condition-2-zh-5k	123	2	xnli	es	en	refined	contradiction	1670	45	99	1525	1	0.9132	1669	0	0	0	0	0
condition-2-zh-5k	123	2	xnli	es	en	refined	neutral	1670	175	135	1353	7	0.0808	1663	0	0	0	0	0
condition-2-zh-5k	123	2	xnli	es	zh	refined	entailment	1670	1613	8	17	32	0.9659	1616	17	1	4	1	1
condition-2-zh-5k	123	2	xnli	es	zh	refined	contradiction	1670	1580	12	53	25	0.0317	1590	53	0	2	0	0
condition-2-zh-5k	123	2	xnli	es	zh	refined	neutral	1670	1617	4	30	19	0.0024	1618	30	1	2	1	1
condition-2-zh-5k	123	2	xnli	ur	en	refined	entailment	1670	5	48	1613	4	0.0030	1666	0	0	0	0	0
condition-2-zh-5k	123	2	xnli	ur	en	refined	contradiction	1670	1	21	1648	0	0.9868	1670	0	0	0	0	0
condition-2-zh-5k	123	2	xnli	ur	en	refined	neutral	1670	6	26	1634	4	0.0156	1666	0	0	0	0	0
condition-2-zh-5k	123	2	xnli	ur	zh	refined	entailment	1670	1416	103	20	131	0.8479	1459	20	8	52	8	8
condition-2-zh-5k	123	2	xnli	ur	zh	refined	contradiction	1670	1290	122	58	200	0.0347	1345	58	4	63	4	4
condition-2-zh-5k	123	2	xnli	ur	zh	refined	neutral	1670	1419	95	16	140	0.0569	1459	16	10	45	10	10
condition-2-zh-5k	123	2	xnli	zh	en	refined	entailment	1670	919	3	747	1	0.5503	1668	1	0	0	0	0
condition-2-zh-5k	123	2	xnli	zh	en	refined	contradiction	1670	197	1	1472	0	0.8814	1669	1	0	0	0	0
condition-2-zh-5k	123	2	xnli	zh	en	refined	neutral	1670	683	1	985	1	0.0006	1667	2	0	0	0	0
condition-2-zh-5k	123	2	xnli	zh	zh	refined	entailment	1670	1460	5	163	42	0.8743	1442	162	18	6	18	18
condition-2-zh-5k	123	2	xnli	zh	zh	refined	contradiction	1670	1213	6	392	59	0.2347	1209	391	4	7	4	4
condition-2-zh-5k	123	2	xnli	zh	zh	refined	neutral	1670	1421	4	209	36	0.0024	1409	208	12	5	12	12
condition-2-zh-5k	42	1	xnli	en	en	refined	entailment	1670	1542	38	90	0	0.9234	1670	0	0	0	0	0
condition-2-zh-5k	42	1	xnli	en	en	refined	contradiction	1670	572	75	1023	0	0.6126	1670	0	0	0	0	0
condition-2-zh-5k	42	1	xnli	en	en	refined	neutral	1670	1410	35	225	0	0.0210	1670	0	0	0	0	0
condition-2-zh-5k	42	1	xnli	en	zh	refined	entailment	1670	1667	2	0	1	0.9982	1669	0	0	0	0	0
condition-2-zh-5k	42	1	xnli	en	zh	refined	contradiction	1670	1668	2	0	0	0.0000	1670	0	0	0	0	0
condition-2-zh-5k	42	1	xnli	en	zh	refined	neutral	1670	1670	0	0	0	0.0000	1670	0	0	0	0	0
condition-2-zh-5k	42	1	xnli	es	en	refined	entailment	1670	1571	46	53	0	0.9407	1670	0	0	0	0	0
condition-2-zh-5k	42	1	xnli	es	en	refined	contradiction	1670	816	161	693	0	0.4150	1670	0	0	0	0	0
condition-2-zh-5k	42	1	xnli	es	en	refined	neutral	1670	1519	33	118	0	0.0198	1670	0	0	0	0	0
condition-2-zh-5k	42	1	xnli	es	zh	refined	entailment	1670	1668	1	1	0	0.9988	1669	1	0	0	0	0
condition-2-zh-5k	42	1	xnli	es	zh	refined	contradiction	1670	1668	1	1	0	0.0006	1669	1	0	0	0	0
condition-2-zh-5k	42	1	xnli	es	zh	refined	neutral	1670	1668	1	1	0	0.0006	1669	1	0	0	0	0
condition-2-zh-5k	42	1	xnli	ur	en	refined	entailment	1670	1183	122	365	0	0.7084	1670	0	0	0	0	0
condition-2-zh-5k	42	1	xnli	ur	en	refined	contradiction	1670	583	102	985	0	0.5898	1670	0	0	0	0	0
condition-2-zh-5k	42	1	xnli	ur	en	refined	neutral	1670	1108	97	465	0	0.0581	1670	0	0	0	0	0
condition-2-zh-5k	42	1	xnli	ur	zh	refined	entailment	1670	1547	2	64	57	0.9263	1549	63	0	1	0	0
condition-2-zh-5k	42	1	xnli	ur	zh	refined	contradiction	1670	1474	2	146	48	0.0874	1476	146	0	0	0	0
condition-2-zh-5k	42	1	xnli	ur	zh	refined	neutral	1670	1520	1	94	55	0.0006	1521	94	0	0	0	0
condition-2-zh-5k	42	1	xnli	zh	en	refined	entailment	1670	1642	1	27	0	0.9832	1670	0	0	0	0	0
condition-2-zh-5k	42	1	xnli	zh	en	refined	contradiction	1670	1239	9	422	0	0.2527	1670	0	0	0	0	0
condition-2-zh-5k	42	1	xnli	zh	en	refined	neutral	1670	1630	0	40	0	0.0000	1670	0	0	0	0	0
condition-2-zh-5k	42	1	xnli	zh	zh	refined	entailment	1670	1616	0	50	4	0.9677	1614	52	0	0	0	0
condition-2-zh-5k	42	1	xnli	zh	zh	refined	contradiction	1670	1582	0	85	3	0.0509	1582	85	0	0	0	0
condition-2-zh-5k	42	1	xnli	zh	zh	refined	neutral	1670	1620	0	49	1	0.0000	1619	50	0	0	0	0
condition-2-zh-5k	42	2	xnli	en	en	refined	entailment	1670	141	253	1275	1	0.0844	1669	0	0	0	0	0
condition-2-zh-5k	42	2	xnli	en	en	refined	contradiction	1670	5	112	1553	0	0.9299	1670	0	0	0	0	0
condition-2-zh-5k	42	2	xnli	en	en	refined	neutral	1670	38	152	1480	0	0.0910	1670	0	0	0	0	0
condition-2-zh-5k	42	2	xnli	en	zh	refined	entailment	1670	1556	50	15	49	0.9317	1596	15	4	6	4	4
condition-2-zh-5k	42	2	xnli	en	zh	refined	contradiction	1670	1434	48	94	94	0.0563	1480	93	1	2	1	1
condition-2-zh-5k	42	2	xnli	en	zh	refined	neutral	1670	1555	32	28	55	0.0192	1584	28	3	0	3	3
condition-2-zh-5k	42	2	xnli	es	en	refined	entailment	1670	188	248	1224	10	0.1126	1660	0	0	0	0	0
condition-2-zh-5k	42	2	xnli	es	en	refined	contradiction	1670	31	103	1535	1	0.9192	1669	0	0	0	0	0
condition-2-zh-5k	42	2	xnli	es	en	refined	neutral	1670	92	156	1416	6	0.0934	1664	0	0	0	0	0
condition-2-zh-5k	42	2	xnli	es	zh	refined	entailment	1670	1505	11	68	86	0.9012	1503	68	3	10	3	3
condition-2-zh-5k	42	2	xnli	es	zh	refined	contradiction	1670	1400	5	168	97	0.1006	1401	168	1	3	1	1
condition-2-zh-5k	42	2	xnli	es	zh	refined	neutral	1670	1470	3	115	82	0.0018	1470	115	0	3	0	0
condition-2-zh-5k	42	2	xnli	ur	en	refined	entailment	1670	2	35	1629	4	0.0012	1666	0	0	0	0	0
condition-2-zh-5k	42	2	xnli	ur	en	refined	contradiction	1670	1	18	1651	0	0.9886	1670	0	0	0	0	0
condition-2-zh-5k	42	2	xnli	ur	en	refined	neutral	1670	2	22	1644	2	0.0132	1668	0	0	0	0	0
condition-2-zh-5k	42	2	xnli	ur	zh	refined	entailment	1670	980	127	91	472	0.5868	996	91	5	106	5	5
condition-2-zh-5k	42	2	xnli	ur	zh	refined	contradiction	1670	859	99	158	554	0.0946	879	158	4	75	4	4
condition-2-zh-5k	42	2	xnli	ur	zh	refined	neutral	1670	963	112	83	512	0.0671	979	83	6	90	6	6
condition-2-zh-5k	42	2	xnli	zh	en	refined	entailment	1670	653	3	1011	3	0.3910	1666	1	0	0	0	0
condition-2-zh-5k	42	2	xnli	zh	en	refined	contradiction	1670	99	0	1571	0	0.9407	1669	1	0	0	0	0
condition-2-zh-5k	42	2	xnli	zh	en	refined	neutral	1670	397	2	1270	1	0.0012	1667	2	0	0	0	0
condition-2-zh-5k	42	2	xnli	zh	zh	refined	entailment	1670	759	55	623	233	0.4545	651	622	97	67	97	97
condition-2-zh-5k	42	2	xnli	zh	zh	refined	contradiction	1670	447	21	981	221	0.5874	423	981	24	21	24	24
condition-2-zh-5k	42	2	xnli	zh	zh	refined	neutral	1670	625	22	788	235	0.0132	575	787	49	24	49	49
condition-2-zh-5k	456	1	xnli	en	en	refined	entailment	1670	1517	47	106	0	0.9084	1670	0	0	0	0	0
condition-2-zh-5k	456	1	xnli	en	en	refined	contradiction	1670	512	93	1065	0	0.6377	1670	0	0	0	0	0
condition-2-zh-5k	456	1	xnli	en	en	refined	neutral	1670	1355	40	275	0	0.0240	1670	0	0	0	0	0
condition-2-zh-5k	456	1	xnli	en	zh	refined	entailment	1670	1667	3	0	0	0.9982	1670	0	0	0	0	0
condition-2-zh-5k	456	1	xnli	en	zh	refined	contradiction	1670	1663	5	2	0	0.0012	1670	0	0	0	0	0
condition-2-zh-5k	456	1	xnli	en	zh	refined	neutral	1670	1670	0	0	0	0.0000	1670	0	0	0	0	0
condition-2-zh-5k	456	1	xnli	es	en	refined	entailment	1670	1551	57	62	0	0.9287	1670	0	0	0	0	0
condition-2-zh-5k	456	1	xnli	es	en	refined	contradiction	1670	751	185	734	0	0.4395	1670	0	0	0	0	0
condition-2-zh-5k	456	1	xnli	es	en	refined	neutral	1670	1483	45	142	0	0.0269	1670	0	0	0	0	0
condition-2-zh-5k	456	1	xnli	es	zh	refined	entailment	1670	1668	1	0	1	0.9988	1669	0	0	0	0	0
condition-2-zh-5k	456	1	xnli	es	zh	refined	contradiction	1670	1669	1	0	0	0.0000	1670	0	0	0	0	0
condition-2-zh-5k	456	1	xnli	es	zh	refined	neutral	1670	1669	1	0	0	0.0006	1670	0	0	0	0	0
condition-2-zh-5k	456	1	xnli	ur	en	refined	entailment	1670	1232	105	333	0	0.7377	1670	0	0	0	0	0
condition-2-zh-5k	456	1	xnli	ur	en	refined	contradiction	1670	634	112	924	0	0.5533	1670	0	0	0	0	0
condition-2-zh-5k	456	1	xnli	ur	en	refined	neutral	1670	1153	91	426	0	0.0545	1670	0	0	0	0	0
condition-2-zh-5k	456	1	xnli	ur	zh	refined	entailment	1670	1657	7	5	1	0.9922	1664	5	0	0	0	0
condition-2-zh-5k	456	1	xnli	ur	zh	refined	contradiction	1670	1649	10	11	0	0.0066	1659	11	0	0	0	0
condition-2-zh-5k	456	1	xnli	ur	zh	refined	neutral	1670	1656	4	7	3	0.0024	1660	7	0	0	0	0
condition-2-zh-5k	456	1	xnli	zh	en	refined	entailment	1670	1642	2	26	0	0.9832	1670	0	0	0	0	0
condition-2-zh-5k	456	1	xnli	zh	en	refined	contradiction	1670	1209	15	446	0	0.2671	1670	0	0	0	0	0
condition-2-zh-5k	456	1	xnli	zh	en	refined	neutral	1670	1620	0	50	0	0.0000	1670	0	0	0	0	0
condition-2-zh-5k	456	1	xnli	zh	zh	refined	entailment	1670	1669	0	1	0	0.9994	1669	1	0	0	0	0
condition-2-zh-5k	456	1	xnli	zh	zh	refined	contradiction	1670	1669	1	0	0	0.0000	1670	0	0	0	0	0
condition-2-zh-5k	456	1	xnli	zh	zh	refined	neutral	1670	1670	0	0	0	0.0000	1670	0	0	0	0	0
condition-2-zh-5k	456	2	xnli	en	en	refined	entailment	1670	112	256	1301	1	0.0671	1669	0	0	0	0	0
condition-2-zh-5k	456	2	xnli	en	en	refined	contradiction	1670	3	101	1566	0	0.9377	1670	0	0	0	0	0
condition-2-zh-5k	456	2	xnli	en	en	refined	neutral	1670	29	139	1502	0	0.0832	1670	0	0	0	0	0
condition-2-zh-5k	456	2	xnli	en	zh	refined	entailment	1670	1585	82	1	2	0.9491	1666	1	0	1	0	0
condition-2-zh-5k	456	2	xnli	en	zh	refined	contradiction	1670	1577	81	11	1	0.0066	1660	9	0	0	0	0
condition-2-zh-5k	456	2	xnli	en	zh	refined	neutral	1670	1605	59	3	3	0.0353	1664	3	0	0	0	0
condition-2-zh-5k	456	2	xnli	es	en	refined	entailment	1670	146	225	1289	10	0.0874	1660	0	0	0	0	0
condition-2-zh-5k	456	2	xnli	es	en	refined	contradiction	1670	22	87	1559	2	0.9335	1668	0	0	0	0	0
condition-2-zh-5k	456	2	xnli	es	en	refined	neutral	1670	72	136	1456	6	0.0814	1664	0	0	0	0	0
condition-2-zh-5k	456	2	xnli	es	zh	refined	entailment	1670	1621	9	13	27	0.9707	1629	13	0	1	0	0
condition-2-zh-5k	456	2	xnli	es	zh	refined	contradiction	1670	1616	10	23	21	0.0138	1626	23	0	0	0	0
condition-2-zh-5k	456	2	xnli	es	zh	refined	neutral	1670	1632	4	14	20	0.0024	1636	14	0	0	0	0
condition-2-zh-5k	456	2	xnli	ur	en	refined	entailment	1670	2	42	1622	4	0.0012	1666	0	0	0	0	0
condition-2-zh-5k	456	2	xnli	ur	en	refined	contradiction	1670	1	18	1651	0	0.9886	1670	0	0	0	0	0
condition-2-zh-5k	456	2	xnli	ur	en	refined	neutral	1670	2	20	1645	3	0.0120	1667	0	0	0	0	0
condition-2-zh-5k	456	2	xnli	ur	zh	refined	entailment	1670	1344	95	44	187	0.8048	1380	44	9	50	9	9
condition-2-zh-5k	456	2	xnli	ur	zh	refined	contradiction	1670	1235	103	80	252	0.0479	1285	80	4	49	4	4
condition-2-zh-5k	456	2	xnli	ur	zh	refined	neutral	1670	1370	87	31	182	0.0521	1403	31	8	46	8	8
condition-2-zh-5k	456	2	xnli	zh	en	refined	entailment	1670	501	4	1164	1	0.3000	1669	0	0	0	0	0
condition-2-zh-5k	456	2	xnli	zh	en	refined	contradiction	1670	61	1	1608	0	0.9629	1670	0	0	0	0	0
condition-2-zh-5k	456	2	xnli	zh	en	refined	neutral	1670	275	1	1394	0	0.0006	1669	1	0	0	0	0
condition-2-zh-5k	456	2	xnli	zh	zh	refined	entailment	1670	1507	4	110	49	0.9024	1502	109	4	6	4	4
condition-2-zh-5k	456	2	xnli	zh	zh	refined	contradiction	1670	1370	1	249	50	0.1491	1367	249	3	1	3	3
condition-2-zh-5k	456	2	xnli	zh	zh	refined	neutral	1670	1493	1	139	37	0.0006	1484	138	9	2	9	9
condition-5-es-5k	42	1	xnli	en	en	refined	entailment	1670	1633	15	22	0	0.9778	1670	0	0	0	0	0
condition-5-es-5k	42	1	xnli	en	en	refined	contradiction	1670	934	222	514	0	0.3078	1670	0	0	0	0	0
condition-5-es-5k	42	1	xnli	en	en	refined	neutral	1670	1602	17	51	0	0.0102	1670	0	0	0	0	0
condition-5-es-5k	42	1	xnli	en	es	refined	entailment	1670	1635	2	33	0	0.9790	1637	33	0	0	0	0
condition-5-es-5k	42	1	xnli	en	es	refined	contradiction	1670	1207	45	418	0	0.2503	1252	418	0	0	0	0
condition-5-es-5k	42	1	xnli	en	es	refined	neutral	1670	1613	2	55	0	0.0012	1615	55	0	0	0	0
condition-5-es-5k	42	1	xnli	es	en	refined	entailment	1670	1608	59	2	1	0.9629	1669	0	0	0	0	0
condition-5-es-5k	42	1	xnli	es	en	refined	contradiction	1670	1017	579	74	0	0.0443	1670	0	0	0	0	0
condition-5-es-5k	42	1	xnli	es	en	refined	neutral	1670	1603	61	6	0	0.0365	1670	0	0	0	0	0
condition-5-es-5k	42	1	xnli	es	es	refined	entailment	1670	1542	2	122	4	0.9234	1542	124	0	0	0	0
condition-5-es-5k	42	1	xnli	es	es	refined	contradiction	1670	942	27	700	1	0.4192	969	700	0	0	0	0
condition-5-es-5k	42	1	xnli	es	es	refined	neutral	1670	1479	2	188	1	0.0012	1480	189	0	0	0	0
condition-5-es-5k	42	1	xnli	ur	en	refined	entailment	1670	1438	171	61	0	0.8611	1670	0	0	0	0	0
condition-5-es-5k	42	1	xnli	ur	en	refined	contradiction	1670	991	332	346	1	0.2072	1669	0	0	0	0	0
condition-5-es-5k	42	1	xnli	ur	en	refined	neutral	1670	1437	140	91	2	0.0838	1668	0	0	0	0	0
condition-5-es-5k	42	1	xnli	ur	es	refined	entailment	1670	1484	4	181	1	0.8886	1489	180	0	0	0	0
condition-5-es-5k	42	1	xnli	ur	es	refined	contradiction	1670	1177	13	479	1	0.2868	1190	479	0	0	0	0
condition-5-es-5k	42	1	xnli	ur	es	refined	neutral	1670	1460	1	208	1	0.0006	1462	207	0	0	0	0
condition-5-es-5k	42	1	xnli	zh	en	refined	entailment	1670	1666	0	4	0	0.9976	1670	0	0	0	0	0
condition-5-es-5k	42	1	xnli	zh	en	refined	contradiction	1670	1567	3	100	0	0.0599	1670	0	0	0	0	0
condition-5-es-5k	42	1	xnli	zh	en	refined	neutral	1670	1665	0	5	0	0.0000	1670	0	0	0	0	0
condition-5-es-5k	42	1	xnli	zh	es	refined	entailment	1670	1670	0	0	0	1.0000	1670	0	0	0	0	0
condition-5-es-5k	42	1	xnli	zh	es	refined	contradiction	1670	1649	5	16	0	0.0096	1654	16	0	0	0	0
condition-5-es-5k	42	1	xnli	zh	es	refined	neutral	1670	1668	0	2	0	0.0000	1668	2	0	0	0	0
condition-5-es-5k	42	2	xnli	en	en	refined	entailment	1670	462	163	1044	1	0.2766	1669	0	0	0	0	0
condition-5-es-5k	42	2	xnli	en	en	refined	contradiction	1670	22	77	1570	1	0.9401	1669	0	0	0	0	0
condition-5-es-5k	42	2	xnli	en	en	refined	neutral	1670	252	106	1311	1	0.0635	1669	0	0	0	0	0
condition-5-es-5k	42	2	xnli	en	es	refined	entailment	1670	461	273	933	3	0.2760	734	933	0	0	0	0
condition-5-es-5k	42	2	xnli	en	es	refined	contradiction	1670	150	205	1315	0	0.7874	355	1315	0	0	0	0
condition-5-es-5k	42	2	xnli	en	es	refined	neutral	1670	384	171	1115	0	0.1024	555	1115	0	0	0	0
condition-5-es-5k	42	2	xnli	es	en	refined	entailment	1670	665	840	151	14	0.3982	1597	59	0	0	0	0
condition-5-es-5k	42	2	xnli	es	en	refined	contradiction	1670	147	1113	404	6	0.2419	1531	133	0	0	0	0
condition-5-es-5k	42	2	xnli	es	en	refined	neutral	1670	529	908	219	14	0.5437	1574	82	0	0	0	0
condition-5-es-5k	42	2	xnli	es	es	refined	entailment	1670	333	124	1201	12	0.1994	455	1203	0	0	0	0
condition-5-es-5k	42	2	xnli	es	es	refined	contradiction	1670	142	99	1426	3	0.8539	239	1428	0	0	0	0
condition-5-es-5k	42	2	xnli	es	es	refined	neutral	1670	306	66	1290	8	0.0395	370	1292	0	0	0	0
condition-5-es-5k	42	2	xnli	ur	en	refined	entailment	1670	47	125	1430	68	0.0281	1600	2	0	0	0	0
condition-5-es-5k	42	2	xnli	ur	en	refined	contradiction	1670	13	83	1557	17	0.9323	1652	1	0	0	0	0
condition-5-es-5k	42	2	xnli	ur	en	refined	neutral	1670	23	83	1494	70	0.0497	1598	2	0	0	0	0
condition-5-es-5k	42	2	xnli	ur	es	refined	entailment	1670	281	295	1059	35	0.1683	577	1058	0	0	0	0
condition-5-es-5k	42	2	xnli	ur	es	refined	contradiction	1670	177	229	1251	13	0.7491	406	1251	0	0	0	0
condition-5-es-5k	42	2	xnli	ur	es	refined	neutral	1670	293	234	1130	13	0.1401	526	1131	0	0	0	0
condition-5-es-5k	42	2	xnli	zh	en	refined	entailment	1670	1477	0	178	15	0.8844	1624	31	0	0	0	0
condition-5-es-5k	42	2	xnli	zh	en	refined	contradiction	1670	936	0	729	5	0.4365	1633	32	0	0	0	0
condition-5-es-5k	42	2	xnli	zh	en	refined	neutral	1670	1463	0	202	5	0.0000	1643	22	0	0	0	0
condition-5-es-5k	42	2	xnli	zh	es	refined	entailment	1670	1554	84	25	7	0.9305	1638	25	0	0	0	0
condition-5-es-5k	42	2	xnli	zh	es	refined	contradiction	1670	1291	183	192	4	0.1150	1474	192	0	0	0	0
condition-5-es-5k	42	2	xnli	zh	es	refined	neutral	1670	1606	32	27	5	0.0192	1638	27	0	0	0	0
condition-5-ur-5k	42	1	xnli	en	en	refined	entailment	1670	943	310	417	0	0.5647	1670	0	0	0	0	0
condition-5-ur-5k	42	1	xnli	en	en	refined	contradiction	1670	110	220	1340	0	0.8024	1670	0	0	0	0	0
condition-5-ur-5k	42	1	xnli	en	en	refined	neutral	1670	563	252	855	0	0.1509	1670	0	0	0	0	0
condition-5-ur-5k	42	1	xnli	en	ur	refined	entailment	1670	1395	271	3	1	0.8353	1669	0	0	0	0	0
condition-5-ur-5k	42	1	xnli	en	ur	refined	contradiction	1670	1126	516	28	0	0.0168	1670	0	0	0	0	0
condition-5-ur-5k	42	1	xnli	en	ur	refined	neutral	1670	1457	211	2	0	0.1263	1670	0	0	0	0	0
condition-5-ur-5k	42	1	xnli	es	en	refined	entailment	1670	1044	501	124	1	0.6251	1669	0	0	0	0	0
condition-5-ur-5k	42	1	xnli	es	en	refined	contradiction	1670	283	639	748	0	0.4479	1670	0	0	0	0	0
condition-5-ur-5k	42	1	xnli	es	en	refined	neutral	1670	840	548	282	0	0.3281	1670	0	0	0	0	0
condition-5-ur-5k	42	1	xnli	es	ur	refined	entailment	1670	1611	58	1	0	0.9647	1670	0	0	0	0	0
condition-5-ur-5k	42	1	xnli	es	ur	refined	contradiction	1670	1515	154	1	0	0.0006	1670	0	0	0	0	0
condition-5-ur-5k	42	1	xnli	es	ur	refined	neutral	1670	1636	33	1	0	0.0198	1670	0	0	0	0	0
condition-5-ur-5k	42	1	xnli	ur	en	refined	entailment	1670	601	694	372	3	0.3599	1667	0	0	0	0	0
condition-5-ur-5k	42	1	xnli	ur	en	refined	contradiction	1670	195	648	827	0	0.4952	1670	0	0	0	0	0
condition-5-ur-5k	42	1	xnli	ur	en	refined	neutral	1670	497	663	510	0	0.3970	1669	1	0	0	0	0
condition-5-ur-5k	42	1	xnli	ur	ur	refined	entailment	1670	1616	42	0	12	0.9677	1657	1	0	0	0	0
condition-5-ur-5k	42	1	xnli	ur	ur	refined	contradiction	1670	1552	108	0	10	0.0000	1659	1	0	0	0	0
condition-5-ur-5k	42	1	xnli	ur	ur	refined	neutral	1670	1640	19	0	11	0.0114	1658	1	0	0	0	0
condition-5-ur-5k	42	1	xnli	zh	en	refined	entailment	1670	1568	2	100	0	0.9389	1670	0	0	0	0	0
condition-5-ur-5k	42	1	xnli	zh	en	refined	contradiction	1670	829	8	833	0	0.4988	1670	0	0	0	0	0
condition-5-ur-5k	42	1	xnli	zh	en	refined	neutral	1670	1481	1	188	0	0.0006	1670	0	0	0	0	0
condition-5-ur-5k	42	1	xnli	zh	ur	refined	entailment	1670	1664	6	0	0	0.9964	1670	0	0	0	0	0
condition-5-ur-5k	42	1	xnli	zh	ur	refined	contradiction	1670	1647	22	1	0	0.0006	1670	0	0	0	0	0
condition-5-ur-5k	42	1	xnli	zh	ur	refined	neutral	1670	1665	5	0	0	0.0030	1670	0	0	0	0	0
condition-5-ur-5k	42	2	xnli	en	en	refined	entailment	1670	9	465	1196	0	0.0054	1670	0	0	0	0	0
condition-5-ur-5k	42	2	xnli	en	en	refined	contradiction	1670	0	326	1344	0	0.8048	1670	0	0	0	0	0
condition-5-ur-5k	42	2	xnli	en	en	refined	neutral	1670	4	353	1313	0	0.2114	1670	0	0	0	0	0
condition-5-ur-5k	42	2	xnli	en	ur	refined	entailment	1670	1611	52	6	1	0.9647	1669	0	0	0	0	0
condition-5-ur-5k	42	2	xnli	en	ur	refined	contradiction	1670	1279	248	143	0	0.0856	1670	0	0	0	0	0
condition-5-ur-5k	42	2	xnli	en	ur	refined	neutral	1670	1617	38	15	0	0.0228	1670	0	0	0	0	0
condition-5-ur-5k	42	2	xnli	es	en	refined	entailment	1670	24	1134	509	3	0.0144	1667	0	0	0	0	0
condition-5-ur-5k	42	2	xnli	es	en	refined	contradiction	1670	2	993	675	0	0.4042	1670	0	0	0	0	0
condition-5-ur-5k	42	2	xnli	es	en	refined	neutral	1670	8	1023	637	2	0.6126	1668	0	0	0	0	0
condition-5-ur-5k	42	2	xnli	es	ur	refined	entailment	1670	1660	7	2	1	0.9940	1669	0	0	0	0	0
condition-5-ur-5k	42	2	xnli	es	ur	refined	contradiction	1670	1549	92	28	1	0.0168	1669	0	0	0	0	0
condition-5-ur-5k	42	2	xnli	es	ur	refined	neutral	1670	1663	4	2	1	0.0024	1669	0	0	0	0	0
condition-5-ur-5k	42	2	xnli	ur	en	refined	entailment	1670	2	1007	594	67	0.0012	1603	0	0	0	0	0
condition-5-ur-5k	42	2	xnli	ur	en	refined	contradiction	1670	2	1041	603	24	0.3611	1645	1	0	0	0	0
condition-5-ur-5k	42	2	xnli	ur	en	refined	neutral	1670	2	1016	597	55	0.6084	1614	1	0	0	0	0
condition-5-ur-5k	42	2	xnli	ur	ur	refined	entailment	1670	1662	2	1	5	0.9952	1665	0	0	0	0	0
condition-5-ur-5k	42	2	xnli	ur	ur	refined	contradiction	1670	1645	16	4	5	0.0024	1665	0	0	0	0	0
condition-5-ur-5k	42	2	xnli	ur	ur	refined	neutral	1670	1665	1	0	4	0.0006	1666	0	0	0	0	0
condition-5-ur-5k	42	2	xnli	zh	en	refined	entailment	1670	621	1	1044	4	0.3719	1666	0	0	0	0	0
condition-5-ur-5k	42	2	xnli	zh	en	refined	contradiction	1670	136	0	1532	2	0.9174	1667	1	0	0	0	0
condition-5-ur-5k	42	2	xnli	zh	en	refined	neutral	1670	386	2	1278	4	0.0012	1665	1	0	0	0	0
condition-5-ur-5k	42	2	xnli	zh	ur	refined	entailment	1670	1670	0	0	0	1.0000	1670	0	0	0	0	0
condition-5-ur-5k	42	2	xnli	zh	ur	refined	contradiction	1670	1659	5	6	0	0.0036	1670	0	0	0	0	0
condition-5-ur-5k	42	2	xnli	zh	ur	refined	neutral	1670	1668	0	2	0	0.0000	1670	0	0	0	0	0
condition-5-zh-5k	42	1	xnli	en	en	refined	entailment	1670	1641	23	5	1	0.9826	1669	0	0	0	0	0
condition-5-zh-5k	42	1	xnli	en	en	refined	contradiction	1670	1214	256	200	0	0.1198	1670	0	0	0	0	0
condition-5-zh-5k	42	1	xnli	en	en	refined	neutral	1670	1634	28	8	0	0.0168	1670	0	0	0	0	0
condition-5-zh-5k	42	1	xnli	en	zh	refined	entailment	1670	107	0	1555	8	0.0641	0	1662	0	0	0	0
condition-5-zh-5k	42	1	xnli	en	zh	refined	contradiction	1670	0	0	1669	1	0.9994	0	1669	0	0	0	0
condition-5-zh-5k	42	1	xnli	en	zh	refined	neutral	1670	33	0	1635	2	0.0000	0	1668	0	0	0	0
condition-5-zh-5k	42	1	xnli	es	en	refined	entailment	1670	1636	31	2	1	0.9796	1669	0	0	0	0	0
condition-5-zh-5k	42	1	xnli	es	en	refined	contradiction	1670	1403	221	46	0	0.0275	1670	0	0	0	0	0
condition-5-zh-5k	42	1	xnli	es	en	refined	neutral	1670	1650	15	5	0	0.0090	1670	0	0	0	0	0
condition-5-zh-5k	42	1	xnli	es	zh	refined	entailment	1670	262	0	1399	9	0.1569	1	1659	1	0	1	1
condition-5-zh-5k	42	1	xnli	es	zh	refined	contradiction	1670	4	1	1662	3	0.9952	1	1666	0	0	0	0
condition-5-zh-5k	42	1	xnli	es	zh	refined	neutral	1670	80	0	1583	7	0.0000	0	1662	0	1	0	0
condition-5-zh-5k	42	1	xnli	ur	en	refined	entailment	1670	1528	134	8	0	0.9150	1670	0	0	0	0	0
condition-5-zh-5k	42	1	xnli	ur	en	refined	contradiction	1670	1338	253	78	1	0.0467	1669	0	0	0	0	0
condition-5-zh-5k	42	1	xnli	ur	en	refined	neutral	1670	1550	113	7	0	0.0677	1670	0	0	0	0	0
condition-5-zh-5k	42	1	xnli	ur	zh	refined	entailment	1670	400	2	860	408	0.2395	125	1118	18	1	18	17
condition-5-zh-5k	42	1	xnli	ur	zh	refined	contradiction	1670	110	1	1289	270	0.7719	63	1337	0	0	0	0
condition-5-zh-5k	42	1	xnli	ur	zh	refined	neutral	1670	283	3	991	393	0.0018	113	1152	10	2	10	8
condition-5-zh-5k	42	1	xnli	zh	en	refined	entailment	1670	1552	2	109	7	0.9293	1554	109	0	0	0	0
condition-5-zh-5k	42	1	xnli	zh	en	refined	contradiction	1670	1343	2	320	5	0.1916	1348	317	0	0	0	0
condition-5-zh-5k	42	1	xnli	zh	en	refined	neutral	1670	1550	0	118	2	0.0000	1551	117	0	0	0	0
condition-5-zh-5k	42	1	xnli	zh	zh	refined	entailment	1670	101	0	1555	14	0.0605	0	1654	1	1	1	1
condition-5-zh-5k	42	1	xnli	zh	zh	refined	contradiction	1670	1	0	1665	4	0.9970	0	1666	0	0	0	0
condition-5-zh-5k	42	1	xnli	zh	zh	refined	neutral	1670	29	0	1634	7	0.0000	0	1662	1	0	1	1
condition-5-zh-5k	42	2	xnli	en	en	refined	entailment	1670	658	523	489	0	0.3940	1670	0	0	0	0	0
condition-5-zh-5k	42	2	xnli	en	en	refined	contradiction	1670	65	283	1322	0	0.7916	1670	0	0	0	0	0
condition-5-zh-5k	42	2	xnli	en	en	refined	neutral	1670	429	446	795	0	0.2671	1670	0	0	0	0	0
condition-5-zh-5k	42	2	xnli	en	zh	refined	entailment	1670	20	1071	282	297	0.0120	3	282	1	1087	1	1
condition-5-zh-5k	42	2	xnli	en	zh	refined	contradiction	1670	12	854	572	232	0.3425	8	571	0	859	0	0
condition-5-zh-5k	42	2	xnli	en	zh	refined	neutral	1670	21	943	397	309	0.5647	5	397	0	959	0	0
condition-5-zh-5k	42	2	xnli	es	en	refined	entailment	1670	775	645	241	9	0.4641	1661	0	0	0	0	0
condition-5-zh-5k	42	2	xnli	es	en	refined	contradiction	1670	196	597	875	2	0.5240	1668	0	0	0	0	0
condition-5-zh-5k	42	2	xnli	es	en	refined	neutral	1670	634	614	416	6	0.3677	1664	0	0	0	0	0
condition-5-zh-5k	42	2	xnli	es	zh	refined	entailment	1670	7	1186	294	183	0.0042	1	294	0	1192	0	0
condition-5-zh-5k	42	2	xnli	es	zh	refined	contradiction	1670	6	970	547	147	0.3275	3	547	1	972	1	1
condition-5-zh-5k	42	2	xnli	es	zh	refined	neutral	1670	7	1123	351	189	0.6725	0	351	2	1128	2	2
condition-5-zh-5k	42	2	xnli	ur	en	refined	entailment	1670	347	360	931	32	0.2078	1637	1	0	0	0	0
condition-5-zh-5k	42	2	xnli	ur	en	refined	contradiction	1670	124	209	1320	17	0.7904	1651	2	0	0	0	0
condition-5-zh-5k	42	2	xnli	ur	en	refined	neutral	1670	292	290	1068	20	0.1737	1648	2	0	0	0	0
condition-5-zh-5k	42	2	xnli	ur	zh	refined	entailment	1670	41	777	66	786	0.0246	21	66	2	795	2	2
condition-5-zh-5k	42	2	xnli	ur	zh	refined	contradiction	1670	20	610	140	900	0.0838	17	141	1	611	1	1
condition-5-zh-5k	42	2	xnli	ur	zh	refined	neutral	1670	29	648	83	910	0.3880	27	83	0	650	0	0
condition-5-zh-5k	42	2	xnli	zh	en	refined	entailment	1670	787	0	856	27	0.4713	792	850	0	1	0	0
condition-5-zh-5k	42	2	xnli	zh	en	refined	contradiction	1670	507	0	1153	10	0.6904	579	1081	0	0	0	0
condition-5-zh-5k	42	2	xnli	zh	en	refined	neutral	1670	745	0	913	12	0.0000	752	906	0	0	0	0
condition-5-zh-5k	42	2	xnli	zh	zh	refined	entailment	1670	18	881	590	181	0.0108	2	590	8	889	8	8
condition-5-zh-5k	42	2	xnli	zh	zh	refined	contradiction	1670	3	540	1001	126	0.5994	0	1001	3	540	3	3
condition-5-zh-5k	42	2	xnli	zh	zh	refined	neutral	1670	12	724	744	190	0.4335	4	744	4	728	4	4
